"","0_SD7449_H041_pH7","100_SD7551_S153","101_SD7552_S154","102_SD7553_S155","103_SD7554_S156","104_SD7555_S157","105_SD7556_S158","106_SD7557_S159","107_SD7558_S160","108_SD7559_S161","109_SD7560_S162","10_SD7461_H054_pH7","111_SD7562_S164","112_SD7563_S165","113_SD7564_S166","114_SD7565_S167","115_SD7566_S168","116_SD7567_S169","117_SD7568_S170","119_SD7570_S172","11_SD7462_H055_pH7","120_SD7571_S173","121_SD7572_S174","122_SD7573_S175","12_SD7463_H056_pH7","13_SD7464_H057_pH7","14_SD7465_H058_pH7","16_SD7467_H061_pH6.5","17_SD7468_H062_pH6.5","18_SD7469_H063_pH6.5","19_SD7470_H065_pH6.5","1_SD7450_H042_pH7","20_SD7471_H067_pH6.5","21_SD7472_H068_pH6.5","22_SD7473_H069_pH6.5","23_SD7474_H070_pH6.5","24_SD7475_H071_pH6.5","25_SD7476_H072_pH6.5","26_SD7477_H073_pH6.5","27_SD7478_H074_pH6.5","28_SD7479_H075_pH6.5","2_SD7451_H043_pH7","30_SD7481_H077_pH6.5","31_SD7482_H078_pH6.5","32_SD7483_H079_pH6.5","33_SD7484_H080_pH6.5","34_SD7485_H081_pH6","35_SD7486_H082_pH6","36_SD7487_H085_pH6","37_SD7488_H086_pH6","38_SD7489_H087_pH6","39_SD7490_H089_pH6","3_SD7452_H044_pH7","40_SD7491_H090_pH6","41_SD7492_H091_pH6","42_SD7493_H092_pH6","43_SD7494_H093_pH6","44_SD7495_H094_pH6","45_SD7496_H095_pH6","46_SD7497_H096_pH6","47_SD7498_H097_pH6","48_SD7499_H098_pH6","49_SD7500_H099_pH6","4_SD7453_H045_pH7","50_SD7501_H100_pH6","51_SD7502_H101_pH5.5","52_SD7503_H102_pH5.5","53_SD7504_H103_pH5.5","54_SD7505_H104_pH5.5","55_SD7506_H105_pH5.5","56_SD7507_H106_pH5.5","57_SD7508_H107_pH5.5","58_SD7509_H109_pH5.5","59_SD7510_H110_pH5.5","5_SD7454_H046_pH7","60_SD7511_H111_pH5.5","61_SD7512_H113_pH5.5","62_SD7513_H114_pH5.5","63_SD7514_H115_pH5.5","64_SD7515_H116_pH5.5","65_SD7516_H117_pH5.5","66_SD7517_H119_pH5.5","67_SD7518_H120_pH5.5","68_SD7519_S121","69_SD7520_S122","6_SD7455_H048_pH7","70_SD7521_S123","71_SD7522_S124","72_SD7523_S125","73_SD7524_S126","74_SD7525_S127","75_SD7526_S128","76_SD7527_S129","77_SD7528_S130","78_SD7529_S131","79_SD7530_S132","7_SD7456_H049_pH7","80_SD7531_S133","81_SD7532_S134","82_SD7533_S135","83_SD7534_S136","84_SD7535_S137","85_SD7536_S138","86_SD7537_S139","87_SD7538_S140","88_SD7539_S141","89_SD7540_S142","8_SD7458_H051_pH7","90_SD7541_S143","91_SD7542_S144","92_SD7543_S145","93_SD7544_S146","94_SD7545_S147","95_SD7546_S148","96_SD7547_S149","97_SD7548_S150","98_SD7549_S151","99_SD7550_S152","9_SD7460_H053_pH7"
"AAAGCGCAGCGGCAACTATGGACCGTCAAAGCCGATGGTTCCGATCCAAGAAAAGTTACA",1,0,0,0,0,0,0,0,0,0,0,0,0,0,0,0,0,0,0,0,0,0,0,0,0,0,0,0,1,0,0,1,0,0,0,0,0,3,0,1,0,0,0,0,0,0,0,1,0,0,1,0,0,0,0,0,0,0,0,0,0,0,0,0,0,0,4,0,2,1,0,1,0,0,0,0,2,0,1,1,0,0,0,0,1,0,0,0,0,0,0,2,0,0,1,1,0,0,0,0,0,1,0,0,1,0,0,0,0,0,0,0,0,0,0,0,0,0,0
"AATAACAAGAGTCAATTGTTCATCGTCAATGTGGATGGCACTGGCTTACGCCAGGTTGGC",0,0,0,0,0,0,0,0,0,0,0,0,0,0,0,0,0,0,0,0,0,0,0,0,0,0,0,0,1,0,0,0,0,0,0,0,0,0,0,0,0,0,0,0,0,1,1,0,0,0,1,0,0,0,0,1,0,0,0,0,0,1,1,0,0,0,0,1,0,1,0,0,0,0,0,1,0,0,0,0,0,0,0,0,0,0,0,0,0,0,0,0,0,0,0,0,0,0,0,0,0,0,0,0,0,0,0,0,0,0,0,0,0,0,0,0,0,0,0
"ACCGGGAATACAGATATCTTTCTAATGAATGCAGATGGAAGCGACTTGACTCAACTAACT",0,1,0,0,1,0,0,0,0,0,0,2,0,0,2,1,1,1,0,0,0,0,0,0,1,1,0,2,1,1,4,2,0,2,0,0,2,0,1,2,3,1,0,3,0,2,2,0,2,0,4,2,5,0,0,0,0,1,0,1,1,4,3,2,1,1,0,0,1,0,0,1,1,0,0,0,2,1,0,1,1,1,0,0,0,0,0,0,0,0,0,1,0,0,0,0,1,0,0,0,0,0,0,1,0,0,0,0,0,0,1,0,0,0,0,0,0,0,0
"ACGGGACAACGTCAATTGTATGTTATGGATAAAGATGGATCGAATGTTCGACAAATAACA",1,0,0,0,0,0,0,0,0,0,0,0,0,0,3,1,0,0,1,0,1,0,0,0,0,0,2,1,2,1,1,0,0,0,1,0,0,1,2,2,0,0,1,2,1,0,0,0,0,1,0,0,0,1,1,1,0,0,2,0,1,1,0,3,0,0,2,0,0,2,0,0,0,0,0,3,0,4,1,2,0,1,0,1,0,2,1,0,0,0,0,0,0,0,0,0,0,1,0,0,0,1,0,0,0,0,0,0,0,1,1,0,1,0,1,0,0,0,1
"AGCAATGGAGCGAGAATCTGGCGGCTCAATGCGGATGGCTCGGGGGAAAAGCAGCTCACG",0,0,1,1,0,0,0,0,1,0,1,0,0,0,0,0,0,2,0,1,0,0,0,4,0,0,0,0,0,0,0,0,0,0,0,1,0,0,1,1,0,0,0,0,1,1,0,0,1,0,1,0,3,1,1,1,0,0,0,0,0,0,2,0,0,2,0,1,0,0,0,0,0,0,0,0,0,0,0,0,0,0,0,0,0,0,0,3,1,0,0,1,1,0,1,0,0,0,0,0,1,1,3,0,1,0,0,1,0,0,1,0,0,0,0,1,1,0,0
"AGCGGCACCAAGGAAATTTGGGAAATGGATTACGATGGCGCGAGCCAGCACCAGTTGACG",6,5,14,9,6,14,15,25,27,23,24,3,19,22,6,8,12,12,21,19,6,17,23,7,3,4,9,6,2,2,3,6,2,8,10,4,5,4,3,7,2,6,9,4,4,8,3,8,7,8,8,6,3,6,6,5,13,3,5,4,9,8,1,3,5,4,4,9,11,5,4,10,8,9,6,5,8,5,8,5,8,11,8,10,9,1,13,8,13,15,16,10,17,13,12,12,13,8,12,14,12,9,15,14,9,23,21,6,23,11,15,18,13,12,19,24,15,14,1
"AGCGGTAAGCGCCAAATCTGGACGATCAAGCCGGATGACAGTGGGATGGAAAGACGTACG",0,0,0,0,0,0,0,0,0,0,0,1,0,0,0,0,0,0,0,0,0,0,0,0,0,0,1,0,0,1,0,1,1,0,0,1,1,0,0,3,0,2,0,0,0,0,0,0,0,2,0,0,0,2,0,0,1,1,0,0,0,2,0,1,0,2,0,0,1,0,1,0,0,0,1,1,0,0,0,1,1,0,0,1,0,0,1,0,1,0,0,0,2,0,0,0,0,0,0,0,0,0,1,0,0,0,0,0,0,1,0,0,0,0,0,0,0,0,0
"AGCGGTTCATTGCAGATTTGGAGCATGCTGGCGGACGGCAGCGAAGCGCGCCAGCTAACT",2,5,13,17,14,19,17,10,17,7,15,4,14,9,6,14,11,12,14,17,3,17,19,23,7,1,10,5,6,10,12,5,5,4,3,3,4,10,9,3,8,5,7,3,6,5,10,9,5,2,9,7,2,10,5,9,4,6,2,11,10,2,10,1,6,5,11,12,11,9,14,15,8,6,4,7,4,10,4,12,19,12,14,9,13,1,8,9,10,10,13,15,12,14,10,11,6,6,12,14,12,12,12,11,10,15,19,7,15,6,4,12,19,18,18,8,22,15,8
"AGCTCCCATTATAGAATCTGGGTCATGAACATCGACGGATCCGGACTCAGGCAACTTACC",3,9,5,2,2,1,1,8,0,3,3,7,2,3,7,4,1,2,1,0,6,0,1,2,3,7,4,3,4,3,2,6,3,4,4,5,8,1,8,0,9,3,6,7,4,4,1,6,5,5,5,5,3,2,3,3,2,4,8,1,4,2,5,12,3,8,1,1,1,1,3,3,6,1,3,3,5,3,5,7,0,2,3,3,4,1,5,1,6,6,2,3,1,4,6,5,3,5,1,2,5,4,7,2,0,4,1,4,1,5,9,0,3,7,2,5,4,4,4
"AGTCATGGCTACCAAATTTTCGTGATGGACGCGGATGGCGCCAATGTGCGTCTCATCGCT",0,1,0,0,3,0,0,0,0,0,0,1,0,0,0,0,0,0,0,0,1,1,0,0,0,0,0,1,0,0,0,0,1,0,0,0,0,0,0,0,0,2,0,0,0,0,0,0,0,0,0,0,0,1,0,0,0,0,0,1,0,0,0,1,0,0,0,1,0,0,0,1,0,0,0,1,0,1,0,1,0,1,0,0,1,0,1,1,0,0,0,1,0,0,0,0,0,0,0,0,0,0,0,0,0,0,0,1,0,1,0,1,0,0,1,0,0,0,0
"AGTGGCAGCCGACAGATCTGGCGGATGAGACTTGACGGAGAAGATCTTCAACAGCTCACG",5,2,0,1,0,0,0,0,0,0,0,1,0,1,3,1,0,2,0,0,1,2,0,0,1,0,2,1,0,0,0,1,1,1,0,0,2,2,3,3,0,6,2,1,2,2,3,0,2,0,0,1,1,2,4,0,5,1,5,1,3,2,0,2,3,0,0,2,0,3,0,0,2,0,2,0,0,3,2,0,0,1,0,0,0,1,0,0,0,0,0,0,0,0,0,0,1,3,0,1,0,0,0,1,2,0,0,1,0,1,0,0,0,1,0,0,1,0,7
"CAAGATTCCTGGCAGATATGGGAAACCTCACTGGACGGCGGAGACGCCAAGCGAATTACG",0,0,0,0,0,0,0,0,0,0,0,0,0,0,0,0,0,0,0,0,0,0,0,0,0,0,0,0,0,0,0,0,0,0,0,0,0,0,0,0,0,0,0,0,0,0,0,0,0,1,0,0,0,0,0,0,0,0,0,0,0,0,0,0,0,1,0,1,0,0,0,1,0,2,0,1,0,0,0,0,1,0,0,0,0,0,0,0,0,2,0,0,0,1,0,0,0,0,1,0,0,0,0,0,0,0,0,0,0,0,0,0,0,0,0,0,0,0,0
"CAAGGCAACACCAGCATTTACGAGATTGGCGTCGATGGAAAAAATCTGCGTCGCGTGACC",0,0,1,0,0,0,0,0,0,0,0,1,0,0,1,0,0,0,0,0,1,0,0,0,0,0,0,1,0,0,1,0,0,0,1,0,1,0,1,1,0,1,0,0,1,0,0,0,0,0,0,0,1,0,0,0,1,1,0,0,0,0,0,0,0,0,1,0,0,0,0,0,0,0,2,0,0,0,0,1,0,0,0,0,0,2,1,0,0,0,0,0,0,0,0,0,0,0,0,0,0,0,0,1,0,0,0,0,0,0,1,0,0,1,0,0,0,0,0
"CAGGCGTGCGATCAAATTTATACTATGAACATCGACGGTTCGGGCGTCCGAATGGTCTCG",0,2,0,0,0,1,0,0,0,0,0,0,0,0,3,1,0,2,0,0,3,0,0,0,5,0,0,6,2,1,0,1,2,0,0,0,0,1,0,0,1,1,0,4,0,0,0,1,1,1,0,3,1,0,2,3,3,2,2,3,1,3,1,0,1,1,0,4,0,0,0,2,0,0,3,1,0,0,1,0,0,0,0,0,0,1,0,2,0,0,0,0,0,0,0,0,2,0,0,0,0,0,1,0,0,0,0,0,0,3,0,0,0,1,0,0,0,0,1
"CCCGGCCGATTTCGCCTCTATGAGATAGCCACGGACGGCAGTGGTTTGCGGCAACTCACG",0,1,0,0,1,0,0,0,0,0,1,0,0,0,0,0,0,0,0,0,0,0,0,1,0,1,0,2,1,0,1,3,2,2,0,0,1,0,3,1,2,0,0,0,0,1,1,0,3,1,1,0,1,1,1,2,0,2,0,0,0,3,0,0,1,2,1,0,1,1,1,2,0,1,0,0,3,1,0,0,1,0,0,2,1,2,1,0,0,0,1,1,0,0,0,0,1,0,0,0,2,0,0,1,0,0,0,1,0,0,0,0,0,0,0,0,0,0,0
"GAAGGACGCCCACAGATCTTCATCGCCGGCATCGAGGGCAGCGGGGTGCGCCAGCTGACA",2,0,1,0,0,0,0,0,0,0,0,1,0,2,2,1,4,0,0,0,1,0,0,0,1,0,4,1,1,1,3,0,2,0,0,1,1,3,1,1,2,2,1,1,1,1,0,0,0,2,0,3,1,2,2,1,2,0,0,0,0,3,4,0,3,0,0,1,1,3,3,1,0,0,1,1,1,0,0,1,1,1,0,1,0,3,2,0,0,0,0,0,1,0,0,0,3,1,0,1,0,0,0,0,0,0,0,1,1,0,1,1,0,0,0,0,1,0,2
"GACAGCGCGTGGCGGATCTGGACGGTGGACGCCGACGGGAGCCGGCTCGCGCCGCTCACG",3,0,1,2,4,3,2,0,2,3,0,5,1,1,2,1,2,2,0,3,6,0,0,1,6,2,1,1,4,2,2,3,2,5,2,3,3,2,6,2,1,0,3,2,3,4,2,2,0,2,2,0,4,3,3,1,3,3,4,3,1,1,1,2,3,5,2,1,1,3,1,0,1,2,5,4,3,0,3,0,2,2,2,2,0,4,0,1,0,1,1,0,0,0,1,2,5,1,3,0,2,5,0,2,0,1,0,5,0,1,0,0,2,0,5,0,0,4,4
"GACAGCTCATGGAGAATTTACCAGATAAATTCCGACGGCACCGGCTTTAAAAAAATTACA",0,0,0,0,0,0,0,0,0,0,0,0,0,0,0,1,0,0,0,0,0,0,0,0,0,0,0,0,0,0,1,0,0,0,0,0,1,0,0,0,0,0,0,0,0,0,0,0,0,0,0,0,0,0,0,0,0,0,1,0,0,0,0,0,0,0,0,0,0,0,0,0,0,1,0,0,0,0,0,0,0,0,0,0,0,0,0,0,0,0,0,0,0,0,0,0,0,1,0,0,0,0,0,0,0,0,0,0,0,0,0,0,0,0,0,0,0,0,0
"GACGGAGGGTTTGATCTATACAGCATGAAGCTCGACGGAACTGGATTAGTTCGCTTGACT",0,0,0,0,0,0,0,0,0,0,0,0,0,0,0,0,0,0,0,0,0,0,0,0,0,0,0,0,0,0,0,1,0,0,0,0,0,0,0,0,0,0,0,1,0,0,0,0,0,0,0,0,0,0,0,0,1,0,0,0,0,0,0,0,0,0,0,0,0,0,0,1,0,0,0,0,2,0,0,0,0,0,0,0,0,1,0,0,0,0,0,0,0,0,0,0,0,0,0,0,0,0,0,0,0,0,0,0,0,0,0,0,0,0,0,0,0,0,0
"GACGGCGGCACACAGCTTTGGCTGCGATCCCTCGACTCGTCAGGGTTCCGGTCGCTCGCC",0,0,0,0,0,0,0,0,0,0,0,1,0,0,0,0,0,0,0,0,0,0,0,0,0,0,0,0,0,0,0,0,0,0,0,0,0,0,0,0,0,0,0,0,0,0,0,0,0,0,0,0,0,0,0,0,0,0,0,0,0,0,0,0,0,0,0,0,0,0,0,0,0,0,0,0,0,0,0,0,0,0,0,0,0,0,0,0,0,0,0,0,0,0,0,0,0,0,0,0,0,0,0,0,0,0,0,0,0,0,0,0,0,0,0,0,0,0,0
"GAGGGAAACTTCAAGATCTTCGTGATGAATGCGGACGGGTCGAATCTCACAAGGCTGACA",7,5,5,8,4,4,7,5,0,5,3,14,3,4,10,5,8,3,5,3,14,4,4,7,9,11,6,8,8,5,10,6,12,6,9,13,14,7,4,10,10,8,7,10,13,3,15,7,8,7,7,11,9,11,8,11,6,13,5,8,3,3,8,10,9,5,4,6,7,8,7,3,9,7,9,4,8,3,3,4,4,3,6,10,5,12,6,8,2,6,1,8,5,2,6,7,7,6,6,6,2,3,3,4,6,1,3,10,4,9,5,6,2,2,1,3,0,4,10
"GCCGGCGGCGACAATATCTGGGTGATGAACACGGACGGCAGCGCCCCGCGCGCCGTGAGC",8,10,5,4,3,2,0,1,0,3,0,4,1,1,1,2,2,5,3,3,5,0,2,0,7,11,4,4,8,14,7,8,8,9,9,6,3,11,4,8,4,10,8,4,5,7,4,6,4,4,2,6,7,4,5,2,2,2,3,5,6,7,10,8,5,2,4,3,1,2,5,2,3,8,4,4,4,5,7,1,6,2,7,3,5,5,2,3,3,1,2,0,4,2,2,2,3,3,4,2,4,2,0,2,4,2,3,2,2,5,1,7,2,0,0,2,1,1,6
"GCGGGAAGTGTAGACATTTGGCGAGCAAGGATCGATGGGTCCGAGCCACGTCGACTCACG",0,0,1,0,0,0,0,0,0,0,0,0,0,0,1,0,1,0,0,0,0,0,0,0,0,0,0,0,0,0,0,1,0,0,0,0,0,0,0,0,0,0,1,1,0,1,1,0,0,1,0,0,2,0,0,1,0,0,0,0,0,0,0,1,0,0,0,1,0,0,0,0,1,0,0,0,0,1,0,1,0,0,0,0,1,0,0,0,0,0,0,0,0,0,0,0,0,0,1,0,0,0,0,1,0,0,0,2,0,0,0,0,0,2,0,0,0,0,0
"GGAAGCGGGCTGGACCTGTGGCTGCTCGACGTCTCGGGCGGCACCTGCCGGCAGCTGACC",0,0,0,0,0,0,0,0,0,0,0,0,0,0,0,0,0,0,0,0,0,0,0,0,0,0,0,0,0,1,0,0,0,0,0,0,0,0,0,0,1,0,0,1,1,0,0,1,0,0,0,0,1,0,0,0,0,1,0,1,0,0,0,0,0,0,0,0,1,0,0,0,0,0,0,0,0,0,0,0,0,0,0,0,0,0,0,0,0,0,0,0,0,0,0,0,0,1,0,0,0,0,0,0,0,0,0,0,0,0,0,0,0,1,0,0,0,0,0
"GGCGACCCCTGGCAGATATGGGAATTGAATCTCGATGACCGCAAGGTACGTAGCGTCATC",0,0,0,0,0,0,0,0,0,0,0,0,0,0,0,0,0,0,0,0,0,0,0,0,0,0,0,0,0,0,0,0,1,0,0,0,0,0,0,1,0,0,0,0,0,0,0,0,0,0,0,0,0,0,0,0,0,0,0,0,0,0,0,0,0,0,0,1,0,1,0,0,0,2,0,0,0,0,0,0,0,1,0,1,0,0,1,1,0,0,0,0,0,0,1,1,0,0,1,1,1,0,0,0,0,0,0,0,0,0,1,2,0,0,0,2,0,0,0
"GGCGGGCGCGAGCAGCTGTACGACGTGAACGTCCGCACGCACTCCGTTCGCCGGCTGACG",0,0,0,0,1,0,0,0,0,0,0,0,0,0,1,0,0,0,0,0,0,0,0,0,1,0,0,0,0,0,0,0,0,0,0,0,0,0,0,0,0,0,0,1,0,0,0,0,0,0,0,0,0,0,0,0,0,0,0,0,1,0,0,0,0,1,0,0,0,0,0,0,0,0,0,0,0,0,0,0,0,0,0,0,0,0,1,0,0,0,0,0,0,0,0,0,0,0,0,0,0,0,0,0,0,0,0,0,1,0,0,0,0,0,0,0,0,0,1
"GGCGGTTCGTCGAATGTCTGGGAATCAAATCTAGATGGTACTGGTTCTAGGCAACTCACT",0,0,0,0,0,1,0,0,0,0,0,0,0,0,0,0,0,0,0,0,0,0,0,0,0,0,0,0,0,0,0,0,0,0,0,0,0,0,0,0,0,0,0,0,0,0,0,0,0,0,0,0,0,0,0,0,0,0,0,0,0,0,0,0,0,0,0,0,0,0,0,0,0,0,0,1,0,1,0,0,0,0,0,0,0,0,0,0,0,0,0,0,0,0,0,0,0,0,0,0,0,0,0,0,1,0,0,0,0,0,0,0,0,0,0,0,0,0,0
"GGGGAGTTGTGCCGGCTGGTACGGATGCGAATCGACGGATCGGAGGCGCATATGATCACG",0,0,0,0,0,0,0,0,0,0,0,0,0,0,0,0,0,0,0,0,0,0,0,0,0,0,0,0,0,0,0,0,0,0,0,0,0,0,0,0,0,0,0,0,0,0,0,0,0,0,0,0,0,0,0,0,0,0,0,1,0,0,0,0,0,0,0,0,0,0,0,0,0,0,0,0,0,0,0,0,0,0,0,0,0,0,0,0,2,0,0,0,0,0,0,0,0,0,0,0,0,0,0,0,0,0,0,0,0,0,0,0,0,0,0,0,0,0,0
"GGTAAGGACGCAGCTCTGTGGATAGCCAACACTGACGGGTCCGGCGTGCGAAGAATAATG",0,0,0,0,0,0,0,0,0,0,0,0,0,0,0,0,0,0,0,0,0,0,0,0,0,0,0,0,0,0,0,0,0,0,0,0,0,0,0,0,0,0,0,0,0,0,0,0,0,0,0,0,0,0,0,0,0,0,0,0,1,0,0,0,0,0,0,0,0,0,0,0,0,0,0,0,0,0,0,0,0,0,0,0,0,0,0,0,0,0,0,0,0,0,0,0,0,0,0,0,0,0,0,0,0,0,0,0,0,0,0,1,0,0,0,0,0,0,0
"GGTGGGCTGGAAAATATCTATCGGATGTCGGTGTCAGGTGGTTCGATTCGCCAATTGACC",0,0,0,0,0,0,0,0,0,0,0,0,0,0,0,0,0,0,0,0,0,0,0,0,1,0,0,0,0,0,0,0,0,0,0,0,0,0,0,0,0,0,0,0,0,0,0,0,0,0,0,0,0,0,0,0,0,0,0,0,0,0,0,0,0,0,0,0,0,0,0,0,0,0,0,0,0,0,0,0,0,0,0,0,0,0,0,0,0,0,0,0,0,0,0,0,0,0,0,0,0,0,0,0,0,0,0,0,0,0,0,0,0,0,0,0,0,0,0
"TCAGGCCCGGAAGAGATTTGGATCGCCAATAGCGACGGTAGCAACCCCGTGCAAATGACC",0,0,0,2,1,0,3,0,0,0,1,0,2,0,0,0,1,0,1,2,0,1,0,2,1,2,0,1,2,1,0,1,2,4,0,0,0,0,0,1,0,0,0,2,1,0,3,1,0,1,1,2,1,1,2,1,0,1,0,1,0,0,2,1,1,0,2,0,1,0,0,0,1,1,2,0,0,2,3,0,1,0,0,1,0,5,0,1,2,0,1,1,1,3,1,3,0,1,1,0,2,0,0,1,0,0,1,1,0,0,1,0,1,0,1,0,0,0,1
"TCGAGTTCTACCGAAGTCCTTACGATAAACACCGACGGCAGTAACCATAGGAACCTTACC",0,0,0,0,0,0,0,0,0,0,0,0,0,0,0,0,0,0,0,0,0,0,0,0,0,0,0,0,0,0,0,0,0,0,0,0,0,0,0,0,0,0,0,0,0,0,0,0,0,0,0,0,0,0,0,0,0,0,0,0,0,0,0,0,0,0,0,0,0,0,0,0,0,0,0,0,0,0,0,0,0,0,0,0,0,0,0,0,0,0,0,0,0,0,0,0,0,0,1,0,0,0,0,0,0,0,0,0,0,0,0,0,0,0,0,0,0,0,0
"TCGGACCGCTGGCAGATCTGGGAAGCTTCGATTCCCCCAGCGACTGCGCGACAGGTCACG",0,1,0,0,0,0,0,0,0,0,0,0,0,0,0,0,0,0,0,0,0,0,0,0,0,0,0,0,0,2,0,0,0,0,0,0,0,0,0,0,0,0,0,0,0,0,0,0,0,0,0,0,0,0,0,0,0,0,0,0,0,0,0,0,0,1,1,0,0,0,1,2,4,1,0,2,0,4,0,2,2,2,3,0,4,0,3,1,4,3,5,4,2,4,4,1,0,1,3,3,1,4,2,3,4,1,0,0,0,0,1,0,0,0,0,1,0,2,0
"TCGGAGCCGCTCGCTGTCTACGAGATGAACGCCGACGGCTCGGCATGCGCGAAGCATGCC",0,0,0,0,0,0,0,0,0,0,0,0,0,0,0,0,0,0,0,0,0,0,0,0,0,0,0,1,0,0,0,0,0,0,1,0,0,0,0,0,0,0,0,0,0,0,0,0,0,1,0,0,0,0,0,0,0,0,0,0,0,0,0,0,0,0,0,0,0,0,0,0,0,0,0,0,0,0,0,0,0,0,0,0,0,0,0,0,0,0,0,0,0,0,0,0,0,0,0,0,0,0,0,0,0,0,0,0,0,0,0,0,0,0,0,0,0,0,0
"TCGGGCGACCTGGATCTGTGGACCATGAACCTGGACGGGTCGGGTAAGAAGCAGATCACC",10,6,3,4,10,5,3,1,3,6,2,4,7,7,1,10,6,6,4,2,2,8,1,3,3,6,5,5,7,4,3,4,6,4,9,10,4,3,4,3,7,3,4,3,7,8,4,8,10,6,8,4,4,2,7,8,6,8,11,7,8,7,2,3,8,8,8,4,10,9,9,4,5,8,7,6,6,5,9,9,2,9,7,6,5,7,4,8,4,4,7,3,3,6,5,5,5,12,3,5,6,5,6,6,10,3,2,5,3,4,7,1,7,3,2,4,5,6,2
"TCTGGAGGAATGCAACTGTGGCGCGTTGCGATCGACGAACAGGGCGGCCGTGCGCTTACC",0,0,0,0,0,0,0,0,0,0,0,0,0,0,0,0,0,0,0,0,0,0,0,0,0,0,0,0,0,0,0,0,0,0,0,0,0,0,0,0,0,0,0,0,0,0,0,0,0,0,0,0,0,0,0,0,0,0,0,0,0,0,0,0,0,0,0,0,0,0,0,0,0,0,1,0,0,0,0,0,0,0,0,0,0,0,0,0,0,0,0,0,0,0,0,0,0,0,0,0,0,0,0,0,0,0,0,0,0,0,0,0,0,0,0,0,0,0,0
"TCTGGATTCAACCAGGTTTGGCGAATGAACATCGATGGAAGTAATCAGGTCCTGCTTGCA",0,0,0,0,0,0,0,0,0,0,0,1,0,0,0,0,0,0,0,0,0,0,0,0,0,0,0,0,0,0,0,0,0,0,0,2,0,1,0,0,0,0,0,0,0,0,0,0,0,0,0,0,1,0,0,0,0,0,0,0,0,0,0,0,0,0,1,0,0,0,0,0,0,0,0,0,0,0,0,0,0,0,0,0,0,0,0,0,0,0,0,0,0,0,0,0,0,0,0,0,0,0,0,0,0,0,0,0,0,0,0,0,0,0,0,0,0,0,0
"TGCGATTCGAGTGAGCTGTTCCTGATGAACCTGGATGGCAGCAGTCTCGAACAAGTGACC",2,2,0,0,0,0,2,0,0,0,0,0,1,0,0,0,1,1,0,0,0,0,0,0,1,4,2,1,0,1,0,0,0,1,1,1,0,1,0,0,0,0,1,0,0,2,0,0,2,4,0,0,0,1,0,0,1,1,2,2,1,1,0,0,0,2,4,1,0,1,1,1,0,1,0,5,2,1,3,1,1,1,0,0,1,1,0,3,2,2,1,0,1,1,0,0,0,0,1,1,0,3,0,0,2,0,0,3,0,2,1,1,0,2,0,0,0,0,2
"TTGTTGGGCCCGCAAATATACGTTATGAGGGTCGATGGCTCTCACCTCCAGCAACTTACT",0,0,0,0,0,0,0,0,0,0,0,0,0,0,1,0,0,0,0,0,0,0,0,0,0,0,0,0,0,0,0,0,0,0,0,0,0,0,0,0,0,0,0,0,0,0,0,0,0,1,0,0,0,0,0,0,0,0,0,0,0,0,0,0,1,0,0,0,0,0,0,0,1,0,0,0,0,0,0,0,0,0,0,0,0,1,0,0,0,0,0,0,0,0,0,0,0,0,0,0,0,0,0,0,0,0,0,0,0,0,0,0,0,0,0,0,0,0,0
