"","0_SD7449_H041_pH7","100_SD7551_S153","101_SD7552_S154","106_SD7557_S159","109_SD7560_S162","10_SD7461_H054_pH7","112_SD7563_S165","113_SD7564_S166","116_SD7567_S169","117_SD7568_S170","11_SD7462_H055_pH7","120_SD7571_S173","121_SD7572_S174","122_SD7573_S175","12_SD7463_H056_pH7","13_SD7464_H057_pH7","14_SD7465_H058_pH7","16_SD7467_H061_pH6.5","17_SD7468_H062_pH6.5","18_SD7469_H063_pH6.5","19_SD7470_H065_pH6.5","1_SD7450_H042_pH7","20_SD7471_H067_pH6.5","21_SD7472_H068_pH6.5","22_SD7473_H069_pH6.5","23_SD7474_H070_pH6.5","24_SD7475_H071_pH6.5","25_SD7476_H072_pH6.5","26_SD7477_H073_pH6.5","27_SD7478_H074_pH6.5","28_SD7479_H075_pH6.5","2_SD7451_H043_pH7","30_SD7481_H077_pH6.5","31_SD7482_H078_pH6.5","32_SD7483_H079_pH6.5","33_SD7484_H080_pH6.5","34_SD7485_H081_pH6","35_SD7486_H082_pH6","36_SD7487_H085_pH6","37_SD7488_H086_pH6","38_SD7489_H087_pH6","39_SD7490_H089_pH6","3_SD7452_H044_pH7","40_SD7491_H090_pH6","41_SD7492_H091_pH6","42_SD7493_H092_pH6","43_SD7494_H093_pH6","44_SD7495_H094_pH6","45_SD7496_H095_pH6","46_SD7497_H096_pH6","47_SD7498_H097_pH6","48_SD7499_H098_pH6","49_SD7500_H099_pH6","4_SD7453_H045_pH7","50_SD7501_H100_pH6","51_SD7502_H101_pH5.5","52_SD7503_H102_pH5.5","53_SD7504_H103_pH5.5","54_SD7505_H104_pH5.5","55_SD7506_H105_pH5.5","56_SD7507_H106_pH5.5","57_SD7508_H107_pH5.5","58_SD7509_H109_pH5.5","59_SD7510_H110_pH5.5","5_SD7454_H046_pH7","60_SD7511_H111_pH5.5","61_SD7512_H113_pH5.5","62_SD7513_H114_pH5.5","63_SD7514_H115_pH5.5","64_SD7515_H116_pH5.5","65_SD7516_H117_pH5.5","66_SD7517_H119_pH5.5","67_SD7518_H120_pH5.5","68_SD7519_S121","69_SD7520_S122","6_SD7455_H048_pH7","70_SD7521_S123","71_SD7522_S124","72_SD7523_S125","73_SD7524_S126","74_SD7525_S127","75_SD7526_S128","76_SD7527_S129","77_SD7528_S130","78_SD7529_S131","79_SD7530_S132","7_SD7456_H049_pH7","80_SD7531_S133","81_SD7532_S134","82_SD7533_S135","83_SD7534_S136","84_SD7535_S137","85_SD7536_S138","86_SD7537_S139","87_SD7538_S140","8_SD7458_H051_pH7","91_SD7542_S144","92_SD7543_S145","94_SD7545_S147","97_SD7548_S150","98_SD7549_S151","9_SD7460_H053_pH7"
"AACCGGCACAGCCGGTTCATCACGTACACCGCAGTCACGCTGCCGGAATCCGCCACCATG",1,0,0,0,0,0,0,0,0,0,0,0,0,0,0,0,0,0,0,0,0,0,0,0,1,0,0,0,0,0,0,0,0,0,0,0,0,2,1,0,0,0,0,0,0,1,0,0,0,0,0,0,0,0,0,0,0,0,0,0,0,0,0,0,0,0,0,0,0,0,0,0,0,3,0,0,0,0,0,0,0,0,0,0,0,0,0,0,1,0,0,0,0,0,0,0,0,0,0,0,0,0
"AATCGTCATTGTAGGTTTGGAACGATTACGGATATTGAAGTTGCAGATAATTCAACGCTT",0,0,0,0,0,0,0,0,0,0,0,0,0,0,0,0,0,0,0,0,0,0,0,0,0,0,0,0,0,0,0,0,0,0,0,0,0,0,0,0,0,0,0,0,0,0,0,0,0,0,0,0,0,0,0,0,0,0,0,0,0,0,0,0,0,0,0,0,0,0,0,0,0,0,0,0,0,0,0,0,0,0,0,0,0,0,0,0,0,0,0,0,0,0,0,0,0,0,0,0,0,0
"ACAGGCGGCTGCGCCCACCGGCAACGTATCTCTGTGGATCTCCAGCCGACCAGCCGGCTG",0,0,0,0,0,0,0,0,0,0,0,0,0,0,0,0,0,0,0,0,0,0,0,0,0,0,0,0,0,0,0,0,0,0,0,0,0,0,0,0,0,0,0,0,0,0,0,0,0,0,0,0,0,0,0,0,0,0,0,0,0,0,0,0,0,0,0,0,0,0,0,0,0,0,0,0,0,0,0,0,0,0,0,0,0,0,0,0,0,0,0,0,0,0,0,0,0,0,0,0,0,0
"ACCGCGCGGGCGCATCACGCCGCTTCGTTCCGTTGCTCCTTGGCCGCGGATGCCTACCTG",0,0,0,0,0,0,0,0,0,0,0,0,0,0,0,0,0,0,0,0,0,0,0,0,0,0,0,0,0,0,0,0,0,0,0,0,0,0,0,0,0,0,0,0,0,0,0,0,0,0,0,0,0,0,0,0,0,0,0,0,0,0,0,0,0,0,0,0,0,0,1,0,0,0,0,0,0,0,0,0,0,0,0,0,0,0,0,0,0,0,0,0,0,0,0,0,0,0,0,0,0,0
"ACCGGACGGGCGCGTCATGACGCGATCACGAGCGTGCAGGCGTCGGCCGGGGCGTCAGTC",0,0,0,0,0,0,0,0,0,2,1,0,0,0,0,0,0,0,0,0,0,0,0,0,0,0,0,0,0,0,0,1,0,0,0,0,0,0,0,0,0,0,0,0,0,0,0,0,0,0,0,0,0,0,0,0,0,0,0,0,0,0,0,0,0,0,0,0,0,0,0,0,0,0,0,0,0,0,0,0,0,0,0,0,0,0,0,0,0,0,0,0,0,0,0,0,0,0,0,0,0,0
"ACGAACCGCGCGCACCACACCGCCGTGGTGGAGGCCGAATTGGACGGTCACGCTGAGTTA",1,0,0,0,0,0,0,0,0,0,0,0,0,0,1,0,0,0,0,0,0,0,0,0,0,0,0,0,0,0,0,0,0,0,0,0,0,0,0,0,0,0,0,0,0,0,0,0,0,0,0,0,0,0,0,0,0,0,0,0,0,0,0,0,0,0,0,0,0,0,0,0,0,0,0,1,0,0,0,0,0,0,0,0,0,0,0,0,0,0,0,0,0,0,0,0,0,0,0,0,0,0
"ACGCACCGCGGGCGCCACGAGTGCGTCACGAGCTTCGACGTCGCCGACGGCGGCCGGCTG",0,1,0,2,1,0,0,0,2,0,0,1,1,0,2,0,1,0,0,2,0,0,0,1,0,1,0,0,0,0,1,0,1,0,0,0,0,0,0,1,1,0,0,0,0,0,1,2,0,0,0,0,0,1,0,1,0,0,0,0,0,1,0,1,0,0,0,0,0,0,0,0,0,0,1,1,3,0,0,0,1,1,1,0,2,0,0,1,0,0,0,1,3,1,1,1,1,3,0,4,0,0
"ACGCGGCGGGCCGTCCACAGTGCACAGTTGACGGTGGACATGGCGGGCACTGCCAGATTC",0,0,0,0,0,0,0,0,0,0,0,0,0,0,0,0,0,0,0,0,0,0,0,0,0,0,0,0,0,0,0,0,0,0,0,0,0,0,0,0,0,0,0,0,0,0,0,0,0,0,0,0,0,0,0,0,0,0,0,0,0,0,0,1,0,0,0,0,0,0,0,0,0,0,0,0,0,0,0,0,0,0,0,0,0,0,0,0,0,0,0,0,0,0,0,0,0,0,0,0,0,0
"ACGTCCCGAGCGCACCACCGGTCGACCCTCCTGGCCGATGTCTCGGCGAATGGGTCGCTC",1,0,0,0,0,0,0,0,0,0,0,0,0,0,0,0,0,0,0,0,0,0,0,0,0,0,0,0,0,0,0,0,0,0,0,0,0,0,0,0,0,0,0,0,0,0,0,0,0,0,0,0,0,0,0,0,0,0,0,0,0,0,0,0,0,0,0,0,0,0,0,0,0,0,0,0,0,0,0,0,0,0,0,0,0,0,0,0,0,0,0,0,0,0,0,0,0,0,0,0,0,0
"ACTGCGCACGCGCGTTATCGCCAGCGCACGCAGGTGTGCGTCGAGCCTGGCGGAGGGGCG",1,0,0,0,0,0,0,0,0,0,0,0,0,0,0,0,0,0,0,0,0,0,0,0,0,0,0,0,0,0,0,0,0,0,0,0,0,0,0,0,0,0,0,0,0,0,0,0,0,0,0,0,0,0,0,0,0,0,0,0,0,0,0,0,0,0,0,0,0,0,0,0,0,1,0,0,0,0,0,0,0,0,0,0,0,0,0,0,0,0,0,0,0,0,0,0,0,0,0,0,0,0
"ATCGATGGCTCCCGTAAGCGCCGCCAAACCACCCTGGCGCTGGACTCCGGCGCCGGCATT",0,1,0,0,0,1,0,0,0,0,0,0,0,0,0,0,0,0,0,0,0,0,0,0,0,0,0,0,0,0,0,0,0,0,0,0,0,0,0,0,0,0,0,0,0,0,0,0,0,0,0,0,0,1,0,0,0,0,0,0,0,0,1,0,0,0,0,0,0,0,0,0,0,0,0,0,0,0,1,0,1,0,0,0,1,1,0,0,1,1,0,0,2,0,0,0,0,0,0,0,1,1
"ATCGCAGGCTCGCTACATCGCGTGGTCGCAGACATCGACCTCGCCCCAGGTGCCGCCCTC",0,0,0,0,0,0,0,0,0,0,0,0,0,0,0,0,0,0,0,0,0,0,0,0,0,0,0,0,0,1,0,1,0,0,0,1,0,0,1,0,0,0,0,0,0,0,0,0,0,0,0,0,0,0,0,0,0,0,0,0,0,0,0,0,0,0,0,0,0,0,0,0,0,0,0,0,0,0,0,0,0,0,0,0,1,0,0,0,0,0,0,0,0,0,0,0,0,0,0,0,0,0
"CACAAACGGACTCGCTTTGTCTCGCGCACCCGAGTTTCGATCGCCAGCGATGCCACGCTC",0,0,0,0,0,0,0,0,0,0,0,0,0,0,0,0,0,0,0,0,0,0,0,0,0,0,0,0,0,0,1,0,0,0,0,0,0,0,0,0,0,0,1,0,0,0,0,0,0,0,0,0,0,0,0,0,0,0,1,0,0,0,0,1,0,0,0,0,1,0,1,1,0,0,1,0,0,0,0,0,0,0,0,0,0,0,0,0,1,0,0,0,0,0,0,0,1,0,0,0,0,0
"CACACAGGCTCCGATGTTTCCGTTCACACAACCATTCACCTGGAAGATGGATCATCATTG",0,0,0,0,0,0,0,0,0,0,0,0,0,0,0,0,0,0,0,0,0,1,0,0,0,0,0,0,0,0,0,0,0,0,0,0,0,0,0,0,0,0,0,0,0,0,1,0,0,0,0,0,0,0,0,0,0,0,0,0,0,0,0,0,0,0,0,0,0,0,0,0,0,0,0,0,0,0,0,0,0,0,0,0,0,0,0,0,0,0,0,0,0,0,0,0,0,0,0,0,0,0
"CACACTGGCGCTTCGATCCGCCAGCCCACTATCATCTCGCTAGAAGATTCGAGCTCGCTC",0,0,0,0,0,0,0,0,0,0,0,0,0,0,0,0,0,0,0,0,0,0,0,0,0,0,0,0,0,0,0,0,0,0,0,0,0,0,0,0,0,0,0,0,0,0,0,0,0,0,0,0,0,0,0,0,0,0,0,0,0,0,0,0,0,0,0,0,0,0,0,0,0,0,0,0,0,0,0,0,0,0,0,0,0,0,0,0,0,0,0,0,0,0,0,0,0,0,0,0,0,0
"CACCGGCGAGCACGTTACCTCAGCGATACGCGGATCTGTATTCCAAATTCGGCAACGCTG",0,0,0,0,0,2,0,1,2,0,0,0,0,0,0,0,2,0,1,1,0,1,0,0,2,0,0,1,1,3,0,2,0,1,1,0,1,0,0,0,1,2,0,1,1,0,0,0,0,0,0,2,0,1,0,3,1,2,1,1,0,0,3,0,1,1,1,3,0,1,3,3,1,0,5,0,0,1,1,0,0,0,3,0,0,0,1,0,0,0,0,0,0,2,0,1,0,0,0,0,0,0
"CACGCCGGCTCTGAGTATGATCAGGGGACTGAACTTCATGTCGCCCCCGGAGGTGAGACG",0,0,0,0,0,0,0,0,0,0,0,0,1,0,0,0,0,0,0,0,0,0,0,0,0,0,0,0,0,0,0,0,1,0,0,0,0,0,0,0,0,0,0,0,0,0,0,0,1,0,0,0,0,0,0,1,0,0,0,0,0,0,0,0,0,0,0,0,0,0,0,0,0,0,0,0,0,0,0,0,0,0,0,0,0,0,0,0,0,0,0,0,0,0,0,0,2,0,0,0,1,0
"CACGCGCAGGCGGTCCATCACGTCGCTACCTGGATAGAGATGGCGTCGACCGCAAGAGCC",0,0,0,0,0,0,0,0,0,0,0,0,0,0,0,0,0,0,0,0,0,0,0,0,0,0,0,0,0,0,0,0,0,0,0,0,0,0,0,0,0,0,0,0,0,0,0,0,0,0,0,0,0,0,0,0,0,0,0,0,0,0,0,0,0,0,0,0,0,1,0,0,1,0,0,0,1,0,0,0,1,0,0,0,0,0,0,0,0,1,0,0,0,0,0,0,0,0,0,0,0,0
"CACGCGCATGCCCGCTTCATGACCACGACGCACGTGAGTGCACACTCGAGCGCCACGCTG",1,0,0,0,1,0,0,0,0,0,1,0,0,0,0,0,0,0,0,1,0,1,0,0,0,1,1,0,1,0,1,0,0,0,1,0,0,1,1,0,1,0,0,1,0,0,0,1,0,0,0,0,0,0,1,0,0,2,0,0,2,2,1,0,1,0,2,0,1,1,0,1,0,1,0,0,0,0,0,0,0,1,0,0,2,0,0,0,0,0,1,0,0,0,0,3,0,0,0,0,0,1
"CACGCGCTGGCTGACTACCACAGCCAGACTTCTGTCTGGCTGCACGCTGGGTCGCGCGTC",0,0,0,0,0,0,0,0,0,0,0,0,0,0,0,0,0,0,0,0,0,0,0,0,0,0,0,0,0,0,0,0,0,0,0,0,0,0,0,0,0,0,0,0,0,0,0,0,0,0,0,0,0,0,0,1,0,0,0,0,0,0,0,0,0,0,0,0,0,0,0,0,0,0,0,0,0,0,0,0,0,0,0,0,0,0,0,0,0,1,0,0,0,0,0,0,0,0,0,0,0,0
"CACGCGGAAGTCGCACACACTGCCGCGCTACGCGCGGAGGTGGCGGAGGGCGCGGTGCTG",0,0,0,0,0,0,0,0,0,0,0,0,0,0,0,0,0,0,0,0,0,0,0,0,0,0,0,0,0,0,0,0,0,0,0,0,0,0,1,0,0,0,0,0,0,0,0,0,0,0,0,0,0,0,0,0,0,0,0,0,0,0,0,0,0,0,0,0,0,0,0,0,0,0,0,0,0,0,0,0,0,0,0,0,0,0,0,0,0,0,0,0,0,0,0,1,0,0,0,0,0,0
"CACGCGGCCGCGGATCACCACGCGCACATGGTGATGCATATACAGCCCAGCGCGCGGCTA",0,0,0,0,0,0,0,0,0,0,0,0,0,0,0,0,0,0,0,0,0,0,0,0,0,0,0,0,0,0,0,0,0,0,0,0,0,0,0,0,0,0,0,1,0,0,0,0,0,0,0,0,0,0,0,0,0,0,0,1,0,0,0,0,0,0,0,0,1,0,0,0,0,0,0,0,0,0,1,0,0,1,0,0,0,0,0,0,0,0,0,3,0,0,0,0,0,0,0,0,0,0
"CACGCGGGCTCGGCGCTTCGCCAGTCTTTGCGCATCGAAATGGAGCGAGGCAGCCGCGCC",1,0,0,7,7,0,3,1,3,3,0,3,3,1,1,0,1,0,1,0,0,0,0,0,2,2,0,0,0,0,0,2,0,1,1,0,0,0,0,0,0,0,0,0,2,0,0,0,0,0,0,0,0,0,0,2,0,2,0,0,0,1,0,1,0,1,0,0,0,0,3,0,0,0,2,0,0,0,1,0,2,1,0,2,1,4,1,0,3,0,3,0,3,1,0,0,0,2,0,3,4,0
"CACGCTTACGCTGATTTTTCCTCCTCGACTTTGATTTCACTGGCGGACTCAGCTTCGGCT",0,0,0,0,0,0,0,0,0,0,0,0,0,0,0,0,0,0,0,0,0,0,0,0,0,0,0,0,0,0,0,0,0,0,0,0,0,0,0,0,0,0,0,0,0,0,0,0,0,0,0,0,0,0,0,0,0,0,0,0,0,0,0,1,0,0,0,0,0,0,0,0,0,0,0,0,0,0,0,0,0,0,0,2,0,0,0,0,0,0,0,0,0,0,0,0,0,0,0,0,0,0
"CACGGTGCATCATCTTTCAAAACAAAAAACACAATATACTTGTCTGATAATTGTTCGTTA",0,0,0,0,0,0,0,0,0,0,0,0,0,0,0,0,0,0,0,0,0,0,0,0,0,0,0,0,0,0,0,0,0,0,1,0,0,0,0,0,0,0,0,0,0,0,0,0,0,0,0,0,0,0,0,0,0,0,0,0,0,0,0,0,0,0,0,0,0,0,0,0,0,0,0,0,0,0,0,0,0,0,0,0,0,0,0,0,0,0,0,0,0,0,0,0,0,0,0,0,0,0
"CAGAGAGGCACACGCTATTCGCAGCGCACTGAATTGACCGTGGAGGGTGACGGGGAATTG",0,0,0,0,0,0,0,0,0,0,0,0,0,0,0,0,0,0,1,0,0,0,0,0,2,0,0,0,0,1,0,0,0,0,0,0,0,2,0,0,0,0,0,0,0,0,0,1,1,0,0,0,1,0,0,1,0,0,0,0,0,0,0,0,0,0,0,0,0,0,0,0,0,0,0,1,0,0,0,0,0,0,0,0,0,0,0,0,0,0,0,0,0,0,0,0,0,0,0,0,0,0
"CAGCAAGGCGGGGACTATCTACAGGAGACGACTGCCGTGCTCAACGGCGGTTCG---ATC",0,0,0,0,0,0,0,0,0,0,0,0,0,0,0,0,0,0,0,0,0,0,0,0,0,0,0,0,0,0,0,0,0,0,0,0,0,0,0,0,0,0,0,0,0,0,0,0,0,0,0,0,0,0,0,0,0,0,0,0,0,0,0,0,0,0,0,0,0,0,0,0,0,0,0,0,0,0,0,0,0,0,0,0,0,0,0,0,0,0,0,0,0,0,0,0,0,0,0,0,0,0
"CAGGAAGGCGCGTCGCTGCGCTCACACACCGTCGCCACGGCGCACGATGGCGCGTCGTTG",0,0,1,0,0,0,0,0,0,0,0,0,0,0,0,0,0,0,0,0,0,0,0,0,0,0,0,0,0,0,0,0,0,0,0,0,0,0,0,0,0,0,0,0,0,0,0,0,0,0,0,1,0,0,0,0,0,0,0,0,0,0,0,0,0,0,0,0,0,0,0,0,0,0,0,0,0,0,0,0,0,0,0,0,0,0,0,0,0,0,0,0,0,0,0,0,0,0,0,0,0,0
"CAGGCCGCGGCTCAGTTGCACCAGCGTACCGAGGTCGAGCTGAACGGT---GGGGTGGTC",0,0,0,0,0,0,0,0,0,0,0,0,0,0,0,0,0,0,0,0,0,0,0,0,0,0,0,0,0,0,0,0,0,0,0,0,0,0,0,0,0,0,0,0,0,0,0,0,0,0,0,0,0,0,0,0,0,0,0,0,0,0,0,0,0,0,0,0,0,0,0,0,0,0,0,0,0,0,0,0,0,0,0,0,0,0,0,1,0,0,0,0,0,0,0,0,0,0,0,0,0,0
"CAGGCCGCTAGCCGCTATCACCAGGCCCAGCACTGGCACCTGGCGCCCAGCGCCACCCTG",0,0,0,2,0,1,0,0,0,0,0,0,0,0,0,0,0,0,0,0,0,0,0,0,0,0,0,0,0,0,0,0,0,1,0,0,0,0,1,1,0,0,2,0,0,1,0,0,1,0,1,0,0,0,0,0,0,0,0,0,0,0,0,0,0,0,0,0,0,0,0,0,1,0,0,0,0,0,0,0,0,0,0,0,0,0,0,0,0,0,0,0,1,0,0,1,0,0,1,1,0,0
"CAGGCCGGAGCCTCCCTAAGACAGAGCCTCACCTGCCGTGTCTACGAAGGCGCCACCGCC",0,0,0,0,0,0,0,0,0,0,0,0,0,0,0,0,0,0,0,0,0,0,0,0,0,0,0,0,0,0,0,0,0,0,0,0,0,0,0,0,0,0,0,0,0,0,0,0,0,0,0,0,0,0,0,0,0,0,0,0,0,0,0,0,0,0,0,0,0,0,0,0,0,0,1,0,0,0,0,0,0,0,0,0,0,0,0,0,0,0,0,0,0,0,0,0,0,0,0,0,0,0
"CAGGCGCACTGTTCGTATCGGCAACGAACCCAAATCGAACTGGCGGCAGGTGCTGAATTG",0,0,0,0,0,1,0,0,0,0,1,0,0,0,0,0,0,0,0,0,1,0,0,0,0,0,0,0,0,0,0,1,0,0,0,1,0,0,0,0,0,0,0,0,0,0,0,0,0,0,0,0,0,0,0,0,0,0,0,0,0,0,0,0,0,0,0,0,0,0,0,0,0,0,0,0,0,0,0,0,0,0,0,0,0,0,0,0,0,0,0,0,0,0,0,0,0,0,0,0,0,0
"CAGGCTGGTGCCGACCACCGAAATGCGTTGTATGTCGACGCCGCGCGTGGGGCACGCGTG",0,0,0,0,0,0,0,0,0,0,0,0,0,0,0,0,0,0,0,0,2,0,0,0,0,0,0,0,0,0,0,0,0,0,0,0,0,0,0,0,0,0,0,0,0,0,0,0,0,0,0,0,0,0,0,0,0,0,0,0,0,0,0,0,0,0,0,0,0,0,0,0,0,0,0,0,0,0,0,1,0,0,0,0,0,0,0,0,0,0,0,0,0,0,0,0,0,0,0,0,0,0
"CAGGGAGCCTCGGACTTTGCGCAGGCCACCATGATCCGTCTTCGAGGCGGC---GTGGTG",0,0,0,0,0,0,0,0,0,0,0,0,0,0,0,0,0,0,0,0,0,0,0,0,0,0,0,0,0,0,0,0,0,0,0,0,0,0,0,0,0,0,0,0,0,0,0,0,0,0,0,0,0,0,0,0,0,0,0,0,0,0,0,0,0,0,0,0,0,0,0,0,0,0,0,0,0,0,0,0,0,0,0,0,0,0,0,0,0,0,0,0,0,0,0,0,0,0,0,0,0,0
"CAGGTGGGCTCGCACTACCAGCAACGCCTGTCTGTCGACGTTGCACGCGGAGGGGTGTGC",0,0,0,0,1,0,0,0,0,0,0,0,0,0,0,0,0,0,0,0,0,0,0,0,0,0,0,0,0,0,0,0,0,0,0,0,0,0,0,0,0,0,0,0,0,0,0,0,0,0,0,0,0,0,0,0,0,0,0,1,0,0,0,0,0,0,0,0,0,0,0,0,0,0,0,0,0,0,0,1,0,0,0,0,0,0,0,0,0,0,0,0,0,0,0,0,0,0,0,0,0,0
"CAGTCGGATTCGACGTTCACCCAAAGCATCGAACTCGACGTCGACGAGGGCGGAACCTAT",0,0,3,0,0,0,0,0,0,0,0,0,0,0,0,0,0,0,0,0,0,0,0,0,0,0,0,0,0,0,0,0,0,0,0,0,0,0,0,0,0,0,0,0,0,0,0,0,1,0,0,0,0,0,0,0,0,0,0,0,0,0,0,0,0,0,0,0,0,0,0,0,0,0,0,0,0,0,0,0,0,0,0,0,0,0,0,0,0,0,0,0,0,0,0,0,0,0,0,0,0,0
"CAGTCTGGCTCCAGCTACCGCCAGCACACCAGAGTCACGCTCGGGCCGCATTCTGCGGTC",0,0,0,0,0,0,0,0,0,0,0,0,0,0,0,0,0,0,0,0,0,0,0,0,0,0,0,0,0,0,0,0,0,0,0,0,0,0,0,0,0,0,0,0,0,0,0,0,0,0,0,0,0,0,0,0,0,0,0,0,0,0,0,0,0,0,0,0,0,0,0,0,0,0,0,0,0,0,0,0,0,0,0,0,0,0,0,0,0,0,0,0,0,0,0,0,0,0,0,0,0,0
"CATAAAAATTCAAATTTTATTGCACGGACAGATTTTTACCTGGCAGAAAATTGCAGTTTA",0,0,0,0,0,0,0,0,0,0,0,0,0,0,0,1,0,0,0,0,0,0,0,0,0,0,0,0,0,0,0,0,0,1,0,0,0,0,0,0,0,0,0,0,0,0,0,0,0,0,0,0,0,0,0,0,0,0,0,0,0,0,0,0,0,0,0,0,1,1,0,0,0,0,0,0,0,0,0,0,0,0,0,0,0,0,0,0,0,0,0,0,0,0,0,0,0,0,0,0,0,0
"CATAAACAAGCTGTTTTTACAACCCGCAATAAAATATACCTGCAGGGCGATAATCGGTTG",0,0,0,0,0,0,0,1,0,0,0,0,0,0,0,0,0,0,0,0,0,0,0,0,0,0,0,0,0,1,0,0,0,0,0,0,0,0,0,0,0,0,0,0,0,0,0,0,0,0,0,0,0,0,0,0,0,0,0,0,0,0,0,0,0,0,0,0,0,0,0,0,0,0,0,0,0,0,0,0,0,0,0,0,0,0,0,0,0,0,0,0,0,0,0,0,0,0,0,0,0,0
"CATAATGGATCAACACTTGAATCAGAAACCGATATCACATCGACGGAAGGTTCGCGCTTC",0,0,0,0,0,0,0,0,0,0,0,0,0,0,0,0,0,0,0,0,0,0,0,0,0,0,0,0,0,0,0,0,0,0,0,0,0,0,0,0,0,0,0,0,0,0,0,0,0,0,0,0,0,0,0,0,0,0,0,0,0,0,0,0,0,0,0,0,0,0,0,0,0,0,0,0,0,0,0,0,0,0,0,0,0,0,0,0,0,0,0,0,0,0,0,0,0,0,0,0,0,1
"CATAGCCAGTCCAATTTTAAAGCTATAAACAGCATCTACATCCACCAAACCAGCCAACTG",0,0,1,0,0,0,0,0,0,0,0,0,0,0,0,0,0,0,0,0,0,0,0,0,0,0,0,0,0,0,0,0,0,0,0,0,0,0,0,0,0,0,0,0,0,0,0,0,0,0,0,0,0,0,0,0,0,0,0,0,0,0,0,0,0,0,0,0,0,0,0,0,0,0,0,0,0,0,0,0,0,0,0,0,0,0,0,0,0,0,0,0,0,0,0,0,0,0,0,0,0,0
"CATCGCCAGTCAGACCACACGGCGGCGTTGCGCATTGAGGCTGCACCGGGTGCCCGTGTC",0,0,0,0,0,0,0,0,0,0,0,0,0,0,0,0,0,0,0,0,0,0,0,0,0,0,0,0,0,0,0,0,0,0,0,0,0,0,0,0,0,0,0,0,0,0,0,0,0,0,0,0,0,0,0,0,0,0,0,0,0,0,0,0,0,0,0,0,0,0,0,0,0,0,0,0,0,0,0,0,0,0,0,0,0,0,0,0,0,0,0,0,0,0,0,0,0,0,0,0,0,0
"CATCGCGGCTGTCGCTATCGACAGACGACGAAGATCGAAGTCAGTCCGGGCGGAGAACTT",0,0,0,0,0,1,2,2,1,0,0,0,0,0,1,0,0,0,0,1,0,4,1,0,0,0,0,0,0,0,0,1,1,1,0,0,1,1,0,1,0,0,0,0,0,0,0,1,0,0,0,3,1,0,0,2,0,0,0,1,1,0,1,1,1,0,0,0,0,0,0,0,0,1,1,0,0,0,0,1,0,1,0,0,0,0,0,0,0,0,0,0,0,0,0,0,0,0,0,0,0,0
"CATCGTCAGGCGCGATTTGCCAACGACACCAGGATCGTGATCGATCCGGACGCCTCGATG",0,0,0,0,0,1,0,0,0,0,0,0,0,0,0,0,0,2,0,1,0,0,1,0,0,0,0,1,0,0,1,0,0,0,0,0,0,0,0,0,0,0,0,0,0,1,0,0,0,0,1,0,0,0,2,0,0,0,0,0,0,0,0,0,0,1,0,0,0,0,0,0,0,0,0,0,0,0,0,1,0,0,0,0,1,0,1,2,0,0,0,0,0,0,0,0,0,0,0,0,0,1
"CATGCAAACGCCCGGTTTACCACCAAAAACAATATCTATCTTTCCGCCCGCTGCCGCCTG",0,0,0,0,0,0,0,1,0,0,0,0,0,0,0,0,0,0,0,0,0,0,0,0,0,0,0,0,0,0,0,1,0,0,0,0,0,1,0,0,0,0,0,0,0,0,1,0,0,0,0,0,0,0,0,0,0,0,0,0,0,0,0,0,0,0,0,0,0,0,0,0,0,0,0,0,0,0,0,0,0,0,0,0,0,0,0,0,0,0,0,0,0,0,0,0,0,0,0,0,0,0
"CATGCAGGAAGTAATTTCTGTTCTGAAACAAAAATTCAGCTGGAAGCTGAGCATGAGCTT",0,0,0,0,0,0,1,0,0,0,0,0,0,0,0,0,0,0,0,0,0,0,0,0,0,0,0,0,0,0,0,0,0,0,1,0,0,0,0,0,0,0,0,0,0,0,0,0,0,0,0,0,0,0,0,0,0,0,0,0,0,0,0,0,0,0,0,0,0,0,0,0,0,0,0,0,0,0,0,0,0,0,0,0,0,0,0,0,0,0,0,0,0,0,0,0,0,0,0,0,0,0
"CATGCCGCCGCGCAGCATATATCACGCACGCGTGTCACGATGGCGGAGGACGCCCAACTC",0,0,0,0,0,0,0,0,0,0,0,0,0,0,0,0,0,0,0,0,0,0,0,0,0,0,0,0,0,0,0,0,0,0,0,0,0,0,0,0,0,0,0,0,0,0,0,0,0,0,0,0,0,0,0,0,0,0,0,0,0,0,0,0,0,0,0,0,0,0,0,0,0,0,0,0,0,0,0,0,0,0,0,0,0,0,0,0,0,0,0,0,0,1,0,0,0,0,0,0,0,0
"CATGCCGGTGCCAACTTCTCAGCACACAATAGAATTTTTCTTTCGGGTAATGCTGTACTC",0,0,0,0,0,0,0,0,0,0,0,0,0,0,0,0,0,0,0,0,0,0,0,0,0,2,0,0,0,0,0,0,0,0,0,0,0,0,1,0,0,0,0,0,0,0,0,1,0,0,0,0,0,0,1,0,0,0,0,0,0,0,0,0,0,0,0,0,0,0,0,0,0,0,0,0,0,0,0,0,0,0,0,0,0,0,0,0,0,0,0,0,0,0,0,0,0,0,0,0,0,0
"CATGCGCGTGCGACGCACGCGATCCGCATCGATGTGGCCATGGCAGGCGCGGCCACATTG",0,0,0,0,0,0,0,0,0,0,0,0,0,1,0,0,0,0,0,0,0,0,0,0,0,0,0,0,0,0,0,0,0,0,0,0,0,0,0,0,0,0,0,0,0,0,0,0,0,0,0,0,0,0,0,0,0,0,0,0,0,0,0,0,0,0,0,0,0,0,0,0,0,0,0,0,0,0,0,0,0,0,0,0,0,0,0,0,0,0,0,0,0,0,0,0,0,0,0,0,0,0
"CATGGCGGCTCCGCATACGAGCAGGACACAGTCGTGCGAGCCGATCTCAACTCAGTCGCG",0,0,0,0,0,0,0,0,0,0,0,0,0,0,0,0,0,0,0,0,0,0,0,0,0,0,0,0,0,0,0,0,0,0,0,0,0,0,0,0,0,0,0,0,0,0,0,0,0,0,0,0,0,0,0,0,0,0,0,0,0,0,0,0,0,0,0,0,0,0,0,0,0,0,0,0,0,0,0,0,0,0,0,0,0,0,0,0,0,0,0,0,0,0,0,0,0,0,0,0,0,0
"CATTCCGGCGCGCTGGCGGAGAGCCGGCTCGTCTTCGAGCTGGCGCCGCGCGCCGAGTTG",4,1,1,0,1,5,3,0,2,0,2,1,1,4,4,4,7,2,3,2,2,3,1,1,2,2,7,2,1,1,2,0,3,3,1,5,3,2,3,5,2,2,4,2,2,4,2,5,1,5,4,0,2,0,3,2,4,0,4,3,1,1,4,3,4,6,3,1,2,2,4,3,6,2,0,2,0,0,2,0,0,1,0,0,3,1,1,5,0,3,2,3,2,0,1,1,1,2,0,0,0,3
"CATTCGGAATCCAGCTTTACATCGGCAACAAAAATATTTTTGTCAAAGGATTGCTGTCTT",0,0,0,0,0,0,0,0,0,0,1,0,0,0,0,0,0,0,0,0,1,0,0,0,0,0,1,0,0,0,0,0,0,0,0,0,0,2,1,0,0,2,0,0,0,0,1,0,0,0,0,0,0,0,0,0,0,0,1,1,0,0,0,0,0,0,0,0,0,0,0,0,0,0,0,0,0,0,0,0,0,0,0,0,0,0,0,0,0,0,0,0,0,0,0,0,0,0,0,0,0,0
"CTGCCCACCGCGAGCGTGCGGAGCCGAGTCGAGGTCGTGGCCGAGGTCGGATCGACCGTC",0,0,0,0,0,0,0,0,0,0,0,0,0,0,0,0,0,0,0,0,0,0,0,0,0,0,0,0,0,0,0,0,0,0,0,0,0,0,0,0,0,0,0,0,0,0,0,0,0,0,0,0,0,0,0,0,0,0,0,1,0,0,0,0,0,0,1,0,0,0,0,0,0,0,0,0,0,0,0,0,0,0,0,0,0,0,0,1,0,0,0,0,0,0,0,0,0,0,0,0,0,0
"GACGCTAAGAGTCATGTCCGACGGACACCCACTATTCAAGCGACGATAAGCTCACGCCTG",0,1,0,0,0,0,0,0,0,1,0,0,0,0,0,0,0,0,0,0,0,0,0,0,0,0,0,0,0,0,0,0,0,0,0,0,0,0,0,0,0,0,0,0,0,0,0,0,0,0,0,0,0,0,0,0,0,0,0,0,0,0,0,0,0,0,0,0,0,0,0,0,0,0,0,0,0,0,0,0,0,0,0,0,0,0,0,0,0,0,0,0,0,0,0,0,0,0,0,0,0,0
"GCACCTGGCGCGCATGCAAGCCTCGGCCGCCGCGCTCAATTTGCCGCTCGAGCGGAAGTC",0,0,0,0,0,0,0,0,0,0,0,0,0,0,0,0,0,0,0,0,0,0,0,0,0,0,0,0,0,0,0,0,0,0,0,0,0,0,0,0,0,0,0,0,0,0,0,0,0,0,0,0,0,0,0,0,0,0,0,0,0,0,0,0,0,0,0,0,0,0,0,0,0,0,0,0,0,0,0,3,0,0,0,0,0,0,0,0,0,0,0,0,0,0,0,0,0,0,0,0,0,0
"GCATCAGGCTGCAACTTCATCTCAACCATTAACGTTGAGCTCGCCGCGGATGCAGCGGCA",0,0,0,0,1,0,1,0,0,0,0,1,1,1,0,0,0,0,0,0,0,0,0,0,0,0,0,0,0,0,0,0,0,0,0,0,0,0,0,0,0,0,0,0,0,0,0,0,0,0,0,0,0,0,0,0,0,0,0,0,0,0,0,0,0,0,0,0,0,1,0,0,0,0,0,0,0,0,0,0,0,0,0,0,0,0,0,1,0,0,0,0,0,0,0,0,0,0,0,0,0,0
"GCCAAAGGGTGCCATCATCTTTCATCGTCCTATTTGGACATTGGTATCGGATCACGGCTG",0,0,0,0,0,0,0,0,0,0,0,0,0,0,0,0,0,0,0,1,0,0,0,0,0,0,0,1,0,0,0,0,0,0,0,0,0,0,0,0,0,0,0,0,0,0,0,0,0,0,0,0,0,0,0,0,0,0,0,0,0,0,0,0,0,0,0,0,0,0,0,0,0,0,0,0,0,0,0,0,0,0,0,0,0,0,0,0,0,0,0,0,0,0,0,0,0,0,0,0,0,0
"GCCAACGGCGCCGACCACCGCAGTGAAACGGAAATATCGGTCTCCAATACGGCTCGCTTG",0,0,0,0,0,0,0,0,0,0,0,0,0,1,0,0,0,0,0,0,0,0,0,0,0,0,0,0,0,0,0,0,0,0,0,0,0,0,0,0,0,0,0,0,0,0,0,0,0,0,0,0,0,0,0,0,0,0,0,0,0,0,0,0,0,0,0,0,0,0,0,0,0,0,0,0,0,0,0,0,0,0,0,0,0,0,0,0,0,0,0,0,0,0,0,0,0,1,0,0,0,0
"GCCCACCGCTGCGACCACGTCACCACCGTCCAGGGGGACCTGGCCGCCTCGGCACGACTG",0,1,0,1,3,0,1,1,1,2,0,2,0,3,0,0,0,0,0,0,0,0,0,0,0,0,0,0,0,0,0,0,0,1,0,0,0,0,0,0,0,0,0,0,0,0,2,0,0,0,0,0,0,0,0,0,0,0,0,0,0,0,1,0,0,0,0,0,0,0,0,0,0,1,0,0,1,0,0,2,0,0,0,0,2,0,0,0,0,0,0,1,1,0,3,0,0,1,2,0,2,0
"GCCGACAGCTGCTCTCACCGGGTGGACGCAACAGTCGAGATGGCGGGCAACGCCCGCCTG",1,0,0,3,0,0,0,1,0,2,2,0,0,2,0,0,1,0,0,0,0,0,1,0,0,0,0,0,0,0,0,0,0,0,0,0,0,1,0,1,0,1,1,0,0,0,0,0,1,1,0,0,0,0,1,0,0,0,0,1,0,0,1,0,0,0,1,0,0,0,0,0,1,1,0,0,2,0,0,0,1,0,1,0,0,0,0,1,0,0,2,0,0,1,0,0,1,1,2,2,1,0
"GCCGAGGGGGCACGCGTCGAGCGCCGCACACAGATCGACCTTGATAGGGGTGGATGCGCT",0,0,0,0,0,0,0,0,0,0,0,0,0,0,0,0,0,1,0,0,0,0,0,0,0,0,0,0,0,0,0,0,0,0,0,0,0,0,0,1,0,0,0,0,0,0,1,0,0,0,0,0,0,0,0,0,0,0,0,0,0,0,0,0,0,0,0,0,0,0,0,0,0,0,0,0,0,0,0,0,0,0,0,0,0,0,0,0,0,0,0,0,0,0,0,0,0,0,0,0,0,0
"GCCGAGGGTTCCGACGTACGTCGTCGCACGTCCGTGCTGCTTCCCGCCGACGCGCGGCTG",0,0,0,0,0,0,0,0,0,0,0,0,0,0,0,0,0,0,0,0,0,0,0,0,0,0,0,1,0,1,0,0,0,0,1,0,1,0,0,0,0,0,0,0,0,1,0,0,1,0,0,0,0,0,0,0,0,0,0,0,0,0,0,0,0,0,0,0,0,0,0,1,0,1,0,0,0,0,0,0,0,1,0,1,0,0,0,0,0,1,0,0,1,0,0,0,0,0,0,0,0,0
"GCGACCGGCGCCGTGGTCGAGCGTGACGTCGACATCACCCTGCACGGTTCCGGCGCGACG",0,0,0,0,0,0,0,0,1,0,0,0,0,1,0,1,0,0,0,0,0,0,0,0,0,0,0,0,0,0,0,0,0,0,0,0,0,0,0,0,0,0,0,0,0,0,0,0,0,1,0,0,0,0,0,0,0,0,0,0,0,0,0,0,0,0,0,0,0,0,0,0,1,1,0,0,1,0,0,0,0,0,0,0,0,0,0,0,0,0,0,0,0,0,0,0,0,0,0,0,0,0
"GCGGCCCGGTGCCGGCACACCACGGTGTCCACAGTGGACCTCGATCCGGCCGCCGAGCTG",0,0,0,0,1,1,0,1,1,0,0,0,0,0,0,0,0,0,2,0,0,0,0,0,0,0,0,1,0,1,0,0,0,0,0,0,0,0,0,2,1,0,0,0,0,0,1,0,0,0,0,0,0,0,0,0,0,0,0,0,0,0,0,1,0,0,0,1,0,0,0,0,0,0,0,0,0,0,0,0,0,0,1,0,0,1,0,0,0,0,0,0,0,0,0,1,1,0,0,0,0,1
"GCGGCCGGCAGTCACGTCCACCGCTCGCTGTTGGCGACCCTCGAGGGGAGCGCGCAGTTC",0,0,0,0,0,0,0,0,0,0,0,0,0,0,0,0,0,0,0,0,0,0,0,0,0,0,0,0,0,0,0,0,0,0,0,0,0,0,0,0,0,0,0,0,0,0,0,0,0,0,0,0,0,0,0,0,0,0,0,0,0,0,0,0,0,0,0,0,0,0,0,0,0,0,0,0,0,0,0,0,0,0,0,0,0,0,0,0,0,0,0,0,1,0,0,0,0,0,0,0,0,0
"GCGGGTGGCAGTGAGCTGTGTGTGGCGTCCGTGATCGATCTCGAACCCGGGGCGCGGCTC",2,0,0,0,0,0,0,0,0,0,1,0,0,0,0,0,0,0,0,0,1,0,0,0,0,0,0,0,0,0,0,0,0,0,0,0,0,0,0,0,1,0,1,0,0,0,0,0,0,0,0,0,0,0,0,0,0,0,1,0,0,0,0,0,0,0,0,0,0,0,0,0,0,0,0,0,0,0,0,0,0,0,0,0,0,0,0,0,0,0,0,0,0,0,0,0,0,0,0,0,0,0
"GCTGATGGCGCCGACGTCGCCCGGAGCCTCCGATGTGACGTCGCCCGAGGAGGGCGGGTC",0,0,0,0,0,0,0,0,0,0,0,0,0,0,0,0,0,0,0,0,0,0,0,0,0,0,0,0,0,0,0,0,0,0,0,0,0,0,0,0,0,0,0,0,0,0,0,0,0,0,0,0,0,0,0,0,0,0,0,0,0,0,0,0,0,0,0,0,0,0,0,0,0,0,0,0,0,0,0,0,0,0,0,0,0,0,0,0,0,0,0,0,0,0,0,0,0,0,0,0,0,0
"GCTGCCACCTCACGCCACCTCACGTCGACCCGGCTGGAGCTGACCGGGGCCGGCCGCGTC",0,0,0,0,0,0,1,0,0,0,0,0,0,0,0,0,0,0,0,0,0,1,0,0,1,0,0,0,0,0,0,1,0,0,0,0,0,0,0,0,0,0,0,0,0,0,1,0,0,0,0,0,0,0,0,0,0,0,0,0,0,0,0,0,0,1,0,0,0,0,0,0,0,0,0,0,0,0,0,0,0,0,0,0,0,0,0,0,0,0,0,0,0,0,0,0,0,0,0,0,0,0
"GCTTCCGGTGCCCACGTCCACCAAACAACCCGCATCGCGCTCGCGGGCCAGGCGGATTGT",0,0,0,0,0,0,0,0,0,0,0,0,0,0,0,0,0,0,0,0,0,0,0,0,0,0,1,0,0,0,0,0,0,0,1,0,0,0,0,0,0,0,0,0,0,0,0,0,0,0,0,0,0,0,0,0,0,0,0,0,0,0,0,0,0,0,0,0,0,0,0,0,0,0,0,0,1,0,0,0,0,0,0,0,2,0,0,0,0,0,0,0,0,0,0,0,0,0,0,0,0,0
"GGCGCTCGCGGATCATTGCAACAAAGAGTCAGTATCCACTTAGCGCAGAACTCAGTGCTT",0,0,0,0,0,0,0,0,0,0,0,0,0,0,0,0,0,0,0,0,0,0,0,0,0,0,0,0,0,0,0,0,0,0,0,0,0,0,0,0,0,0,0,0,0,0,0,0,0,0,0,0,0,0,0,0,0,0,0,0,0,0,0,0,0,0,0,0,0,0,0,0,0,0,0,0,0,0,0,0,0,0,0,0,0,0,0,0,0,0,0,0,0,0,0,0,0,0,0,0,0,0
"GTCGCTGGGAGCAACCACGTCCAGCACACGGCAGTGGCTCTCGCCGACGACACATCGTCG",0,0,0,0,0,0,0,0,0,0,0,0,0,0,0,0,0,0,0,0,0,0,0,0,0,0,1,0,0,1,0,0,0,0,0,1,1,0,0,0,0,0,1,0,1,0,0,0,0,0,0,0,0,0,0,0,1,0,0,0,0,0,0,0,0,0,0,0,1,0,0,0,0,0,0,0,0,0,0,0,0,0,0,0,0,0,0,0,0,0,0,0,0,0,0,0,0,0,0,0,0,1
"GTGATGGGAAGCGACCACCGCGTTCGGCTCCGACTGGAGGTCGCCGCCACCGGTTCGGCC",0,0,0,0,0,0,0,0,0,0,0,0,0,0,0,0,0,0,0,0,0,0,0,0,0,0,0,0,0,0,0,0,0,0,0,0,0,0,0,0,0,0,0,0,0,0,0,0,0,0,0,0,0,0,0,0,0,0,0,0,0,0,0,0,0,0,0,0,0,0,0,0,0,0,0,1,0,0,0,0,0,0,0,0,0,0,0,0,0,0,0,0,0,0,0,0,0,0,0,0,0,0
"GTGCATGGCAGTGACCATCTAGTCGACATGACGGTGTCGTTGTCGCGTGGTGCGCGACTG",0,0,0,0,0,0,0,1,0,0,0,0,0,0,0,0,0,0,0,0,0,0,0,0,0,0,0,0,0,2,0,0,0,0,0,0,0,0,0,0,1,0,0,0,0,0,0,0,0,0,0,0,1,0,0,0,0,0,0,0,0,0,0,0,1,0,0,0,0,0,0,0,0,0,0,0,0,0,0,0,0,0,0,0,0,0,0,0,0,0,0,0,0,0,0,0,0,0,0,0,0,0
"GTGGCAGGCTCGAACCATCGCATGTCGACGGTGGTGCGTCTCGGTCCCCGCGCGACGTGT",2,0,0,0,0,0,0,0,0,0,0,0,0,0,0,0,0,0,0,0,0,0,0,0,0,0,0,3,0,0,0,1,1,0,0,0,1,0,0,0,0,0,1,0,1,0,0,0,0,0,0,0,0,0,0,0,0,0,0,0,0,0,0,0,0,0,0,0,0,0,1,0,0,1,0,1,0,0,0,0,0,0,0,0,0,0,0,0,0,0,0,0,0,0,0,0,0,1,0,0,0,0
"GTGGCGGGCGCCGACCACCGGAGCACGACCACCCTGACCCTGGCTGCGACTGCATCAGTG",2,1,0,0,0,0,0,0,0,0,0,0,0,0,0,0,1,0,0,0,0,0,1,0,0,0,0,1,0,0,2,0,0,0,0,0,1,0,1,0,0,0,0,0,0,0,0,0,0,0,0,0,1,0,0,0,0,0,0,0,0,0,0,0,0,0,0,0,0,0,0,0,0,0,0,0,1,0,0,0,0,0,1,0,0,0,0,0,1,0,0,0,1,0,0,0,0,0,0,0,0,0
"TACAAGGACGCGGTTTTGTACAGCAGCACCAATGTGCAGATGGAAATCGGCTCTACCCTG",1,0,0,0,0,0,0,0,0,0,0,0,0,0,0,0,0,0,0,0,0,0,0,0,0,0,0,0,0,0,0,0,0,0,0,0,0,0,0,0,0,0,0,0,0,0,0,0,0,0,0,0,0,0,0,0,0,0,0,0,0,0,0,0,0,0,0,0,0,0,0,0,0,0,0,0,0,0,0,0,0,0,0,0,0,0,0,0,0,0,0,0,0,0,0,0,0,0,0,0,0,0
"TACCGAGCTTCAAGCTGGCATCAATCACAACGCTTCCACCTGACTTCGTCCAGCTCACTG",0,0,0,0,0,0,0,0,0,0,0,0,0,0,0,0,0,0,0,0,0,0,0,0,0,0,0,0,0,0,0,0,0,0,0,0,0,0,0,0,0,0,0,0,0,0,0,0,0,0,0,0,0,0,0,0,0,0,0,0,0,0,0,0,0,0,0,0,0,0,0,0,0,0,0,0,0,0,0,0,0,0,0,0,0,0,0,0,0,0,0,0,0,0,0,0,0,0,0,0,0,0
"TACCGCGCCGCGTGCTACGAGTCTCGCGTTCACATTCGCCTCGAGCCCGGCGCGAGCTTC",0,0,0,0,0,1,0,0,0,0,0,0,0,0,0,0,0,0,0,0,0,0,0,0,0,0,0,0,0,0,0,0,0,0,0,0,0,0,0,0,0,0,0,0,0,0,0,0,0,0,0,0,0,0,0,0,0,0,0,0,0,0,0,0,0,0,0,0,0,0,0,0,0,0,0,0,0,0,0,0,0,0,0,0,0,0,0,0,0,0,0,0,0,0,0,0,0,0,0,0,0,0
"TACCGGGAAGCAAGCTATCGGCAGAGGACGTCCGTGACCCTGCGGCCCTCGTCATCGCTG",0,0,0,0,0,0,0,0,0,0,0,0,0,0,0,0,0,0,1,0,0,2,0,0,0,0,0,0,0,0,0,0,0,1,0,0,0,0,0,1,0,0,0,0,0,1,0,0,2,0,0,0,0,0,0,0,0,0,0,1,0,0,0,1,0,0,0,1,0,0,0,0,0,0,0,0,0,0,0,0,0,0,0,0,0,0,0,0,0,0,0,0,0,0,0,0,0,0,0,0,0,0
"TACGCCCGCTCGCGCTTCCATCAGTCGGCCATCATCGATCTGCAAGAGGATGCGACCCTC",1,1,2,1,0,0,0,3,0,0,1,0,0,0,2,1,3,1,0,4,3,0,3,1,2,1,5,2,1,2,2,0,0,0,1,5,3,1,2,2,1,1,3,2,5,5,5,3,0,2,1,1,3,1,4,3,4,4,4,3,5,5,3,3,6,1,1,8,5,0,1,4,6,5,8,6,3,2,5,6,3,7,8,1,3,4,1,6,3,5,5,1,5,1,7,0,1,3,1,0,4,1
"TACGCCGGCGCAGATTTCTCGCAGGACCAGCATTACGATCTCGCGAGTCGTGCAAATCTG",0,0,0,0,0,0,0,0,0,0,0,0,0,0,0,1,0,0,0,0,0,0,0,0,1,0,1,0,0,0,0,0,0,0,0,0,0,0,0,0,0,0,0,0,0,0,0,0,0,0,1,0,0,1,0,0,0,0,0,0,0,0,0,0,0,0,0,0,0,0,0,0,0,0,0,0,0,0,0,0,0,0,0,0,0,0,0,0,0,0,0,0,0,0,0,0,0,0,0,0,0,1
"TACGCCGGGGCAAGCCTGGACCTGCGCTGGTCGGCGCACATCGAAGAGGGCGGCGCGCTC",0,1,1,0,0,0,0,1,1,3,0,1,1,0,0,0,0,0,0,0,0,0,0,0,0,0,0,1,0,0,0,0,0,0,0,0,0,0,0,0,0,1,0,0,1,1,0,0,0,0,0,0,0,0,0,1,1,0,1,0,0,0,0,0,0,0,2,0,0,0,0,0,0,0,0,0,0,0,1,0,1,0,0,2,1,0,0,0,0,1,0,0,0,0,1,0,0,0,3,1,0,0
"TACGCCGGTTCGGTTTATGAGCAACGTCAAACCTTCCGCATAGCCGCGAATTCGGGCCTG",0,0,0,0,0,0,0,0,0,0,0,0,0,0,0,0,0,0,0,1,0,0,0,0,0,0,0,0,0,0,0,0,0,0,0,0,0,0,0,0,0,0,0,0,0,0,0,0,0,0,0,1,0,0,0,0,0,0,0,0,0,0,0,0,0,0,0,0,0,0,1,0,0,0,0,0,0,0,0,0,0,0,0,0,0,0,0,0,1,0,0,0,0,0,0,0,0,0,0,0,0,0
"TACTCCGGATCGAGCTACGTGGAACATCTCACGATGGAGGTCGACATCGGCGGACGGCTT",0,0,0,0,0,0,0,0,0,0,0,0,0,0,0,0,0,0,0,0,0,0,1,0,0,0,0,0,1,0,0,0,0,1,0,0,0,0,0,0,0,0,0,0,0,0,1,0,0,1,0,0,0,0,0,0,0,0,0,0,0,0,0,0,0,1,0,0,0,0,0,0,0,0,0,0,0,0,0,0,0,0,0,0,0,0,0,0,0,0,0,0,0,0,0,0,0,0,0,0,0,0
"TATAACGCCACCCGCGCGGAATCGAACTTCAGCCTGCAAATCGAAACCGGAGCGACCGCT",0,0,0,0,0,0,0,0,0,0,0,0,0,0,0,0,0,0,0,0,0,0,0,0,0,0,0,0,0,0,0,0,0,0,0,0,0,0,0,0,0,0,0,0,0,0,0,0,0,0,0,0,0,0,0,0,0,0,0,0,0,0,0,0,0,0,0,0,0,0,0,0,0,0,0,0,0,0,0,0,0,0,0,0,0,0,0,0,0,0,0,0,0,0,0,0,0,0,0,0,0,0
"TATAAGGATGCCAGCTTATCCGCTGAGATGGACGTTCATTTATCACCAGGGTCTGCATTC",0,0,0,0,1,0,0,0,0,0,0,0,0,0,0,0,0,0,0,0,0,0,0,0,0,0,0,0,0,0,0,0,0,0,0,0,0,0,0,0,0,0,0,0,0,0,0,0,0,0,0,0,0,0,0,0,0,0,0,0,0,0,0,0,0,0,0,0,0,0,0,0,0,0,0,0,0,0,0,0,0,0,0,0,0,0,0,0,0,0,0,0,0,0,0,0,0,0,0,0,0,0
"TATCAACACTCGCACCTGACGCGGCAGACCACCATCGACCTTGCCCCTGACGCCGAATGT",0,0,0,0,0,0,0,0,0,0,0,0,0,0,0,0,0,0,0,0,0,0,0,0,0,0,0,0,0,0,0,0,0,0,0,0,0,0,0,0,0,0,0,0,0,0,0,0,0,0,0,0,0,0,0,0,0,0,0,0,0,0,0,0,0,0,0,0,0,0,0,0,0,0,0,0,0,0,0,0,0,0,0,0,0,0,0,0,0,0,0,0,0,0,0,0,0,0,0,0,0,0
"TATCGACAAGCGCGCTATAAACAAAAAAATATCATCCATATGGAAAAAGGCGCTACGTTT",0,0,0,0,0,0,0,0,0,0,0,0,0,0,0,0,0,0,0,0,0,0,0,0,0,0,1,0,0,0,0,0,0,0,0,0,0,0,0,0,0,1,0,0,0,0,0,0,0,0,0,0,0,0,0,0,0,0,0,0,0,0,1,0,0,0,0,0,0,0,0,0,0,0,0,0,0,0,1,0,0,0,0,0,0,0,0,0,0,0,0,0,0,0,0,0,2,1,0,0,0,0
"TATCGCGACGCGCAGTTCGCGCAGACCACGGCGCTCGCGCTCGCAGCCGAGAGCACCCTT",0,1,0,0,0,0,0,0,0,0,0,0,0,0,0,0,0,0,1,0,1,1,0,0,0,0,0,0,0,1,0,0,0,0,1,0,0,0,0,0,0,0,0,0,0,0,0,1,0,0,0,0,0,0,1,0,1,0,1,0,0,0,0,0,0,0,0,0,0,0,0,0,0,0,0,0,0,0,2,0,0,0,0,0,0,1,0,0,1,0,0,1,0,0,0,0,0,0,0,0,0,0
"TATCGGGGCGCGGACGTACGCACTGCTACGCGTGTGCATGTCGACGCGAATTCCAGATTC",1,0,0,0,0,0,0,0,0,0,1,0,0,0,0,1,0,0,1,0,0,1,1,1,0,0,0,0,0,1,0,1,6,0,0,1,0,0,0,0,0,0,1,0,0,2,0,0,1,0,0,0,0,0,0,0,0,0,0,0,0,0,0,0,1,0,0,0,0,0,0,0,0,0,0,0,0,0,0,2,0,0,0,0,0,0,1,0,0,0,0,0,0,0,0,0,0,0,0,0,0,0
"TATGAAGCGAGCCGCGCGCGCATCGAATGGCGCGCCGACCTCGCCGACGATGCGCGGCTC",0,0,0,1,0,0,0,0,0,1,0,0,0,0,0,1,0,1,0,0,1,0,0,0,1,0,0,2,0,0,0,1,0,0,0,0,0,0,0,0,1,0,2,2,0,0,0,1,0,0,0,0,0,0,0,0,0,0,0,0,0,0,0,0,0,0,0,0,0,0,0,0,0,0,0,0,0,0,0,2,2,0,0,0,0,1,0,0,0,0,0,0,0,0,0,0,0,1,0,0,0,0
"TATGACGGCGCCTGCGTCAGCCTGGAACACACGGTGGAACTGGCGGCAGGGGCGCGCTAC",0,0,1,0,1,0,0,1,0,0,0,0,0,1,0,0,1,2,1,0,0,1,1,1,0,1,1,1,0,0,1,0,0,1,1,1,0,0,0,0,0,0,1,0,0,4,1,1,0,0,3,0,0,1,1,0,0,0,0,1,1,1,0,0,0,2,2,0,1,0,0,0,0,0,0,1,0,1,1,0,0,1,4,0,1,0,1,0,0,0,0,0,0,1,1,3,1,1,0,0,0,0
"TATGAGGACGCCGCGCTGCATACGGGTTGTGAAGCGACTCTTGAAACGGGTGGCACTTTA",0,0,0,0,0,0,0,0,0,0,0,0,0,0,0,0,0,0,0,0,0,0,0,0,0,0,0,0,0,0,0,0,0,0,0,0,0,0,0,0,0,0,0,0,0,0,0,0,0,0,0,0,0,0,0,0,0,0,0,0,0,0,0,0,0,0,0,0,0,0,0,0,0,0,0,0,0,0,0,0,0,0,0,0,0,0,0,0,0,0,0,0,0,0,0,0,0,0,0,0,0,0
"TATGCGGGGAGTCTGCTGGATGCACGCACGACCTGCACCGTGGACCCGGACGGGGTGCTG",1,0,0,0,0,0,0,0,0,0,0,0,0,0,0,0,1,0,0,0,0,0,0,0,0,0,0,0,0,0,0,0,0,0,0,0,0,0,0,0,0,0,0,0,0,0,0,0,0,0,0,0,0,0,0,0,0,0,0,0,0,0,0,0,0,0,0,0,0,0,0,0,0,0,0,0,0,0,0,0,0,0,0,0,0,0,0,0,0,0,0,0,0,0,0,0,0,0,0,0,0,0
"TCCGACGGCGCAAACACGTTGCGGCACAGTACGTTCACCTTGGGCGATCGGGCGTCCATG",0,0,0,0,0,0,0,0,0,0,0,0,0,0,0,0,0,0,0,0,0,0,0,0,0,0,0,0,0,0,0,0,0,0,0,0,0,0,0,0,0,0,0,0,0,0,0,0,0,0,0,0,0,0,0,0,0,0,0,0,0,0,0,0,0,0,0,0,0,0,0,0,0,0,0,0,0,0,0,0,0,0,0,0,0,0,0,0,0,0,0,0,0,0,0,0,0,0,0,0,0,0
"TCGACCGGCGCGGACGTGGCCCGAAGCCTCGACCTCCACCTCAGGGAGAGGGCGGTCGCC",0,0,0,0,0,0,0,0,0,0,0,0,0,0,0,0,0,0,0,0,1,0,0,0,0,0,0,0,0,0,0,0,0,1,0,0,0,0,0,0,0,0,0,0,0,0,0,0,0,0,0,0,0,0,0,0,0,0,0,0,0,0,0,0,0,1,0,0,0,0,1,0,1,0,0,0,1,0,1,0,0,1,1,0,0,0,0,0,1,0,0,1,0,0,0,0,2,0,0,0,1,0
"TCGCCGGGCGCGCGCCTTCATCGCGACATGCGGGTGACCATGGACCGCGAGTCCACGCTC",0,0,0,0,0,0,0,0,0,0,1,0,0,0,0,0,0,0,0,0,0,0,0,0,0,0,0,0,0,0,0,0,0,0,0,0,0,0,0,0,0,0,0,0,0,0,0,0,0,0,0,0,0,0,0,0,0,0,0,0,0,0,0,0,0,0,0,0,0,0,0,0,0,0,0,0,0,0,0,1,0,0,0,0,0,0,0,0,1,0,0,0,0,0,0,0,0,0,0,0,0,0
"TCGGCCGACGCCGACGTCACGCGGTCGACAACAGCCCACCTCGAAAGGGATTGCACAGCC",0,0,0,0,0,0,0,0,0,0,0,0,0,0,0,0,0,0,0,0,0,0,0,0,0,0,0,0,0,0,0,0,0,0,0,0,0,0,0,0,0,1,0,0,0,0,0,0,0,0,0,0,0,0,0,0,0,0,0,0,0,0,0,0,0,0,0,0,0,0,0,0,0,0,0,0,0,0,0,0,0,0,0,0,0,0,0,0,0,0,0,0,0,0,0,0,0,0,0,0,0,0
"TCTCCCGGGGCGTCCGCGCACCAGTCCACCGAGCTCGTGCTGGAGCCGGGAGCGACGGCG",1,2,0,0,0,3,0,1,0,1,0,0,0,0,3,3,1,2,2,2,0,0,2,2,2,3,1,1,1,0,1,1,1,1,0,1,0,0,1,0,0,1,0,0,3,2,3,1,2,1,0,0,1,1,2,1,0,1,0,0,2,1,0,0,0,2,0,0,2,0,1,0,0,0,0,1,3,0,1,0,1,1,0,0,0,0,3,1,0,1,1,2,0,0,0,2,0,0,0,0,0,1
"TGCAAGGATGCGCAGTTTGTGCAGACTATCGAAATCGATGCGTGCGCCAGTGCCACCGCG",0,0,1,0,0,0,0,0,0,0,0,0,0,0,0,0,0,0,0,0,0,0,0,0,0,0,0,0,0,0,0,0,0,0,0,0,0,0,0,0,0,0,0,0,0,0,0,0,0,0,0,0,0,0,0,1,0,0,0,0,0,0,0,0,0,0,0,0,0,0,0,0,0,0,0,0,0,0,0,0,0,0,0,0,0,0,0,0,0,0,1,0,0,0,0,0,0,0,0,0,0,0
"TGCCGCGAGGCTCGCGTCGAGCAGGAAGTCGTCATTGAAGCCTCGTCGGGCGCCGAGCTG",0,0,1,0,0,1,0,0,0,0,0,0,0,0,0,0,0,0,0,0,0,0,0,0,0,0,0,1,0,0,0,1,0,0,0,1,0,0,0,1,0,0,0,0,0,0,0,0,1,0,0,0,0,0,1,0,0,0,0,0,0,0,0,0,0,0,0,0,0,0,0,2,0,0,0,0,0,0,0,0,0,0,0,0,0,0,0,0,0,0,0,0,0,0,0,0,0,0,0,0,0,0
"TGCCGCGTCGCTGCCTTCAATCAGCACATAGCCGTCGAACTGGCCACTGTCGCTACCGCC",0,0,0,1,0,0,0,0,0,0,0,0,0,0,0,0,0,0,0,0,0,0,0,0,1,0,0,0,0,0,0,0,0,0,0,0,0,0,0,0,0,0,0,0,0,0,0,0,0,0,0,0,0,0,0,0,0,0,0,0,0,0,0,0,0,1,0,0,0,0,0,0,0,0,0,0,0,0,0,0,0,0,0,1,0,0,0,0,0,0,0,0,0,1,0,0,0,0,0,0,0,0
"TGCGAGGGCAGCCGGGTCGACGTCACGGTCGCGATAACGCTGGCCGAGGACGCGGCGCTG",0,0,0,0,0,1,0,0,0,0,0,0,0,0,0,1,0,0,1,0,0,0,0,0,0,0,0,0,1,0,0,0,1,0,1,1,0,1,0,0,0,1,1,0,0,2,0,0,0,1,0,1,0,1,1,0,0,1,1,0,3,0,2,1,2,1,0,0,0,1,0,2,0,0,0,0,0,1,2,2,0,0,0,1,0,2,0,0,0,0,0,0,0,0,0,0,1,2,0,0,0,2
"TGCGATGGCGCAGAGCTGCGCAGCAGCATGACTGTCACGGTGCAGCGCGGGGCGCAGGCC",0,0,0,1,0,0,0,1,0,0,0,0,0,0,0,0,0,0,0,0,0,0,0,0,0,0,0,0,0,0,0,0,0,0,0,0,0,0,0,0,1,0,0,0,0,0,1,0,0,0,0,0,0,0,0,0,0,0,0,0,0,0,0,0,0,0,0,0,0,0,0,0,1,0,0,0,0,0,0,0,0,0,0,0,0,0,0,0,0,0,0,0,0,0,0,0,0,0,0,0,0,0
"TGCGTGCAGAGCAATCACCGTTCTCGCGTCGAGGTCGCGCTCATCGGCGATGGCGCGCTC",0,0,0,0,0,0,0,0,0,0,0,0,0,0,0,0,0,0,0,0,0,0,0,0,0,0,0,0,0,0,0,0,0,0,0,0,0,0,0,0,0,0,0,0,0,0,0,0,0,0,0,0,0,0,0,0,0,0,0,0,0,0,0,0,0,0,0,0,0,0,0,0,0,0,0,0,0,0,0,0,0,0,0,0,0,0,0,0,0,0,0,0,0,0,0,0,0,0,0,0,0,0
"TGTGCCGGAGCGGCATACGAGGCACAGATCACGGTAGAGCTGCCGTGGGAGGCCATGGCG",0,0,0,0,0,0,0,0,0,0,0,0,0,0,0,0,0,0,1,0,0,0,0,0,0,0,0,0,0,0,0,0,0,0,0,0,0,0,0,0,0,0,0,0,0,0,0,0,0,0,0,0,0,0,0,1,0,0,0,0,0,0,0,0,0,0,0,0,0,0,0,0,0,0,0,0,0,0,0,0,0,0,0,0,0,0,0,0,0,0,0,0,0,0,0,0,0,0,1,0,0,0
"TTCAAAAATAGTGTCTATGAGCAGATACAGATTTTCAAGCTGGCACGCAACTCTTCGCTG",0,0,0,0,0,0,0,0,0,0,0,0,0,0,0,0,0,0,0,0,0,0,0,0,0,2,0,0,0,0,0,0,0,0,0,0,0,0,0,0,0,0,0,0,0,0,0,0,0,0,0,0,0,0,0,0,0,0,0,0,0,0,0,0,0,0,0,0,0,0,0,0,0,0,0,0,0,1,0,0,1,0,2,0,0,0,0,0,0,0,0,1,0,0,0,0,0,0,0,0,0,0
"TTCAAAGACGCATCGCTACGCAGCGAATGCAATATCGATATCGAGACCGGCGGCGGCGTC",0,0,0,0,0,0,0,0,0,0,0,0,0,0,0,0,0,0,0,0,0,0,0,0,0,0,0,0,0,0,0,0,0,0,0,0,0,0,1,0,0,0,0,0,1,2,0,0,0,0,0,0,0,0,0,0,0,0,0,0,1,0,0,0,0,0,0,0,0,1,0,0,0,0,0,0,1,0,0,0,0,0,1,0,0,0,0,0,0,0,0,0,0,0,0,0,1,2,0,0,0,0
"TTCAAAGATGCATACTACACGCAACGGATCGACATCGAGCTCCGCGGAGAGGGTAGCTGC",0,0,0,0,0,0,0,0,0,0,0,0,0,0,0,0,0,0,1,0,0,0,0,0,0,0,0,0,0,0,0,0,0,0,0,0,0,0,0,0,0,0,0,0,0,0,0,0,0,0,0,0,0,1,0,0,0,0,0,0,0,0,0,0,0,0,0,0,0,0,0,0,0,0,0,0,0,0,0,0,0,0,0,0,0,0,0,0,1,0,0,0,0,0,0,0,0,0,0,0,0,0
"TTCAAAGGAAGCCGTCTTTACAACCAGACGGCCTGCGAGGTCCATACCGATGGCACCTTC",0,0,0,0,0,0,0,0,0,0,0,0,0,0,0,0,0,0,0,0,0,0,0,0,0,0,0,0,0,0,0,0,0,0,0,0,0,0,0,0,0,0,0,0,0,0,0,0,0,0,0,0,0,0,0,0,0,0,0,0,0,0,0,0,0,0,0,0,0,0,0,0,0,0,0,0,0,0,0,0,0,0,0,2,0,0,0,0,0,0,0,0,0,0,0,0,0,0,0,0,0,0
"TTCAACGACGCCTGCGCTGAAATACGCATGGCGGTGCGATTGTCGGGCGATGCAAGTTAT",0,0,0,0,0,0,0,0,0,0,0,0,0,0,0,0,1,0,1,0,0,0,0,0,0,0,0,0,0,0,0,0,2,0,0,0,0,0,0,0,0,0,0,0,0,0,0,0,2,0,0,0,0,0,0,0,1,0,0,0,1,0,0,0,1,0,0,0,0,0,1,0,0,0,0,0,0,0,0,0,0,0,0,0,0,0,0,0,0,0,0,0,0,0,0,0,0,0,0,0,0,0
"TTCAACGGTGCACGGGCGCGGTTGCGCTCGCGCATCGAATTGACGGGGGACGCGCTGTTC",1,0,0,0,0,1,1,0,0,0,2,2,0,1,0,0,0,2,0,0,2,1,2,3,1,0,1,2,0,0,0,0,0,1,1,1,1,0,1,0,1,1,0,1,1,1,1,0,2,2,0,4,0,2,2,0,0,0,0,0,0,0,0,1,1,0,1,0,0,0,0,1,0,0,0,0,0,1,1,0,0,0,0,0,0,0,1,0,0,0,0,0,0,0,0,0,0,0,0,0,0,2
"TTCAATTGGGCACGTCTTCACCGAACGACAGACATCGAACTTTTCACTGGAGCAGAGTTG",1,0,5,2,0,0,2,0,0,1,0,0,1,1,1,0,1,0,0,1,0,1,1,3,1,0,0,0,0,0,0,0,0,1,0,0,0,0,0,1,1,0,0,2,0,1,0,1,0,0,0,0,0,1,0,0,0,1,1,1,1,1,0,1,0,1,1,1,1,0,0,2,1,0,4,1,0,0,0,1,0,2,0,0,0,2,0,0,0,1,0,0,1,0,0,0,2,1,6,1,0,0
"TTCAGCGGCTGCCGGGCGGAAAACCGGCTGACCCTGCGCGTCGACGATGGTGCCGAGCTG",1,0,2,0,0,0,0,0,0,0,2,0,0,0,0,1,2,2,2,0,0,2,0,1,0,0,0,2,0,0,1,1,1,2,1,0,1,2,3,0,1,1,3,0,2,1,1,3,0,1,0,1,1,2,1,1,0,0,3,2,0,1,1,2,0,1,0,0,1,3,0,1,0,1,0,0,0,0,0,0,1,0,0,0,1,0,2,0,0,0,0,1,0,0,0,0,2,0,0,0,0,1
"TTCAGGGCGAGCCGGCTCGATCAACAGACGGAGGTCCAGCTTCGGCAAACGGCTCGGCTC",0,0,0,0,0,0,0,0,0,0,0,0,0,0,0,0,0,0,0,0,0,0,0,0,0,0,0,0,0,0,0,0,0,0,0,0,0,0,0,0,0,0,0,0,0,0,0,0,0,0,0,0,0,0,0,0,0,0,0,0,0,0,0,0,0,0,0,0,0,0,0,0,0,0,0,0,0,0,0,0,0,0,0,0,0,0,0,0,0,0,0,0,0,0,0,0,0,0,0,0,0,0
"TTCAGTGGCAGCATCGCATCGCTCGCCACGCGAGTCGAGCTCGAGGCAGGCTCGAGCTTC",0,0,0,0,0,0,0,0,0,0,0,0,0,0,0,0,0,0,0,0,0,0,1,0,0,0,0,0,0,0,0,0,0,0,0,0,0,0,0,0,0,0,0,0,0,0,0,0,0,0,0,0,0,0,0,0,0,0,0,0,0,0,0,0,0,0,0,0,0,0,0,0,0,0,0,0,0,0,0,0,0,0,0,0,0,0,0,0,0,0,0,0,0,0,0,0,1,0,0,0,0,0
"TTCCCCGAGGCGTATGCGAACATCGCGACGCGCGTTCGCCTCAGCGAACGCTCGAAGTTC",0,0,0,0,0,0,0,1,0,0,0,0,0,0,0,0,0,1,0,0,0,0,0,0,0,0,0,0,1,0,1,0,0,0,0,0,0,0,0,1,0,0,0,0,0,0,1,0,0,0,0,0,0,0,0,0,0,0,0,1,0,0,0,0,0,0,0,0,0,0,0,0,0,0,1,0,0,0,0,0,0,0,0,1,0,0,0,0,0,0,0,0,0,0,0,0,0,0,0,0,0,1
"TTCCCCGGCGCGAATTATCGCGGAATGACGGACGTAATGCTGGCCGAAGACAGCGTGGTG",0,0,0,0,0,0,0,0,0,0,0,0,0,0,0,0,0,0,0,0,0,0,0,0,0,0,0,0,0,0,0,0,1,1,0,0,0,0,0,0,0,0,0,0,0,0,0,0,0,0,0,0,0,0,0,0,0,0,0,0,0,0,0,0,0,0,0,0,0,0,0,0,0,0,0,0,0,0,0,0,0,0,0,0,0,0,0,0,0,0,0,0,0,0,0,1,0,0,0,0,0,0
"TTCCGAGATTGCCGTTACTACCAGCGCGGCCGCGTCGAGCTCGCCCCGCGCGCACGCCTG",1,0,2,0,0,0,0,0,1,2,0,0,0,0,0,1,0,0,0,0,0,0,1,0,0,0,0,1,0,0,2,0,0,0,1,1,1,0,0,1,0,0,0,0,0,0,0,0,0,0,0,1,0,0,1,2,0,0,1,3,0,0,0,0,0,0,2,2,0,1,0,0,0,0,0,0,0,0,1,1,3,0,1,1,2,0,0,0,1,0,2,2,2,3,2,3,0,0,0,1,2,1
"TTCCGATCGGCCGATCTGCGACAAGAAGTGCAGATCACGGTCGCGGTGGGTGGAACAGCT",0,0,0,0,0,0,0,0,0,0,0,0,0,0,0,0,0,0,1,0,0,0,0,0,0,0,0,0,0,0,0,0,0,0,0,0,0,0,0,0,0,0,0,0,0,0,0,0,0,0,0,0,0,0,0,0,0,0,0,0,0,0,0,0,0,0,0,0,0,0,0,0,0,0,0,0,0,0,0,0,0,0,0,0,0,0,0,0,0,0,0,0,0,0,0,0,0,0,0,0,0,0
"TTCCGCGGCTCGCGTTTCTTCCAACGGACATGTCTCACCGCCGATCCGAGCTCGACCGTC",0,0,0,0,1,1,1,1,0,4,0,1,0,0,0,0,0,0,0,0,0,0,1,1,0,0,0,0,0,0,0,0,0,0,0,0,0,0,0,0,0,0,0,0,1,1,0,1,0,0,0,0,0,2,0,0,0,0,0,0,0,0,1,0,0,0,0,0,0,0,0,0,0,1,0,0,1,0,0,0,1,0,0,0,0,0,0,0,0,0,0,0,0,0,0,0,2,1,0,0,0,0
"TTCCGTGATGCCCGTCTACACAGCCGTCTAAGGATTCGATTACATCAGGACGCTACGGTA",0,0,0,0,0,0,0,0,0,0,0,0,0,0,0,0,0,0,0,1,0,0,0,0,0,0,0,0,0,0,0,0,1,0,0,0,0,0,0,0,0,0,0,0,0,0,0,0,0,0,0,0,0,0,0,0,1,0,0,0,0,0,0,0,0,0,0,0,0,0,0,0,0,0,0,0,0,0,0,0,0,0,0,0,0,0,0,0,0,0,0,0,0,0,0,0,0,0,0,0,0,0
"TTCGAATCGGCGCATGCGCAACACGCATTGACTGTCGATCTTCAGGAGGGGGCGCTATTC",0,0,0,0,0,0,0,0,0,0,0,0,0,0,0,0,1,0,0,0,0,0,0,0,0,0,1,0,0,0,0,0,0,0,0,0,0,0,0,0,0,0,0,0,0,0,0,0,0,0,0,0,0,0,0,0,0,0,0,0,0,0,0,0,1,0,0,0,0,0,0,0,0,0,0,0,0,0,0,0,0,0,0,0,0,0,0,0,0,0,0,0,0,0,0,0,0,0,0,0,0,0
"TTCGACCGAGCCCGCCTGTCGCGCCGCATCGATATTGATCTTGTCGAGACATCGTCGTTG",4,11,10,15,16,3,13,8,8,7,2,13,22,11,3,2,5,10,1,9,10,4,3,7,8,4,6,2,5,8,3,4,10,3,8,5,7,5,4,11,11,2,6,3,3,1,7,3,3,7,13,8,9,5,4,6,11,14,14,12,8,9,8,13,1,11,7,9,9,9,12,7,12,8,5,0,24,19,11,12,11,12,8,11,9,12,1,12,13,11,15,15,9,13,16,5,6,2,7,16,19,0
"TTCGACCGGTCCGCGCTCGACCGTCGGACTGAGGTTTCCTTGCACGGCAGCGCCCGTCTG",1,0,0,0,0,1,0,1,0,0,0,0,0,0,1,2,1,0,2,1,0,0,1,1,0,1,0,0,1,1,2,0,0,0,0,0,0,0,0,0,1,3,2,0,0,0,0,0,0,1,0,1,0,2,0,1,0,1,0,0,1,0,1,0,0,1,0,1,0,0,0,0,0,0,0,1,0,0,0,0,0,0,1,0,0,0,0,0,1,2,2,0,0,1,0,0,0,0,0,0,1,0
"TTCGACGCAGCGCAGACGAAGCAGACGCATCGAGTGAGCTTGCAGCCCAATGCGCGCTAC",0,0,0,0,0,0,0,0,0,2,0,0,0,0,0,0,0,0,0,0,1,0,0,0,0,0,0,0,0,0,0,0,0,0,0,0,0,0,0,0,0,0,0,0,0,0,0,0,0,0,0,0,0,0,0,0,0,0,0,0,0,0,0,0,0,0,0,0,0,0,0,0,0,0,0,0,0,0,0,0,0,0,0,0,0,0,0,0,0,0,0,0,0,0,0,0,0,0,0,0,0,0
"TTCGACGGCGCGATCGTGTCATCGTCACTGCAGGTCGATGCACGCAGCAACGCAGCCGTC",0,0,0,0,0,0,0,0,0,0,0,0,0,0,0,0,0,0,0,0,0,0,0,0,0,0,0,0,0,0,0,0,0,0,0,0,0,0,0,0,0,0,0,0,0,0,0,0,0,0,0,0,0,0,0,0,1,0,0,0,0,0,0,0,0,0,0,0,0,0,0,0,0,0,0,0,0,0,0,0,0,0,0,0,0,0,0,0,0,0,0,0,0,0,0,0,0,0,0,0,0,0
"TTCGACGGGGCCGACGCGCGGGCGACGCTCGCGATCGAAGTGGCCGGACGCGGCTCGGCA",0,0,0,0,0,0,0,0,0,0,2,0,0,0,1,2,0,0,0,0,0,0,0,1,0,2,0,0,0,0,0,0,1,0,1,0,1,1,0,3,0,0,0,1,1,0,0,0,0,0,0,0,0,1,0,3,0,0,1,0,0,0,0,1,0,0,0,0,0,0,0,0,0,0,0,1,0,0,0,0,0,0,0,0,0,0,2,0,0,0,0,0,0,1,0,0,2,0,0,0,0,0
"TTCGACTTTTCGGCGCTCGCACGGACCCTCACCGCCGATGTCGGTCGCGGCGGGACGCTT",0,0,0,0,1,1,0,0,0,0,0,0,0,0,0,0,0,0,0,0,0,0,0,0,1,0,1,0,3,0,0,0,0,0,0,0,0,0,1,0,0,0,0,0,0,0,0,0,0,0,0,0,1,0,0,0,0,0,0,0,0,1,0,0,0,0,0,0,0,0,0,0,0,0,0,0,1,0,1,0,0,1,0,1,0,0,0,0,0,0,0,0,0,0,1,1,0,0,0,0,0,0
"TTCGAGCAGGCGCAAGCCACGCTATCGACCCACCTCCACCTTCAAACCGGGTCGCGCGCC",0,0,0,0,0,0,0,0,0,0,0,0,0,0,0,0,0,0,0,0,0,0,0,0,0,0,0,0,0,0,0,0,0,0,0,0,0,0,0,0,0,0,0,0,0,0,0,0,0,0,0,0,0,0,0,0,0,0,0,0,0,0,0,0,0,0,0,0,0,0,0,0,0,0,0,1,0,0,0,0,0,0,0,0,0,0,0,0,0,0,0,0,0,0,0,0,0,0,0,0,0,0
"TTCGAGCGGAGCCGGGTGCATAGGGTGAACCGGATCGCCATGGCCAAGTCGTCCCGCCTT",0,0,0,0,0,0,0,0,0,0,0,0,0,0,0,0,0,0,0,0,0,0,0,0,0,0,0,0,0,0,0,0,0,0,0,0,0,0,0,0,1,0,0,0,0,0,0,0,0,0,0,0,0,0,0,0,0,0,0,0,0,0,0,0,0,0,0,0,0,0,0,0,0,0,0,0,0,0,0,0,0,0,0,0,0,0,2,0,0,0,0,0,0,0,0,0,0,0,0,0,0,0
"TTCGAGGCCTCGGCGCTGACCCGAACGCTTGTTGTTGATCTTGCCGAATCCAGCCGTGCA",0,0,0,0,0,0,0,0,0,0,0,0,0,0,0,0,0,0,0,0,0,0,0,0,1,0,0,0,0,0,0,0,1,0,0,2,0,0,0,0,0,0,0,0,0,0,0,0,0,0,0,0,0,0,0,0,0,0,0,0,0,0,0,0,0,1,0,0,1,0,0,0,0,0,0,0,0,0,0,0,0,0,0,0,0,0,1,0,0,0,0,0,0,0,0,0,0,0,0,0,0,0
"TTCGAGGGCGCGCAGTTGAAGCGCCGCGCGGTGGCCGAAGTCGGCGCCGGGGCGGCGCTG",3,1,1,1,1,2,2,1,1,4,3,1,4,2,4,4,0,2,3,2,0,1,7,6,3,2,2,2,0,1,4,1,1,2,3,3,1,1,6,1,2,2,0,4,3,3,2,3,2,6,3,0,2,2,4,3,4,3,2,3,5,4,5,2,2,3,3,3,1,2,3,2,2,2,2,2,0,3,0,2,2,4,0,4,5,6,0,3,1,1,3,5,4,4,3,1,0,3,1,6,4,1
"TTCGAGGGCTCACGCCTGCGTAGATCCTTCGCCGCCGACGTGACGCCGACCGCAAGACTG",0,0,0,0,0,0,0,0,0,0,0,0,0,0,1,0,1,0,2,1,0,1,0,0,0,0,0,0,0,0,0,0,1,0,0,0,0,0,1,1,0,2,0,0,0,1,1,0,0,0,0,0,0,3,0,0,1,2,1,2,0,1,1,1,0,0,0,0,1,1,0,1,2,0,1,1,1,0,0,2,0,0,1,3,0,0,2,0,1,0,0,1,0,1,1,1,1,2,0,1,1,1
"TTCGATCATGCACACGCAGAGCTGGATTTCTCGCTGACGCTGGCAAAAGGCGCAACCGCC",0,0,0,0,0,0,0,0,0,0,0,0,0,0,0,0,0,0,0,0,0,0,0,0,0,0,0,0,0,0,0,0,0,1,0,0,0,0,0,0,0,0,0,0,0,0,0,1,0,0,0,0,0,0,0,0,0,0,0,0,1,0,0,0,0,0,1,0,0,0,0,1,0,1,0,0,0,0,0,0,1,0,0,0,3,0,0,0,0,1,0,0,2,2,0,0,2,0,2,0,0,0
"TTCGATCGCGCCGCCGTGCGCATGCAAACGTCGATCGACTTGCATGGC---GGCAACTAT",0,0,0,0,0,1,0,0,0,0,2,0,0,1,2,0,0,0,0,0,1,0,0,0,0,0,0,0,0,0,0,0,0,0,0,0,0,0,0,0,1,1,0,0,0,0,0,0,1,0,1,0,1,0,0,0,1,0,0,0,0,0,0,0,0,0,0,0,0,0,0,0,0,0,0,0,0,0,0,0,0,0,0,0,0,0,0,0,0,0,0,0,0,0,0,0,1,0,0,0,0,0
"TTCGATCGCGCCTGGCTGGAACGCGACGCGCGGATCATGCTGGCCGCCAATGTCAGCTTC",0,0,0,0,0,1,0,0,0,0,0,0,0,0,0,1,0,0,1,0,0,0,0,0,0,0,0,0,0,1,0,1,0,0,0,0,0,0,0,0,0,0,0,0,0,0,0,1,0,0,0,0,0,0,1,0,0,0,1,0,0,0,0,0,1,0,0,0,0,0,0,0,0,1,0,0,0,0,0,0,0,0,0,0,0,0,1,0,0,0,0,0,0,0,0,0,0,0,0,0,0,0
"TTCGATCGCGGGCGAATTCGACGCACTATTTCAGTGGATTTGGACCCGTCGGCCTGTTTC",0,0,0,0,0,0,0,0,0,0,0,0,0,0,0,0,0,0,0,0,0,0,0,1,0,1,0,0,0,0,0,0,0,0,0,0,0,0,0,0,0,0,0,0,0,0,0,0,0,0,0,0,0,0,0,0,0,0,0,0,0,0,0,0,0,0,0,0,0,0,0,0,0,0,0,0,0,0,0,0,0,0,0,0,0,0,0,0,0,0,0,0,0,0,0,0,0,0,0,0,0,0
"TTCGATCGCTGCGCGCTGGATCGGCGATTGGATGTGACCGTAGCAGAAGATGGATGGTTT",0,0,0,3,2,0,0,0,3,1,0,8,1,2,0,0,0,1,0,0,0,0,1,0,0,0,0,0,0,0,0,0,0,1,0,0,0,1,0,0,0,1,0,0,0,0,0,1,0,0,1,1,0,0,1,0,1,0,0,0,1,2,0,2,0,0,2,3,0,2,0,2,3,1,1,0,0,0,1,0,0,0,0,4,2,2,0,2,2,2,3,2,2,4,1,1,1,0,2,2,1,0
"TTCGATGATGTGAATGTAGCGCTTGACCATCAAGTTTTGCTGAAGAAGGATGCGAGCTAT",0,0,0,0,0,0,0,2,0,0,0,0,0,0,0,1,1,2,0,1,2,0,0,0,0,1,0,0,0,0,0,0,0,1,0,0,0,0,1,1,0,2,0,3,0,0,0,0,0,0,0,0,0,0,0,0,0,1,0,0,2,0,1,0,1,1,0,0,0,1,0,0,0,0,0,0,0,1,0,0,0,1,0,0,1,0,0,1,0,0,1,0,0,0,0,0,0,0,0,0,0,0
"TTCGATGGCGCAATCGCAAGCACCGAGACCACGATCGTAGCCGAACCTGGTGCGGTTTTG",0,0,0,0,0,0,0,0,0,0,0,0,0,0,0,1,0,0,0,0,0,0,0,0,0,0,0,0,0,0,0,0,0,0,1,0,0,0,0,0,1,0,0,0,0,0,0,0,0,1,0,0,0,0,0,0,0,0,0,0,0,0,0,0,0,0,0,0,0,0,0,0,0,0,0,0,0,0,0,0,0,0,0,0,0,0,0,0,0,0,0,0,0,0,0,0,0,0,0,0,0,0
"TTCGATGGCGCCGACGGCACGAGCACGATGCGCGTCGATCTTGCATCCGATAGCGTGTTT",3,0,0,0,0,0,0,1,1,0,0,0,1,0,1,0,0,0,0,3,2,1,0,0,3,2,0,1,1,0,0,2,0,1,2,1,1,2,0,0,0,2,2,2,2,1,0,0,1,0,0,1,0,3,1,1,1,3,2,0,0,2,1,0,1,1,1,0,0,0,0,0,0,0,0,2,0,0,1,0,1,0,1,0,0,0,0,0,0,2,0,0,0,0,1,0,2,0,0,0,0,0
"TTCGATGGCGCGCTCGCTGAAATGGATTGCGAAGTAAGCCTCGGCGCGCACGCGCGCTAC",0,1,1,0,0,3,1,5,0,0,3,0,0,0,9,1,1,2,0,1,0,3,1,6,2,0,3,4,3,4,1,5,1,3,1,0,1,0,0,1,1,2,1,0,1,1,1,1,3,2,0,1,2,0,2,1,0,0,0,2,3,1,0,1,0,0,1,0,0,2,1,0,0,2,3,6,0,2,0,0,0,0,0,0,0,0,2,1,0,1,0,0,0,1,0,2,2,2,1,0,0,6
"TTCGATGGTTGCGCCCTGAAGCGCAATCTTGAAGCGGATCTGGCTTCTGAGGCGCGCCTG",1,0,0,0,3,1,1,0,2,1,1,7,0,3,1,1,0,0,1,1,0,2,0,0,0,4,0,0,1,4,0,1,1,3,1,0,2,0,4,0,2,2,1,1,0,2,1,2,2,0,3,3,1,1,2,0,0,1,0,0,1,1,1,1,1,2,0,0,1,4,0,1,2,0,1,0,0,0,0,0,0,1,1,0,0,1,3,0,1,2,0,2,0,0,0,0,0,2,3,0,0,0
"TTCGCACACAGCCAGTACAAACAACAACAGACATTCAGGTTGACGGATAGCAGTAGTCTG",0,0,0,0,0,0,0,0,0,0,0,0,0,0,0,0,0,0,0,0,0,0,0,0,0,0,0,0,0,0,0,0,0,0,0,0,0,0,0,0,0,0,0,0,0,0,0,0,0,0,0,0,0,0,0,0,0,0,0,0,0,0,0,0,0,0,0,0,0,0,0,0,0,0,0,0,0,0,0,0,0,0,0,0,0,0,0,0,0,0,0,0,0,0,0,0,0,0,0,0,2,0
"TTCGCCAACTCGCACCTGAAGCAAAGCATCCTCCTGGATGTTGCTTCGGGTGGAAGGTTG",0,0,0,0,0,0,0,1,1,0,0,0,0,0,0,0,0,1,0,0,0,1,0,0,0,0,0,0,0,0,0,0,0,0,0,0,0,0,0,0,0,0,2,0,0,0,0,0,0,0,0,0,0,0,0,0,0,0,0,0,0,0,0,0,0,0,0,0,0,0,0,0,0,1,0,0,0,0,0,0,0,0,0,0,0,0,0,0,0,0,0,0,0,0,0,0,1,0,0,0,0,0
"TTCGCCGAATCCTGTTACGAGCAACGCCAGCACTTCACGCTGAGCAGCTCGGCTAACCTA",0,0,0,0,0,2,0,0,0,0,0,0,0,0,1,0,0,0,0,0,0,0,0,1,0,0,0,1,0,0,2,1,1,0,0,0,1,0,0,0,0,0,1,0,0,0,0,1,1,0,1,0,0,0,0,0,1,0,0,0,0,0,0,0,0,0,0,0,0,0,0,0,0,0,0,0,0,0,0,0,0,0,0,0,0,0,0,0,0,0,0,0,0,0,0,1,1,0,0,0,0,1
"TTCGCCGACAGCTCCTTGTCGCAACGCATCAATGTCTCGGCGGATCGAGATGCGCGGGTC",0,0,0,1,0,2,1,0,4,0,1,0,0,0,0,1,2,0,1,0,0,1,1,0,0,2,0,1,0,4,0,2,0,0,0,2,5,1,2,0,3,3,1,2,1,0,2,0,1,0,1,0,2,0,0,2,2,3,0,0,0,0,0,0,0,0,1,2,2,1,1,1,1,2,1,1,0,0,0,0,0,0,2,0,0,0,2,0,1,1,0,1,0,0,0,1,0,2,0,0,0,0
"TTCGCCGATTCGTTTTTCAGACAGACAACATCCATAGAGGTCGCAAATGGCGGACAGGTA",0,0,0,0,0,0,0,0,0,0,0,0,0,0,0,0,0,0,0,0,0,0,0,0,0,0,0,0,0,0,0,0,0,0,0,0,0,0,0,0,0,0,0,0,0,0,0,0,0,0,0,0,0,0,0,0,0,0,0,0,0,0,1,0,0,0,0,0,0,0,0,0,0,0,0,0,0,0,0,0,0,0,0,0,0,0,0,0,0,0,0,0,0,0,0,0,0,0,0,0,0,0
"TTCGCCGGCGCACGCTACGCCCAGCGGCAGACGTTTCGACTTCGGCAAGGAGCCTCACTG",0,2,0,0,0,1,0,2,0,1,0,0,1,0,0,0,0,1,0,0,1,0,1,0,0,0,0,0,0,1,0,0,0,1,1,0,0,0,0,0,1,0,1,0,1,0,2,1,0,0,0,0,0,0,0,0,1,0,1,1,0,2,0,0,0,0,0,1,1,0,0,0,1,0,0,0,0,0,0,0,0,0,0,0,0,0,0,0,1,0,0,0,1,0,0,0,0,0,0,0,0,0
"TTCGCCGGCTCGACCTATCGGCAGGAACAGCGAGTGGCTCTCGATGCAGCGGCCGGGCTG",1,3,3,0,1,1,3,2,3,1,2,2,1,1,1,6,3,6,1,1,0,3,1,2,0,2,5,7,7,0,2,5,4,5,4,2,3,1,2,0,1,1,0,2,0,1,0,1,2,0,4,1,1,1,1,0,1,2,0,0,0,0,0,2,3,1,2,1,2,0,0,0,1,1,1,5,0,3,2,2,0,1,1,1,0,0,4,1,1,2,1,2,0,2,0,4,1,1,0,0,0,5
"TTCGCGGATTCCCGCCTCTCGCAAACCACGACGTTAAAGCTGGGCGCGCAATCAGTCGCG",0,0,0,0,0,0,0,0,0,0,0,0,0,0,0,0,0,0,0,0,0,0,0,0,0,0,0,0,0,0,0,0,0,0,0,0,0,0,0,0,0,0,0,0,0,0,0,0,0,1,1,1,0,0,0,0,0,0,0,0,0,0,0,0,0,0,0,0,0,0,0,0,1,0,0,0,0,0,0,0,0,0,0,0,0,0,1,0,0,0,0,0,0,0,0,0,0,0,0,0,0,0
"TTCGCGGGATCACGGTTTAACCAAACGCTTTATGTCGCCTTGGAGTTTAGTGGCACGCTC",0,0,0,1,0,0,2,0,0,0,0,0,0,0,0,0,0,0,0,0,0,0,1,0,0,0,0,0,0,0,0,0,0,0,0,0,0,0,0,0,0,0,0,0,0,0,0,0,0,0,0,0,0,0,0,0,0,0,0,0,0,0,0,0,0,0,0,0,0,0,0,0,0,0,0,0,0,0,0,0,0,0,0,0,0,0,0,0,0,0,0,0,0,0,0,0,0,0,0,1,0,2
"TTCGCGGGATCGAACACGGCGATCGACACCGTGGTCTCGGTCGACGAGACCGCCACGGTC",0,0,0,0,0,0,0,0,0,0,1,0,0,0,0,0,0,0,2,0,0,0,2,0,1,0,0,0,0,0,0,0,0,1,0,0,0,0,0,0,1,1,0,0,0,1,0,0,1,0,1,0,0,0,0,0,1,0,0,2,3,0,0,0,0,0,3,0,1,2,0,1,0,0,0,0,0,0,0,0,0,0,1,0,0,0,0,0,0,0,0,0,0,0,0,0,0,0,0,0,1,0
"TTCGCGGGGGCACGGTACACGCAGACATTCCGCGTCCAGATGGAGGAGGGAGCTGAAGCC",0,0,0,0,0,0,0,0,0,0,2,0,0,0,0,0,0,2,0,0,0,1,0,1,0,0,0,1,2,0,0,0,1,0,0,1,0,0,0,0,1,2,0,0,0,0,0,0,0,0,0,0,0,0,0,0,0,0,0,0,1,0,0,0,1,0,0,0,2,0,1,0,0,0,0,1,0,1,0,1,0,0,0,0,1,0,0,0,0,1,0,0,0,0,0,0,0,0,0,0,0,0
"TTCGCTGATTCTGACTTGCGTCAATCTATTGAGATAACACTACACCCTGGTGCGCTGGCG",0,0,0,0,0,0,0,0,0,0,0,0,0,0,0,0,0,0,0,0,0,0,0,0,0,0,0,0,0,1,0,0,0,0,0,0,0,0,0,0,0,0,0,0,0,0,0,0,0,0,0,0,0,0,0,0,0,0,0,0,0,0,0,0,0,0,0,0,0,1,0,0,0,0,0,0,0,0,0,0,0,0,0,0,0,0,0,0,0,0,0,0,0,0,0,0,0,0,1,0,0,0
"TTCGTTGAGGCCGATGCCGCGATTAATGCGGATGTGAGGCTGGAAGGCGGGGCTAGATTC",0,0,0,0,0,0,0,0,0,0,0,0,0,0,0,0,0,0,0,0,0,0,0,0,0,0,0,0,0,0,0,0,0,0,0,0,0,0,0,0,0,0,0,0,0,0,0,0,0,0,0,0,0,0,0,0,0,0,0,0,0,0,0,0,0,0,0,0,0,1,0,0,0,0,0,0,0,0,0,0,0,0,0,0,0,0,0,0,0,0,0,0,0,0,0,0,0,0,0,0,0,0
"TTCTCAACTTCGCGGGTGGAGCGGCGGACGCGAATAGCCCTCGAACCCTCCTCGCGACTA",0,0,0,0,0,0,0,0,0,0,0,0,0,0,0,0,0,0,0,0,0,0,0,0,0,0,0,0,0,0,0,0,0,0,0,0,0,0,0,0,0,0,0,0,0,0,0,0,0,0,0,0,0,0,0,0,0,0,0,0,0,0,0,0,0,0,0,0,0,0,0,0,0,0,0,0,0,0,0,0,0,0,0,0,0,0,0,0,0,0,0,0,0,0,0,0,0,0,0,0,0,0
"TTTAATCAAGCACGCTTGCGGCGGCAAACGGATATTCATACCACATGTGGCAGTCAGTTA",0,0,0,0,0,0,0,0,0,0,0,0,0,0,0,0,0,0,0,0,0,0,0,0,0,0,0,0,0,0,0,0,0,0,0,0,0,0,0,0,0,0,0,0,0,0,0,0,0,0,0,0,0,0,0,0,1,0,0,0,0,0,0,0,0,0,0,0,0,0,0,0,0,0,0,0,0,0,0,0,0,0,0,0,0,0,0,0,0,0,0,0,0,0,0,0,0,0,0,0,0,0
"TTTACGGGCAGCCGTTACTTTCAGAAAGTCGAGATCGAAGTCTCCGAAAACGCGCACGTC",0,0,0,0,0,0,0,0,0,0,0,0,0,0,0,0,0,0,0,0,0,0,0,0,0,0,0,0,0,0,0,0,0,0,0,0,0,0,0,0,0,0,0,0,0,0,0,0,0,0,0,0,0,0,0,0,0,0,0,0,0,0,0,0,0,0,0,0,0,0,0,0,0,0,0,0,0,0,0,0,0,0,0,0,0,0,0,0,0,0,0,0,0,0,0,0,0,0,0,0,0,0
"TTTCAGCACTCGCGCTTTCACACCAACACACGGATACGAGTGGCGCCTACCGCAACTCTT",0,2,0,0,0,0,0,0,1,0,0,1,0,0,0,0,0,0,0,0,0,0,0,0,0,0,1,0,0,0,0,0,0,0,0,0,0,1,0,0,0,0,0,0,0,0,1,0,0,0,1,0,0,0,0,0,1,2,0,0,0,1,1,0,0,0,1,2,0,0,0,2,1,1,4,1,3,2,2,2,3,3,2,3,1,2,0,0,5,1,1,1,0,2,2,0,1,0,0,0,1,0
"TTTCCAGAGGCGAGACTCTGCCAACGGATTCAGATCGATCTCGCGCCAGACGCGACGCTC",5,3,3,4,0,2,4,3,3,2,2,4,0,1,1,2,0,2,2,1,1,2,1,3,3,1,1,2,6,0,4,0,1,0,3,2,1,2,3,0,1,0,0,5,2,1,3,0,1,1,1,3,3,3,1,4,2,0,1,1,2,2,1,3,1,0,1,1,2,1,1,1,0,1,1,0,0,2,2,0,2,2,1,1,1,1,3,0,1,1,2,2,4,0,1,3,1,2,2,2,1,4
"TTTCCAGGGTCACGCTTCAGATCGGAGGTCGTGGTTAGGCTCGGTGGTGATGCCGTTGCG",0,0,0,0,0,0,0,0,0,0,0,0,0,0,0,0,0,0,0,0,0,0,1,0,0,0,0,0,0,0,0,0,0,0,0,1,0,0,0,0,0,0,0,0,0,0,0,1,0,0,0,1,0,0,0,0,0,0,0,0,0,0,0,0,0,0,0,0,0,0,0,0,0,0,0,0,0,0,0,0,0,0,0,0,0,0,0,0,0,0,0,0,0,0,0,0,0,0,0,0,0,0
"TTTCCCCGGGCGCAATTGGATGCCCGGCTGGTCATCAAAGCTGAGACTGGGTCGCGCGTG",0,0,0,0,0,0,0,0,0,0,0,0,0,0,0,0,0,0,0,0,1,0,0,0,0,0,0,0,0,0,0,0,0,0,0,0,0,0,0,0,0,0,0,0,0,0,0,0,0,0,0,0,0,0,0,0,0,0,0,0,0,0,0,0,0,0,0,0,0,0,0,0,0,0,0,0,0,0,0,0,0,0,0,0,0,0,0,0,0,0,0,0,0,0,0,0,0,0,0,0,0,0
"TTTCCCGACGCGGCATTGTCACAGACCGTCGAACTTGACTGTGCGACCGACGCTTATGCG",0,0,0,0,0,0,0,0,0,0,0,0,0,0,0,0,0,0,0,0,0,0,0,0,0,0,0,0,0,0,0,0,0,0,0,0,0,0,0,0,0,0,0,0,0,0,0,1,0,0,0,0,0,0,0,0,1,0,0,0,1,0,0,0,0,0,0,0,0,0,1,0,0,0,0,0,0,0,0,0,0,0,0,0,0,0,0,0,0,0,0,0,0,0,2,0,0,0,0,0,0,1
"TTTCCCGGCGCGCAGCTATCCAATCGGGTGTGCGGGCGTTGGCATCCGACGGCAACCGTG",0,0,0,0,0,0,0,0,0,0,0,0,0,0,0,0,0,0,0,0,0,0,0,0,0,0,0,0,0,0,0,0,0,1,0,0,0,0,0,0,0,0,0,0,0,0,0,0,0,0,0,0,0,0,0,0,0,0,0,0,0,0,0,0,0,0,0,0,0,0,0,0,0,0,0,0,0,0,0,0,0,0,0,0,0,0,0,0,0,0,0,0,0,0,0,0,0,0,0,0,0,0
"TTTCCCGGGAGCGCGCTGACGCAGACCGTGCGCGTCGAAGCGGAAGCCACGTCACGCGTC",1,4,2,0,0,0,0,0,0,0,1,0,0,0,0,0,0,0,2,3,2,1,0,3,1,1,0,0,0,1,0,1,0,1,2,0,2,0,0,3,2,0,1,1,1,0,0,1,1,1,3,2,5,0,4,1,1,0,0,1,0,1,1,0,1,0,1,0,2,1,1,1,0,0,0,1,0,0,0,1,0,0,2,0,0,0,2,0,0,0,0,0,2,0,0,4,0,0,0,0,0,2
"TTTCCCGGTGCATCGTGCGTGAGTACACTAAGCGTGAAACTGGCCCCTCGCTGCGTCTTC",0,0,0,0,0,0,0,0,0,0,0,0,0,0,0,0,0,0,0,0,0,0,0,0,0,0,0,0,0,1,0,0,0,0,0,0,0,0,0,0,0,0,0,0,0,0,0,0,0,0,0,0,0,0,0,0,0,0,0,0,0,0,0,0,0,0,0,0,0,0,0,0,0,0,0,0,0,0,0,0,0,0,0,0,0,0,0,0,0,0,0,0,0,0,0,0,0,0,0,0,0,0
"TTTCCCTCCTCGCGCTTGGAATCCACACTTTCAGTCTCGCTGTCTGGAAGCGGCGTCGCG",0,0,0,0,0,0,0,0,0,0,0,0,0,0,0,0,0,0,0,1,0,0,0,0,0,0,0,0,0,0,0,0,0,0,1,0,0,0,0,0,1,0,0,0,0,0,0,0,0,0,0,0,0,0,0,0,0,0,1,0,0,0,0,0,0,0,0,0,0,0,0,0,0,0,0,0,0,0,0,0,0,0,0,0,0,0,0,0,0,0,0,0,0,0,0,0,0,0,0,0,0,0
"TTTCCCTGTGCGCGCCTCACCAGCACGGTCGACGTCGTACTGCACGAACAGTCCAGCGTG",0,0,0,0,0,0,0,0,0,0,0,0,0,0,0,0,0,0,0,0,0,1,0,0,0,0,0,0,0,0,0,0,0,0,0,0,0,0,0,0,0,0,0,0,0,0,0,0,0,0,0,1,0,0,0,0,0,0,0,0,0,0,0,0,0,0,1,0,0,0,0,0,0,0,0,0,0,0,0,0,0,0,0,0,0,0,0,0,0,0,0,0,0,0,0,0,0,0,0,0,0,0
"TTTCCGCGCTCGCGGCTGGTGTCGCGCACTAACTTGCGCGTGGCCGCCGAAGCAAGTGCC",0,0,0,1,1,0,2,0,0,3,0,0,1,0,0,0,0,0,0,0,1,1,0,0,0,0,0,0,1,0,1,0,0,0,0,0,0,0,0,0,0,0,0,0,0,0,0,0,0,0,0,0,0,1,0,0,0,0,0,0,0,0,0,0,0,0,0,0,0,0,1,0,0,0,0,0,0,2,0,0,1,0,0,1,0,0,0,0,0,0,3,0,0,0,1,0,0,2,2,1,0,0
"TTTCCTAACTCCCGACTCCACACGCGCCTTGATCTACATCTAGACGTGCATGCTAGCATC",0,0,0,0,0,0,0,0,0,0,0,0,0,0,0,0,0,0,0,0,0,0,0,0,0,0,0,0,0,0,0,0,0,0,0,0,0,0,0,0,0,0,0,0,0,0,0,0,0,0,0,0,0,0,0,0,0,0,0,0,0,0,0,0,0,0,0,0,0,0,0,0,0,0,0,0,0,0,0,0,0,0,0,0,0,0,0,0,0,0,0,0,0,0,0,0,0,0,0,0,0,0
"TTTCGAGAAGCGCGCTGGCGACAGCGCACCGTTGTGCGCCGGGCGCCCGATAGCCGCTTG",0,0,0,0,0,0,0,0,0,0,0,0,0,0,1,1,0,0,0,0,0,0,0,0,0,0,0,0,0,0,0,0,0,0,0,0,0,0,0,0,0,0,0,0,0,0,0,0,0,0,0,0,0,1,0,0,0,0,0,0,0,0,0,0,0,0,0,0,0,0,0,0,0,0,0,0,0,0,0,0,0,0,0,0,0,0,0,0,0,0,0,0,0,0,0,0,0,0,0,0,0,0
"TTTCGTAATTCCAGATTCTATCAAGAAGTAGAATTGAATGTACATGATAACGCCACATTG",0,3,1,1,1,0,5,1,0,0,0,0,0,0,1,0,6,1,3,2,4,3,1,1,2,3,4,3,1,2,2,2,2,2,2,3,2,4,2,4,0,2,0,4,6,1,1,0,3,3,1,3,2,2,1,1,0,1,1,2,0,0,2,1,7,1,0,0,0,0,2,0,0,0,1,2,0,0,0,0,0,2,0,0,0,1,1,1,0,0,0,0,0,0,0,1,3,0,0,0,1,2
"TTTGAAGGATCGCAGGTGGATTTTTCGGCCCGTATTGATTTAGCGGAAAATGCCCGCTAT",0,0,0,0,0,0,0,0,0,0,0,0,0,0,0,0,0,0,0,0,0,0,0,0,0,0,0,0,0,0,0,0,0,0,0,0,0,0,0,0,0,0,0,0,0,0,0,0,0,0,0,0,0,0,0,0,0,0,0,0,0,0,0,0,0,0,0,0,0,0,0,0,0,0,0,0,0,0,0,0,0,0,0,0,0,0,0,0,0,0,0,0,0,0,0,0,0,0,0,0,0,0
"TTTGACCAGGCAATTTACCGTCAGGCTCTGCGCGTTGAACTCGCTCCCGGTGCAACCTGG",0,0,0,0,0,0,0,0,0,0,0,0,0,0,0,0,0,0,0,0,0,0,0,0,0,0,0,0,0,0,1,0,0,0,0,0,0,0,0,0,0,0,0,0,0,0,0,0,0,0,0,0,0,0,0,0,0,0,0,0,0,0,0,0,0,0,0,0,0,0,0,0,0,0,0,0,0,0,0,0,0,0,0,0,0,0,0,0,0,0,0,0,0,0,0,0,0,0,0,0,0,0
"TTTGATGGGGCAAGACTGGAAAGATCGCTTGAGGTGGGGCTTCATCGGGGTGCCACACTG",0,0,0,0,0,0,0,0,0,0,0,0,0,0,0,0,1,0,1,0,1,1,0,0,0,0,1,0,0,0,2,0,1,0,0,0,0,1,0,0,0,0,0,0,1,0,0,0,0,1,0,1,2,1,0,0,0,0,0,0,0,0,1,0,1,0,0,0,0,0,0,0,0,0,0,0,0,0,0,0,0,0,0,0,0,0,0,1,0,0,0,0,0,0,0,1,0,1,0,0,0,0
"TTTGCAAAGTCGAGCTATCAGCAAACTCAGCAAATTTATTTAACAAAGACATCCAATTTA",0,0,0,0,0,0,0,0,0,0,0,0,0,0,0,0,0,0,0,0,1,0,0,0,0,0,0,0,0,0,0,0,0,0,0,0,0,0,0,0,0,0,0,0,0,0,0,0,0,0,0,0,0,0,0,0,0,0,0,0,0,0,0,0,0,0,0,0,0,0,0,0,0,0,0,0,0,0,0,0,0,0,0,0,0,0,0,0,0,0,0,0,0,0,0,0,0,0,0,0,0,0
"TTTGCCCAGTCGGCATTTCAGCAGCATATGACGGTGCGGCTTGGGCCTGGAGCGTGTATC",0,0,0,0,0,0,0,0,0,0,0,0,0,0,0,0,0,0,0,0,0,0,0,0,0,0,0,0,0,0,0,0,0,0,0,0,0,0,0,0,0,0,0,0,0,0,0,0,0,0,0,0,0,0,0,0,0,0,0,0,0,0,0,0,0,0,0,0,0,0,0,0,0,0,0,0,0,0,0,0,0,0,0,0,0,0,0,0,0,0,0,0,0,0,0,0,0,0,0,0,0,0
"TTTGCCGACGCCCTGTACGTGCAGGAGATGACAATCCAGGTCGAGTCTGGCGGCGTCTGC",0,0,0,0,0,0,0,0,0,0,0,0,0,0,0,0,0,0,0,0,0,0,0,0,0,1,0,1,0,0,0,0,0,0,0,0,0,0,0,0,0,0,0,0,0,0,0,0,0,0,0,0,0,0,0,0,0,0,0,0,0,0,0,0,0,0,0,0,0,0,0,0,0,0,0,0,0,0,0,0,0,0,0,0,0,0,0,0,0,0,0,0,0,0,0,0,0,0,0,0,0,0
"TTTGCCGGGTCGCGGCATCGTCAGAGTATCTCCATTTCGCTCGCCGGGCGCGCCACGCTG",2,2,6,2,4,7,0,4,2,5,3,0,8,12,3,3,0,3,1,3,2,1,2,0,2,2,2,1,6,1,6,2,1,3,0,2,4,1,2,3,1,3,3,5,3,5,2,3,3,6,2,4,0,5,2,3,3,1,2,0,1,0,3,2,3,1,3,5,1,1,5,3,2,2,2,4,0,1,3,1,2,3,1,4,0,3,0,4,0,4,0,1,0,0,2,2,1,2,13,7,1,2
"TTTGCCGGGTCGGCATTTAATAATGCAACTACGATTAACCTACAAAAAACTTCACAAATG",0,0,0,0,0,0,0,0,0,0,0,0,0,0,0,0,0,0,0,0,0,0,0,0,0,0,0,0,0,0,0,0,0,0,0,0,0,0,0,0,0,0,0,0,0,0,0,0,0,0,0,0,0,0,0,0,0,0,0,0,0,0,0,0,0,0,0,0,0,0,0,0,0,0,0,0,0,0,0,0,0,0,0,0,0,0,0,0,0,0,0,0,0,0,0,0,0,0,0,0,0,0
"TTTGCCGGTGCACGGATCGAGCAGCGATTCGATCTCCGGATCGCTGAATCGAGCCGGCTG",1,2,1,0,0,0,0,0,1,1,1,0,1,0,1,1,0,0,4,2,1,1,2,0,3,2,1,0,1,1,1,2,0,0,1,3,4,3,2,1,0,1,3,3,4,1,0,2,2,2,0,2,3,1,0,0,0,0,1,0,0,0,1,0,0,3,0,0,2,0,1,0,0,1,0,0,0,0,0,0,0,0,0,0,0,0,2,1,1,0,0,0,0,0,0,0,1,0,0,1,0,0
"TTTGCGGCGTCCCGGTACCGACAGGTTCAGTCGTTCGAGCTGTCGGCAGATAGCGATCTC",1,0,0,0,0,0,0,0,1,0,3,0,0,0,0,1,1,0,0,0,1,0,0,1,0,1,0,0,0,0,0,0,0,0,0,1,0,2,0,0,0,0,1,1,0,0,0,1,0,2,1,0,0,0,0,0,0,0,0,0,1,0,0,0,4,0,0,0,1,0,0,1,0,0,0,1,0,0,1,0,0,0,0,0,0,0,0,1,0,1,0,0,0,0,0,1,0,1,0,0,0,1
"TTTGCGGGAAGCACGCTCGAGCAGACACAGTGTTACCACGTGAGCGCCGGTGGAAACCTG",0,0,1,0,0,0,0,0,0,0,0,0,0,0,0,0,2,0,0,0,0,0,0,0,0,0,0,0,1,1,0,0,2,1,0,0,0,0,0,1,2,0,0,0,0,0,0,0,0,0,0,0,0,0,1,1,0,0,0,0,0,0,0,0,0,0,0,2,0,0,0,2,0,0,0,0,2,1,1,0,0,0,0,0,0,0,3,0,1,1,0,0,0,0,1,0,0,0,0,0,0,1
"TTTGCGGGATCCCGCTATCATCAAGACACTGAGATTACATTGGAAGCCGGAGCCGGATTA",1,4,0,0,1,1,0,0,0,0,2,2,0,0,1,0,0,0,1,0,2,0,2,0,0,1,1,0,0,1,2,1,0,0,2,0,0,5,0,0,0,2,1,1,0,0,2,3,4,0,1,0,3,0,1,0,0,2,0,1,1,9,1,1,0,0,3,2,2,4,0,2,0,3,2,2,0,3,1,3,8,1,3,3,4,1,0,2,3,0,2,0,2,6,2,1,1,5,0,0,1,0
"TTTGCGGGGTCCGATTACACACAGGAGCAACGCATCCGCCTTCATCCGGGCGCGAGCCTC",0,1,0,0,0,0,0,0,1,0,3,0,1,0,2,4,2,1,1,0,1,1,2,1,1,2,0,0,3,1,0,4,1,1,2,2,0,3,1,1,2,1,2,0,0,0,0,0,2,1,0,1,1,2,2,0,1,1,2,1,0,0,0,1,2,3,2,1,2,4,2,1,2,3,1,1,0,3,2,0,0,0,1,0,0,3,5,1,1,1,0,1,1,1,0,2,0,0,0,0,0,2
"TTTGCGGGTGCCAGCTTTCGCCAGGACGTGAATGTCACGCTGTCGGAGCACGGGGGCTGT",0,0,0,0,0,0,0,0,3,0,0,0,0,0,0,0,0,0,0,0,0,0,1,0,0,0,0,0,0,0,1,0,0,0,0,0,0,0,0,0,0,0,0,0,0,0,0,0,0,0,0,0,1,0,0,0,0,0,0,0,0,0,0,0,0,0,0,0,0,0,0,0,0,0,0,1,0,0,0,0,0,0,0,0,0,0,0,0,0,0,0,0,0,0,0,0,0,0,0,0,0,0
"TTTTCGGGCAGCCGCCTGGCGACGCGGTTGCGGGTGCGGCTGGGGCAGGGCGCGCGCGCG",0,0,0,0,0,0,0,0,0,0,0,0,0,0,0,0,0,0,0,0,0,0,0,0,0,0,0,0,0,0,0,0,0,0,0,0,0,0,0,0,0,0,0,0,0,0,0,0,0,0,0,0,0,0,0,0,0,0,0,0,0,0,0,0,0,0,0,0,0,0,0,0,0,0,0,0,0,0,0,0,0,0,0,0,0,1,0,0,0,0,0,0,0,0,0,0,0,0,0,0,0,0
