"","0_SD7449_H041_pH7","100_SD7551_S153","101_SD7552_S154","103_SD7554_S156","104_SD7555_S157","105_SD7556_S158","106_SD7557_S159","108_SD7559_S161","109_SD7560_S162","10_SD7461_H054_pH7","112_SD7563_S165","113_SD7564_S166","116_SD7567_S169","117_SD7568_S170","11_SD7462_H055_pH7","120_SD7571_S173","121_SD7572_S174","122_SD7573_S175","12_SD7463_H056_pH7","13_SD7464_H057_pH7","14_SD7465_H058_pH7","16_SD7467_H061_pH6.5","17_SD7468_H062_pH6.5","18_SD7469_H063_pH6.5","19_SD7470_H065_pH6.5","1_SD7450_H042_pH7","20_SD7471_H067_pH6.5","21_SD7472_H068_pH6.5","22_SD7473_H069_pH6.5","23_SD7474_H070_pH6.5","24_SD7475_H071_pH6.5","25_SD7476_H072_pH6.5","26_SD7477_H073_pH6.5","27_SD7478_H074_pH6.5","28_SD7479_H075_pH6.5","2_SD7451_H043_pH7","30_SD7481_H077_pH6.5","31_SD7482_H078_pH6.5","32_SD7483_H079_pH6.5","33_SD7484_H080_pH6.5","34_SD7485_H081_pH6","35_SD7486_H082_pH6","36_SD7487_H085_pH6","37_SD7488_H086_pH6","38_SD7489_H087_pH6","39_SD7490_H089_pH6","3_SD7452_H044_pH7","40_SD7491_H090_pH6","41_SD7492_H091_pH6","42_SD7493_H092_pH6","43_SD7494_H093_pH6","44_SD7495_H094_pH6","45_SD7496_H095_pH6","46_SD7497_H096_pH6","47_SD7498_H097_pH6","48_SD7499_H098_pH6","49_SD7500_H099_pH6","4_SD7453_H045_pH7","50_SD7501_H100_pH6","51_SD7502_H101_pH5.5","52_SD7503_H102_pH5.5","53_SD7504_H103_pH5.5","54_SD7505_H104_pH5.5","55_SD7506_H105_pH5.5","56_SD7507_H106_pH5.5","57_SD7508_H107_pH5.5","58_SD7509_H109_pH5.5","59_SD7510_H110_pH5.5","5_SD7454_H046_pH7","60_SD7511_H111_pH5.5","61_SD7512_H113_pH5.5","62_SD7513_H114_pH5.5","63_SD7514_H115_pH5.5","64_SD7515_H116_pH5.5","65_SD7516_H117_pH5.5","66_SD7517_H119_pH5.5","67_SD7518_H120_pH5.5","68_SD7519_S121","69_SD7520_S122","6_SD7455_H048_pH7","70_SD7521_S123","71_SD7522_S124","72_SD7523_S125","73_SD7524_S126","74_SD7525_S127","75_SD7526_S128","76_SD7527_S129","77_SD7528_S130","78_SD7529_S131","79_SD7530_S132","7_SD7456_H049_pH7","80_SD7531_S133","81_SD7532_S134","82_SD7533_S135","83_SD7534_S136","84_SD7535_S137","85_SD7536_S138","86_SD7537_S139","87_SD7538_S140","88_SD7539_S141","89_SD7540_S142","8_SD7458_H051_pH7","90_SD7541_S143","91_SD7542_S144","92_SD7543_S145","93_SD7544_S146","94_SD7545_S147","95_SD7546_S148","97_SD7548_S150","98_SD7549_S151","99_SD7550_S152","9_SD7460_H053_pH7"
"AACTGCCTCGACTGCCACGGGCCGGCCGAGCAGCAGGGATACGATCATCGGGGATTCACG",0,0,0,0,0,0,1,1,0,0,4,0,0,0,0,2,0,0,0,0,0,0,0,0,0,1,1,0,0,1,0,0,0,0,0,0,0,1,0,0,0,0,1,3,0,1,0,0,0,1,1,1,1,0,2,0,0,0,0,0,0,1,3,0,0,0,1,2,0,2,0,1,0,0,1,1,2,1,1,0,0,0,1,2,1,1,0,0,0,0,0,1,0,0,0,0,2,0,1,1,0,0,0,0,0,0,0,0,0,0,2,3
"AACTGCCTGGAGTGTCAT------CAGGTAATGCCAGGACAAAAGAGCCGGGATCATCAT",0,0,0,0,0,1,0,0,0,0,0,0,0,0,0,0,1,0,0,0,0,0,0,0,0,0,0,0,0,0,0,0,0,0,0,0,0,0,0,0,0,0,0,0,0,0,0,0,0,0,0,0,0,0,0,0,0,0,0,1,0,0,1,0,1,0,0,0,0,0,0,0,2,0,0,0,0,0,0,0,0,0,0,0,0,0,0,0,0,0,0,0,0,0,1,0,0,0,0,0,0,0,0,0,0,0,0,0,0,0,0,0
"AACTGTCTCGATTGCCATCAGCCGGCCGCCGGCCAG------CAGAAGGAAGATCATCAC",0,4,1,1,7,3,5,1,3,0,2,0,6,3,1,5,6,1,2,0,1,1,0,0,2,2,1,1,1,0,0,1,0,2,1,0,1,0,0,0,1,0,1,0,2,0,1,0,1,2,1,3,0,0,4,3,0,1,3,3,8,11,10,3,11,8,3,5,0,3,8,6,3,11,2,7,7,7,8,0,8,4,11,1,6,7,8,10,10,9,2,11,10,10,8,10,7,6,8,3,2,0,1,1,6,4,7,4,4,4,0,0
"AACTGTGCGGATTGCCATCGAGCCGAAAAATCCGATCGCGATGCGATGGAGCACTATGGA",0,0,0,0,0,0,0,0,0,0,0,0,0,0,0,0,0,0,0,0,0,0,0,0,0,0,0,0,0,0,0,0,0,0,0,0,0,0,0,1,0,0,0,0,0,0,0,0,0,0,0,0,0,0,0,0,0,0,0,0,0,0,0,0,0,1,0,0,0,0,0,1,0,0,0,0,0,0,0,0,0,0,0,0,0,0,0,0,0,0,0,0,0,0,0,0,0,0,0,0,0,0,0,0,0,0,0,0,0,0,0,0
"AATTGCAGCGCCTGTCACGTCGAGGCGCCGGCCGACGAAGCGCGCTGGACCGACCATCCC",0,0,0,0,0,0,1,0,0,0,0,1,0,0,0,0,1,0,0,0,0,0,0,0,0,0,0,0,0,0,0,0,0,0,0,0,0,0,0,0,0,0,0,0,0,0,0,0,0,0,0,0,0,0,0,1,0,0,0,1,0,0,0,0,0,0,0,0,0,0,0,0,0,0,0,0,0,0,0,0,0,0,0,0,0,0,0,0,0,0,0,0,0,0,0,0,0,0,0,0,0,0,0,0,0,0,0,0,0,1,0,0
"AATTGCGTTTCCTGCCATATGCCGAAAGTGGAAATGCCCGGACGTTTTACGGACCACCAG",0,4,6,15,13,22,11,27,24,3,12,2,5,15,0,13,20,17,1,0,1,0,1,0,0,0,3,1,0,3,0,1,0,1,0,0,0,2,4,1,3,1,0,2,5,0,1,0,1,6,1,2,1,0,3,2,2,0,1,17,2,8,3,5,8,8,4,2,0,5,6,10,2,6,3,3,4,1,9,1,10,14,4,13,15,10,6,12,12,11,3,1,4,5,15,9,12,13,8,10,15,2,10,1,8,10,7,11,15,15,15,0
"ACCTGCACCGATTGCCACATCACGTTGAGCAACACGCCGGCGGGCATGGGCAATTCAACC",0,0,0,0,0,0,0,0,0,0,0,0,0,0,0,0,0,0,0,0,0,0,0,0,0,0,0,0,0,0,0,0,0,0,0,0,0,0,0,0,0,0,0,0,0,0,0,0,0,0,0,0,0,0,0,0,0,0,1,0,0,0,0,0,0,0,0,0,0,0,0,0,0,0,0,0,0,0,0,0,0,0,0,0,0,0,0,0,0,0,0,0,0,0,0,0,0,1,0,0,0,0,0,0,0,0,0,0,0,0,0,0
"ACCTGCGAAGGTTGCCACGGACCCGGCAAAGCGCACGGCGGAGATATCACC------AAG",0,0,0,2,0,1,0,0,1,0,0,0,0,0,0,0,0,0,0,0,0,0,0,0,0,0,0,0,0,0,0,0,0,0,0,0,0,0,0,0,0,0,0,0,0,0,0,0,0,0,0,0,0,0,0,0,0,0,0,0,0,0,0,0,0,0,0,0,0,0,0,0,0,0,0,0,0,0,2,0,0,0,0,1,0,1,0,0,0,0,0,0,0,0,0,0,0,0,0,1,0,0,0,0,0,0,0,0,1,0,0,0
"ACCTGCGCCAGTTGCCATATGACGCCGGACTCTTACGGTGCGCCAGCACCGCATGAAAGC",0,0,0,0,0,0,0,0,0,0,0,0,0,0,0,0,0,0,0,0,0,0,0,1,0,0,0,0,1,0,0,0,0,0,0,1,0,0,0,0,0,0,0,0,0,0,0,0,0,0,1,1,0,0,0,1,0,0,0,0,0,0,0,0,1,0,0,0,0,0,0,0,0,0,0,0,0,0,0,0,0,0,0,0,0,0,0,0,0,0,0,0,0,0,0,0,0,0,0,0,0,0,0,1,0,0,0,0,0,0,0,0
"ACCTGTATGGACTGTCATCTGCAAGTG---ACCGGCGGAAACTCTGTTTCCGATGCCCAG",0,0,0,0,0,0,0,0,0,0,0,0,0,0,0,0,0,0,0,0,0,0,0,0,0,0,0,0,0,0,0,0,0,0,0,0,0,0,0,0,0,0,0,0,0,0,0,0,0,0,0,0,0,0,0,0,0,0,0,0,0,0,0,0,0,0,0,0,0,0,0,0,0,0,0,0,0,0,0,0,0,0,0,0,0,0,0,0,0,0,0,0,0,0,0,0,0,0,0,0,0,0,0,0,0,0,0,0,0,0,0,0
"ACGTGCCAGGACTGCCATATGCCCGGCGTCGTGGAGGAGGTAGCCTCGGGGTCGCACAGG",3,0,1,3,0,0,1,0,0,0,1,0,0,0,1,0,0,0,0,0,0,0,0,0,1,0,1,0,0,1,1,0,0,1,0,0,2,1,0,1,0,0,1,0,1,1,1,1,0,1,3,2,0,0,0,1,2,0,2,0,2,2,0,4,1,1,0,0,0,0,2,0,0,1,0,0,0,0,0,1,0,0,2,0,0,0,1,0,1,0,0,1,0,1,1,0,1,0,0,1,2,1,0,1,0,0,4,3,1,0,1,2
"ACTTGCTCCAGCTGCCATGCGATCCACGGGCGCTCGAAGGAGCCGCGCATCGCGCCGTAC",0,0,0,0,0,0,0,0,0,1,0,2,0,0,0,0,0,0,0,0,0,1,0,0,0,0,0,0,0,0,0,0,0,0,0,0,0,0,0,0,0,0,0,0,0,0,0,0,0,0,0,0,0,0,0,0,2,0,0,0,0,0,0,0,0,0,0,0,0,0,0,0,0,0,0,0,0,0,0,0,0,0,0,0,0,0,0,0,0,0,0,0,1,0,0,0,0,0,0,0,0,0,0,0,0,0,0,0,0,0,0,0
"AGCTGCACGACTTGTCACAGCGTCCACAGCTAC---------AAGTCGTTCTCGCACCAG",0,0,0,0,0,0,0,0,0,0,0,0,0,0,0,0,0,0,0,0,0,0,0,0,0,0,0,0,0,0,0,0,0,0,0,0,0,1,1,0,2,0,0,0,1,0,0,0,0,0,0,0,0,0,0,0,0,0,0,0,0,0,0,0,0,0,0,0,0,0,0,0,0,0,0,0,1,0,0,1,0,1,0,0,0,1,0,0,0,0,0,0,0,0,0,0,0,0,0,0,0,0,0,0,0,0,0,0,0,0,0,0
"AGCTGCACGGATTGCCATTCGCCGCACCACAGCAATGATTCTGAATTCCTGCTGGTCAAG",0,0,0,0,0,0,0,0,0,0,0,0,0,0,0,0,0,0,0,0,0,0,0,0,0,0,0,0,0,0,0,0,0,0,0,0,0,0,0,0,0,0,0,0,0,0,0,0,0,0,0,0,0,0,0,0,0,0,0,0,0,0,0,0,0,0,0,0,0,0,0,0,0,0,0,0,1,0,0,0,0,0,0,0,0,0,0,0,0,0,0,0,0,0,0,0,0,0,0,0,0,0,0,0,0,0,0,0,0,0,0,0
"AGCTGCACTGACTGCCATGGCAACGTT---GGCGAGATGCGTGAGGTC---------ACC",0,0,0,0,0,0,0,0,0,0,0,0,0,0,0,0,2,0,2,0,0,0,0,0,0,0,0,0,0,0,0,0,0,0,0,0,0,0,0,0,0,0,0,0,0,0,0,0,0,0,0,0,0,0,0,0,0,0,0,0,0,0,0,0,0,0,0,0,0,0,0,0,0,0,0,0,0,0,0,0,0,0,0,0,0,0,0,0,0,0,0,0,0,0,0,0,0,0,0,0,0,0,0,0,0,1,0,0,0,1,0,0
"AGCTGCGTCGGTTGTCATACCGACATTAGCGGCGTACCTCACGTCACAACCGCAAAAAAC",0,0,0,0,0,0,0,0,0,0,0,0,0,0,0,0,0,0,0,0,0,0,0,0,0,0,0,0,0,0,0,0,0,0,0,0,0,0,0,0,0,0,0,0,0,0,1,0,0,0,0,0,0,0,0,0,0,0,0,0,0,0,0,0,0,0,0,0,0,0,0,0,0,2,0,0,0,0,0,0,0,0,0,0,0,0,0,0,0,0,0,0,0,0,0,0,0,0,0,0,0,0,0,0,0,0,0,0,0,0,0,0
"AGTTGCGCCGACTGTCACGGTGGGAATCGCACTAGCGACGATCCGACCGCCATGAACAAG",0,0,0,0,0,0,0,0,0,0,0,0,0,0,0,0,0,0,0,0,0,0,0,0,0,0,0,0,0,0,0,0,0,0,0,0,0,0,1,0,0,0,0,0,0,0,0,0,0,0,0,1,0,0,0,0,0,0,2,0,0,1,0,0,0,0,1,0,0,0,0,1,0,0,0,0,1,0,0,0,0,2,1,0,0,0,0,0,1,0,0,0,0,1,1,1,0,0,0,0,0,0,0,0,0,0,0,0,0,0,1,0
"AGTTGCGTTTCCTGTCACGCGGTCCATAAGAATGGCGGCCAC---------GATCTGGTA",0,0,0,0,0,0,0,0,0,0,0,0,0,0,0,0,0,0,0,0,0,0,0,0,0,0,0,0,0,0,0,0,0,0,0,0,0,0,0,0,0,0,0,0,0,0,0,0,0,0,0,0,0,0,0,0,0,0,0,0,0,0,1,0,0,0,0,0,0,0,0,0,0,0,0,1,0,0,0,0,0,0,0,0,0,0,1,0,0,0,0,0,0,0,0,0,0,0,0,0,0,0,0,0,0,0,0,0,0,0,1,0
"AGTTGCTACAACTGCCACATGCCGTACACCACGTACGGCAGATCGCTCCGGAGTCATCAG",1,0,1,0,1,0,0,0,0,0,1,2,2,0,0,0,0,1,2,1,0,0,0,0,1,0,1,0,3,0,0,1,0,5,0,0,0,0,0,0,3,1,1,0,2,0,0,2,0,2,3,2,0,0,0,1,1,1,2,1,4,0,0,0,0,0,1,1,0,0,0,0,4,0,1,1,1,1,0,1,0,2,0,1,0,0,0,0,0,1,2,1,0,2,0,2,0,0,1,0,0,0,1,0,0,0,0,1,0,0,1,1
"AGTTGTGCTGACTGTCACAACCCCCATAAGGGTATCGCGATCAAGGGTGCAGAGACAAAT",0,0,0,0,0,0,0,0,0,0,0,0,0,0,0,0,0,0,0,0,0,0,0,0,0,0,0,0,0,0,0,0,0,0,0,0,0,0,0,0,0,0,0,0,0,0,0,0,0,0,0,0,0,0,0,0,0,0,0,0,0,0,0,0,0,0,0,0,0,0,0,0,0,0,0,0,0,0,0,0,0,0,0,1,0,0,0,0,0,0,0,0,0,0,0,0,0,0,0,0,0,0,0,0,0,0,0,0,0,0,0,0
"AGTTGTGTCAACTGCCACGCGGATCTG------------GAGTCGGTCACGGACTTTCCA",0,0,0,0,0,0,0,0,0,0,0,0,0,0,0,0,0,0,0,0,0,0,0,0,0,0,0,0,0,0,0,0,0,0,0,0,0,0,0,0,0,0,0,0,0,0,0,0,0,0,0,0,0,0,0,0,0,0,0,0,0,0,0,0,0,0,0,0,0,0,0,0,0,0,0,0,0,0,0,0,0,0,0,0,0,0,0,0,0,0,0,0,0,0,0,0,0,0,0,0,0,0,0,0,0,0,0,0,0,0,0,0
"CAGTGCACCAGTTGTCACATGCCAAAAGCCCAGGAGCATTCCGTATTCACCGATCACTCC",0,2,0,1,1,1,1,1,2,1,2,2,3,3,0,2,1,0,0,0,1,0,0,0,0,0,0,0,1,0,1,0,0,0,0,0,0,1,1,0,0,1,0,0,0,0,0,0,2,0,0,0,0,0,0,1,0,0,0,3,3,0,0,2,0,0,0,0,0,0,0,3,0,2,1,2,1,0,0,0,2,2,2,2,1,0,1,4,1,1,0,0,0,1,1,1,0,3,2,2,2,1,1,0,1,0,0,2,0,2,3,0
"CAGTGCGCGCAGTGCCACGGCCGCGTCGAGGACATG------------------CCGCGT",0,0,0,0,0,0,0,0,1,0,0,0,0,0,0,0,0,0,0,0,0,0,0,0,0,0,0,0,0,0,0,0,0,0,0,0,1,0,0,0,0,0,0,0,0,0,0,0,0,1,0,0,0,0,0,0,0,0,0,2,0,0,0,0,0,0,1,0,0,0,0,1,0,0,0,1,0,0,0,0,1,0,0,0,0,0,0,0,1,0,0,0,0,0,0,0,0,2,1,0,0,0,0,0,0,0,0,0,0,0,1,0
"CAGTGCGTGGACTGCCACCTGGAGCAGGACAGCCACGGT---------ACGGGAAAACTT",0,0,2,0,1,1,0,0,3,1,0,0,0,0,0,1,1,0,1,0,0,0,1,0,0,0,0,0,0,0,0,0,0,0,0,0,0,1,0,0,1,0,0,0,0,0,1,1,0,1,0,1,0,0,0,0,1,0,1,0,0,0,0,0,0,1,1,0,0,0,0,1,0,0,0,1,0,2,2,1,1,3,1,1,2,0,0,0,0,2,0,0,1,0,0,0,1,3,1,2,2,0,7,3,1,0,0,0,0,0,3,0
"CTATGCGCCGATTGCCACGCAAGTGCGAAAGATGCG---TACGCGCACAGCACGCACGCG",0,0,0,1,0,0,0,0,0,0,0,0,0,0,0,0,0,0,0,0,0,0,0,0,0,0,0,0,0,0,0,0,0,0,0,0,0,0,0,0,0,0,0,0,0,0,0,0,0,0,0,0,0,0,0,0,0,0,0,0,0,0,0,0,0,0,0,0,0,0,0,0,0,0,0,0,0,0,0,0,0,0,1,0,0,0,0,0,0,0,0,0,0,0,0,0,0,0,0,0,0,0,0,0,0,0,0,0,0,0,0,0
"CTCTGTCTGCGCTGCCATCTGCCCCGCCTGGCGGGACGCTCCGTGCCGACTGATGGAAGT",0,0,0,0,0,0,0,0,0,0,0,0,0,0,0,0,0,0,0,0,0,0,0,0,0,0,0,0,0,0,0,0,0,0,0,0,0,0,0,0,0,0,0,0,0,0,0,0,0,0,0,0,0,0,0,0,0,0,0,0,0,0,0,0,0,0,0,0,0,0,0,0,0,0,0,0,0,0,0,0,0,0,0,0,0,0,0,0,0,0,0,0,0,0,0,0,0,0,0,0,0,0,0,0,0,0,0,0,0,0,0,0
"CTTTGTGCGGACTGCCACGTCAGCGCAAAAGGTGCTTACGCGCACAGCACGCATGCCAAA",0,0,0,0,0,0,0,0,0,0,0,0,0,0,0,0,0,0,0,0,0,0,0,0,0,0,0,0,0,0,0,0,0,0,0,0,0,0,0,0,0,0,0,0,0,0,0,0,0,0,0,0,0,0,0,0,0,0,0,0,1,0,0,0,0,0,0,0,0,0,0,1,0,0,0,0,0,0,0,0,0,0,0,0,0,0,1,0,0,0,0,0,0,0,0,0,0,0,0,0,0,0,0,0,0,0,0,0,0,0,0,0
"GATTGCGCCACCTGTCATGATCCTCACAGTGCATCGCTGAAAACAGTTTCGGGGCCGCGA",0,0,0,0,0,0,0,0,0,1,0,1,0,0,1,0,0,0,0,0,0,0,0,0,0,0,0,0,0,0,1,0,0,2,0,0,0,0,0,0,0,0,0,0,0,0,0,0,0,0,0,0,0,0,0,0,0,0,0,0,0,0,0,0,0,0,0,0,0,0,0,0,0,0,0,0,0,0,0,1,0,0,0,0,0,0,0,0,0,0,0,0,0,0,0,0,0,0,0,0,0,0,0,0,0,0,0,0,0,0,0,0
"GATTGCGCGGAATGCCATGGCCCTGTGGCCGAGCGCGACGTCATCACACTCGAAACGAAC",0,0,0,0,0,0,0,0,0,0,0,0,0,0,0,0,0,1,0,0,0,0,0,0,0,0,1,0,0,0,0,0,0,2,1,0,0,0,0,0,0,2,0,0,0,0,0,0,0,0,0,1,0,1,0,0,1,0,0,0,0,0,0,0,0,0,0,0,0,0,0,0,1,0,0,0,0,0,1,0,1,0,0,1,1,0,0,0,0,0,0,0,0,0,0,0,0,0,0,0,0,0,0,0,0,0,0,0,0,1,0,0
"GCCTGCGCGGATTGCCACATGCCCTACGAGCGCGTCGGCACGAAGGTGAGCGACCACTGG",42,39,37,27,27,18,27,17,15,42,27,39,33,24,46,25,18,24,42,49,46,44,45,46,40,41,38,47,39,44,45,44,49,36,45,46,45,36,41,45,38,39,44,43,39,47,41,42,43,31,33,32,45,46,39,40,39,44,35,20,27,26,31,35,23,27,34,38,49,32,27,19,33,27,38,27,27,34,25,41,22,21,24,17,22,27,25,20,22,23,42,31,33,27,21,24,25,20,22,28,27,46,28,37,31,34,28,27,28,25,20,38
"GCCTGCTCGGATTGCCATGGAGGCGATCCCGCCAGCACGAAATATGCCGACGCCCATGCC",0,0,0,0,0,0,0,0,0,0,0,0,0,0,0,0,0,0,0,0,0,0,0,0,0,0,0,0,0,0,0,0,0,0,0,0,0,0,0,0,0,0,0,0,0,0,0,0,0,0,0,0,0,0,0,0,0,0,0,0,0,0,0,0,0,0,0,0,0,0,0,0,0,0,0,0,0,0,0,0,0,0,0,0,0,0,0,0,0,0,0,0,0,0,0,0,0,0,0,0,0,0,0,0,0,0,0,0,0,0,0,0
"GCGTGCACCGATTGTCACGTCTTGATGCACGCCGGGTCGGAA---------CGCGGCAAC",0,1,1,0,0,1,1,2,1,0,1,0,1,5,0,1,0,3,0,0,1,0,1,0,0,1,0,0,0,0,0,0,1,0,0,0,1,4,1,0,0,4,1,0,0,0,3,0,0,0,1,0,0,0,0,0,1,0,0,2,2,1,0,1,3,2,3,2,1,2,6,2,1,1,1,3,3,3,2,1,4,1,2,9,2,2,7,1,1,3,0,2,0,1,2,3,2,1,4,0,0,0,1,2,1,0,2,0,0,1,0,0
"GCGTGCACGGACTGCCACACCGTCATGCATGAGGTA---TCAGACCGGAACAATCTGAGA",0,0,0,0,0,0,0,0,0,0,0,0,0,0,0,0,0,0,0,0,0,0,0,0,0,0,0,0,0,0,0,0,0,0,0,0,0,0,0,0,0,0,0,0,0,0,0,0,0,0,0,0,0,0,0,0,0,0,0,0,0,0,0,0,0,0,0,0,0,0,0,0,0,0,0,0,0,0,0,0,0,0,0,0,0,0,0,0,0,0,0,0,0,0,0,0,0,0,0,0,0,0,0,0,0,0,0,0,0,0,0,0
"GCGTGCATGGATTGCCATGTTACACAAGGCCAATCA---CGTTTTGTGGCAGACAACAAG",0,0,0,0,0,0,0,0,0,0,0,0,0,0,0,0,0,0,0,0,0,0,0,0,0,0,0,0,1,0,0,0,0,0,0,0,0,0,0,0,0,0,0,0,0,0,0,0,0,0,0,0,0,0,0,0,0,0,0,0,0,0,0,0,0,0,0,0,0,0,0,0,0,0,1,1,0,0,0,0,0,0,0,0,0,1,0,1,1,0,0,0,0,0,0,0,0,0,0,0,0,0,0,0,0,0,0,0,0,0,0,0
"GCGTGTGCGGATTGCCATGCGCCCATCGTCCGAAAAGCCAGCCCCCACGCCCGGGTGCAT",0,0,0,0,0,0,0,0,0,0,0,0,0,0,0,0,0,0,0,0,0,0,0,0,0,0,0,0,0,0,0,0,0,0,0,0,0,0,0,0,0,0,0,0,0,0,0,0,0,0,0,0,0,0,0,0,0,0,0,0,0,0,0,0,0,0,0,0,0,0,0,0,0,0,0,0,0,0,0,0,0,0,0,0,0,0,0,0,0,0,0,0,0,0,0,0,0,0,0,0,0,0,0,0,0,0,0,0,0,0,0,0
"GCGTGTGTCGATTGTCACGTAGGACACGAAAAACAGCCGCTGAAGCTTAGCGATGCGCGC",0,0,0,0,0,0,0,0,0,0,0,0,0,0,0,0,0,0,0,0,0,0,0,0,0,0,0,0,0,0,0,0,0,0,0,0,0,0,0,0,0,0,0,0,0,0,0,0,0,0,0,0,0,0,0,0,0,0,0,0,0,0,0,0,0,0,0,0,0,0,0,0,0,0,0,0,0,0,0,0,0,0,0,0,0,0,0,0,0,0,0,0,0,0,0,0,0,0,0,0,0,0,0,0,0,0,0,0,0,0,0,0
"GCTTGTACAGATTGTCACTCGAACATCACCGACCACCCCGAAGTGACCGCCAGCAGTCCG",0,0,0,0,0,0,0,0,0,0,0,0,0,0,0,0,0,0,0,0,0,0,0,0,0,0,0,0,0,0,0,0,0,0,0,0,0,0,0,0,0,0,0,0,0,0,0,0,0,0,0,0,0,0,0,0,0,1,0,0,0,0,0,0,0,0,0,0,0,0,0,0,1,0,0,0,0,0,0,0,0,0,0,0,0,0,0,0,0,0,0,0,1,0,0,0,0,0,0,0,0,0,0,0,0,0,0,0,0,0,0,0
"GGCTGCGCCGACTGCCACAATCCGATGCAGAAGTCGTCG------GCCACCAGCCTATTG",2,0,0,0,0,1,0,0,0,0,0,0,0,0,0,0,0,0,0,0,0,1,1,2,5,2,2,0,1,0,1,1,0,0,1,0,0,3,0,1,0,0,1,1,0,0,0,0,1,1,2,2,2,1,1,0,0,2,1,0,0,0,0,0,0,0,0,0,0,0,0,0,0,0,1,0,1,0,0,0,0,0,0,0,0,0,0,0,0,0,1,1,0,0,0,0,0,0,0,0,0,0,1,3,0,1,1,0,0,0,0,2
"GGCTGTACCGCGTGCCATCAGGGACGGAGGGCCACGGGCTTCCAGACCGCCGACCACACG",0,0,0,0,0,0,0,0,0,0,0,0,0,0,0,0,0,0,0,0,0,0,0,0,0,0,0,0,0,0,0,0,0,0,0,1,0,0,0,0,0,0,0,0,0,0,0,0,0,0,1,0,0,0,0,0,0,0,0,0,0,0,0,0,0,0,0,0,0,0,0,1,0,0,0,0,0,0,0,0,0,0,0,0,0,0,0,0,0,0,0,0,0,0,0,0,0,0,0,0,0,0,0,0,0,0,0,0,0,0,0,0
"GGCTGTCTCGAGTGCCACCAGACGAACCCGAAGGACGTCGATACGTTCAAC------CAC",0,0,0,0,0,0,0,0,0,0,0,0,0,0,0,0,0,0,0,0,0,0,0,0,0,0,0,0,0,0,0,0,0,0,0,0,0,0,0,0,0,0,0,0,0,0,0,0,0,0,0,0,0,0,0,0,0,0,0,0,0,0,0,0,0,0,0,0,0,0,0,0,0,0,0,0,0,0,0,0,0,0,0,0,0,0,0,0,0,0,0,0,0,0,0,0,0,0,0,0,0,0,0,0,0,0,0,0,0,0,0,0
"GGCTGTGTGACTTGTCACGGA------------GAAGTAAGCAAAATGTCGAACATTAAA",0,0,0,0,0,0,0,0,0,0,0,0,0,0,0,0,0,0,0,0,0,0,0,0,0,0,0,0,0,0,0,0,0,0,0,0,0,0,0,0,0,0,0,0,0,0,0,0,0,0,0,0,0,0,0,0,0,0,0,0,0,0,0,0,0,0,0,0,0,0,0,0,0,0,0,0,0,0,0,0,0,0,0,0,0,0,0,0,0,0,0,0,0,0,0,0,0,0,0,0,0,0,0,0,0,0,0,0,0,0,0,0
"GGCTGTTCCACCTGCCACGGGCCAGTGAACCAGATGCCGCTGACCTGGAAAGAGCACTCA",0,0,0,0,0,0,0,0,0,0,0,0,0,0,0,1,0,0,0,0,0,0,0,0,0,0,0,0,0,0,0,0,0,0,0,0,0,0,0,0,0,0,0,0,0,0,0,0,0,0,0,1,0,0,0,0,0,0,0,0,0,0,0,0,1,0,0,0,0,0,0,0,0,0,0,0,0,0,0,0,0,0,0,0,0,0,0,0,0,0,0,0,0,0,0,0,0,0,0,0,0,0,0,0,1,0,0,0,0,0,0,0
"GGTTGTCTGCGGTGTCATATGAGCGCTGTACAGCGGAGCGATGGGACCATCAACCATTAC",0,0,0,0,0,0,0,0,0,0,0,0,0,0,0,0,0,0,0,0,0,0,0,0,0,0,0,0,0,0,0,0,0,0,0,0,0,0,0,0,0,0,0,0,0,0,0,0,0,0,0,0,0,0,0,0,0,0,0,0,0,0,0,0,0,0,0,0,0,0,0,0,0,0,0,0,0,0,0,0,1,0,0,0,0,0,0,0,0,0,0,0,0,0,0,0,0,0,0,1,0,0,0,0,0,0,0,0,0,0,0,0
"TCATGCGCAGACTGTCATATGCCCTTTATGAAAAGTGGACAGAAATATACGTCTCATAAT",0,0,0,0,0,0,0,0,0,0,0,0,0,0,0,0,0,0,0,0,0,1,0,0,0,0,0,0,0,0,0,0,0,0,1,0,0,0,0,0,0,0,0,0,0,0,0,0,0,0,1,0,0,0,0,0,0,0,0,0,0,0,0,0,0,0,0,0,0,0,0,0,0,0,0,0,0,0,0,0,0,0,0,0,0,0,0,0,0,0,0,1,0,0,0,0,0,0,0,1,0,0,0,1,1,0,0,0,0,0,0,0
"TCCTGCTCCGACTGCCACAACATCCACGACAAGCGCGCGCTTTCGGTCGCGCCCTTCACC",0,0,0,0,0,0,0,0,0,0,0,1,0,0,0,0,0,0,0,0,0,1,0,0,0,0,0,0,0,1,0,0,0,0,0,0,0,0,0,0,0,0,0,0,0,0,0,0,0,0,0,0,0,0,0,0,0,0,0,0,0,0,0,0,0,0,0,0,0,0,0,0,0,0,0,0,0,0,0,0,0,0,0,0,0,0,0,0,0,0,0,0,0,0,0,0,0,0,0,0,0,0,0,0,0,0,0,0,0,0,0,0
"TCCTGTAATGACTGCCATGGAGGCAAAACCGAGGCCGAC------GCGACTGATCACGAG",0,0,0,0,0,0,0,0,0,0,0,0,0,0,0,0,0,0,0,0,0,0,0,0,0,0,0,0,0,0,0,0,0,0,0,0,0,0,0,0,0,0,0,0,0,0,1,0,0,1,0,0,0,0,0,0,0,1,0,0,0,0,0,0,0,0,0,0,0,0,0,0,0,0,0,0,0,0,0,0,0,0,0,0,0,0,0,0,0,0,0,0,0,0,0,0,0,0,0,0,0,0,0,0,0,0,0,0,0,0,0,0
"TCCTGTATCGATTGTCATGTCAAAAATCTTGGGGATAAAGATCAGACCGCAAATGCAGTG",0,0,0,0,0,0,0,0,0,0,0,0,0,0,0,0,0,0,0,0,0,0,0,0,0,0,0,0,0,0,1,0,0,0,0,0,0,0,0,0,0,0,0,0,0,1,0,0,0,0,0,0,0,0,0,0,0,0,0,0,0,0,0,0,0,0,0,0,0,0,0,0,0,0,0,0,0,0,0,0,0,0,0,0,0,0,0,0,0,0,0,0,0,0,0,0,0,0,0,0,0,0,0,0,0,0,0,0,0,0,0,0
"TCCTGTGTGGATTGCCATGTGAATCACCTGGAAAATGCGGAC---CGGACGGCGCACACC",0,0,1,0,0,0,0,0,0,1,0,0,0,0,1,0,0,0,0,0,0,1,0,0,1,3,1,0,3,0,0,0,0,1,0,0,0,0,0,1,0,2,0,1,0,0,0,1,0,1,2,1,1,1,0,0,0,0,0,0,0,0,1,0,0,0,1,0,0,2,1,2,1,0,0,1,0,1,0,0,0,0,0,0,0,0,0,0,0,0,0,0,0,0,0,0,0,0,2,0,0,0,0,0,0,0,0,0,0,0,0,2
"TCGTGCAGCGACTGCCACAACCCGATGGCG------------AAATTCTCGGTGCGGGGA",2,0,0,0,0,0,1,1,0,0,0,0,0,0,0,0,0,3,0,0,0,0,0,1,0,0,0,1,0,0,0,1,0,0,1,2,0,0,0,0,1,0,0,0,0,0,0,3,2,1,0,0,0,1,0,0,1,0,0,0,1,0,0,0,0,2,0,0,0,1,0,1,2,0,1,1,1,0,0,1,0,0,0,0,0,0,0,2,0,0,0,0,0,2,0,0,0,0,0,0,0,0,0,0,0,0,1,2,1,0,2,0
"TCGTGCCTCGACTGCCACTCGGGCAACGGGAAGTGGGACACCGTCTTTCCCACGAGCGAC",0,0,0,0,0,0,0,0,0,0,0,0,0,0,0,0,0,0,0,0,0,0,0,0,0,0,0,0,0,0,0,1,0,0,0,0,0,0,0,0,0,0,0,0,0,0,0,0,0,0,0,0,0,0,0,0,0,0,0,0,0,0,0,0,0,0,0,0,0,0,0,0,0,0,0,0,0,0,0,0,0,0,0,0,0,0,0,0,0,0,0,0,0,0,0,0,0,0,0,0,0,0,0,0,0,0,0,0,0,0,0,0
"TCGTGCGCCACCTGCCAT------------------GGCGACGTCTGGACACAGGAGCGA",0,0,0,0,0,1,1,0,0,0,0,0,0,0,0,0,0,0,0,0,0,0,0,0,0,0,0,0,0,0,0,0,0,0,0,0,0,0,0,0,0,0,0,0,0,0,0,0,0,0,0,0,0,0,0,0,0,0,0,0,0,0,0,0,0,0,0,0,0,0,0,0,0,0,0,0,0,0,0,1,0,0,0,1,0,0,0,0,0,0,0,0,0,0,0,0,0,0,0,0,0,0,0,0,0,0,0,0,0,0,0,2
"TCGTGCGCGACCTGCCACAGCGTTCACAAGCCGAAGTCGGAGCGCGCG---------CAG",0,0,0,0,0,0,0,0,0,0,0,0,0,0,0,0,0,0,0,0,0,0,1,0,0,0,1,0,0,0,0,0,0,0,0,0,0,0,1,0,0,0,0,0,0,0,0,0,0,1,0,0,0,0,1,0,0,0,2,0,0,0,0,0,1,0,0,0,0,2,0,0,0,0,0,0,0,0,0,0,0,0,1,0,0,0,0,0,0,0,0,0,0,0,0,0,0,1,0,0,0,0,0,0,0,0,0,0,0,0,0,0
"TCGTGCGTGTCGTGCCACGGGCAG---GTCAATGAGATGAAGGTCATCTCGCACGACAAG",0,0,0,0,0,0,0,0,0,0,0,0,0,0,0,0,0,0,0,0,0,0,0,0,0,0,0,0,0,0,0,0,0,0,0,0,0,0,0,0,1,0,0,0,0,0,0,0,0,0,0,0,0,0,0,0,0,0,0,0,0,0,0,0,0,0,0,0,0,1,0,0,0,0,0,0,0,0,0,0,0,0,0,0,0,0,0,0,0,0,0,0,0,0,0,0,0,0,0,0,0,0,0,0,0,0,0,0,0,0,0,0
"TCTGCGCCGACTGCCCATGCATACATGCGCGAGGGTGCGATGAAGATCAGCGACCATCAC",0,0,0,0,0,0,0,0,0,0,0,0,0,0,0,0,0,0,0,0,0,0,0,0,0,0,0,0,0,0,0,0,0,0,0,0,0,0,0,0,0,0,0,0,0,0,0,0,0,0,0,0,0,0,0,0,0,0,0,0,0,0,0,0,0,0,0,0,0,0,0,0,0,0,0,0,0,0,0,0,0,0,0,0,0,0,0,0,0,0,0,0,0,0,0,0,0,0,0,0,0,0,0,0,0,0,0,0,0,0,0,0
"TTCTGCGTGCGCTGCCACCAGCAGGTCGGTACCCAGGAGGCCCGCCAAACACCGCTCTGG",0,0,0,0,0,0,0,0,0,0,0,0,0,0,0,0,0,0,0,0,0,0,0,0,0,0,0,0,0,0,0,0,0,0,0,0,0,0,0,0,0,0,0,0,0,0,0,0,0,0,0,0,0,0,0,0,0,0,0,0,0,0,0,0,0,0,0,0,0,0,0,0,0,0,0,0,0,0,0,0,0,0,0,0,0,0,0,0,0,0,0,0,0,0,0,0,0,0,0,0,0,0,0,0,0,0,0,0,0,0,0,0
