"","0_SD7449_H041_pH7","100_SD7551_S153","106_SD7557_S159","10_SD7461_H054_pH7","11_SD7462_H055_pH7","121_SD7572_S174","13_SD7464_H057_pH7","14_SD7465_H058_pH7","16_SD7467_H061_pH6.5","17_SD7468_H062_pH6.5","18_SD7469_H063_pH6.5","19_SD7470_H065_pH6.5","1_SD7450_H042_pH7","20_SD7471_H067_pH6.5","21_SD7472_H068_pH6.5","22_SD7473_H069_pH6.5","23_SD7474_H070_pH6.5","24_SD7475_H071_pH6.5","25_SD7476_H072_pH6.5","26_SD7477_H073_pH6.5","27_SD7478_H074_pH6.5","28_SD7479_H075_pH6.5","2_SD7451_H043_pH7","30_SD7481_H077_pH6.5","31_SD7482_H078_pH6.5","32_SD7483_H079_pH6.5","33_SD7484_H080_pH6.5","34_SD7485_H081_pH6","35_SD7486_H082_pH6","36_SD7487_H085_pH6","37_SD7488_H086_pH6","38_SD7489_H087_pH6","39_SD7490_H089_pH6","40_SD7491_H090_pH6","41_SD7492_H091_pH6","42_SD7493_H092_pH6","43_SD7494_H093_pH6","44_SD7495_H094_pH6","45_SD7496_H095_pH6","46_SD7497_H096_pH6","47_SD7498_H097_pH6","48_SD7499_H098_pH6","49_SD7500_H099_pH6","50_SD7501_H100_pH6","51_SD7502_H101_pH5.5","52_SD7503_H102_pH5.5","53_SD7504_H103_pH5.5","54_SD7505_H104_pH5.5","55_SD7506_H105_pH5.5","56_SD7507_H106_pH5.5","57_SD7508_H107_pH5.5","58_SD7509_H109_pH5.5","59_SD7510_H110_pH5.5","5_SD7454_H046_pH7","60_SD7511_H111_pH5.5","61_SD7512_H113_pH5.5","63_SD7514_H115_pH5.5","64_SD7515_H116_pH5.5","65_SD7516_H117_pH5.5","66_SD7517_H119_pH5.5","67_SD7518_H120_pH5.5","68_SD7519_S121","69_SD7520_S122","6_SD7455_H048_pH7","70_SD7521_S123","71_SD7522_S124","72_SD7523_S125","74_SD7525_S127","75_SD7526_S128","76_SD7527_S129","78_SD7529_S131","79_SD7530_S132","7_SD7456_H049_pH7","80_SD7531_S133","81_SD7532_S134","82_SD7533_S135","83_SD7534_S136","84_SD7535_S137","85_SD7536_S138","87_SD7538_S140","8_SD7458_H051_pH7","91_SD7542_S144","94_SD7545_S147","97_SD7548_S150","9_SD7460_H053_pH7"
"ATAGGAAACAAGCACCTTCCGTTATTCTACGATAATGGTGAATTAATGGTGCCATTTGAT",3,0,0,3,1,0,0,0,0,0,2,1,1,0,1,1,2,1,0,0,2,2,1,2,2,0,0,1,1,0,1,0,1,0,2,3,0,2,0,1,3,1,2,1,0,1,0,0,1,1,1,0,0,2,0,3,0,0,0,0,0,0,2,1,0,1,0,0,0,2,0,0,0,0,0,0,0,0,0,0,1,1,0,0,0
"ATAGGCAGCCAACTCGTCAACGCCGATTTCACC---CGGCGCGTTGTTGTAGCGACCGAC",0,0,0,0,0,0,0,0,0,0,0,0,0,0,0,0,0,0,0,0,0,0,0,0,0,0,0,0,0,0,0,0,0,0,0,0,0,0,0,0,0,0,0,0,0,0,1,0,0,0,0,0,0,0,0,0,0,0,0,0,0,0,0,0,0,0,0,0,0,0,0,0,0,0,0,0,0,0,0,0,0,0,0,0,0
"ATCGGCAACATGCATCGCGACATTCACGTTGCCGCGAACGAGATCGTGGTGTTGGCCGAC",0,0,0,0,0,0,2,2,1,2,0,0,0,0,1,1,1,0,1,1,1,1,2,0,0,0,1,0,1,0,0,1,0,1,0,1,0,0,0,2,1,0,2,0,0,0,0,0,0,0,0,1,1,0,2,0,1,1,1,0,0,0,0,0,0,0,0,0,0,0,0,0,2,0,0,0,1,0,0,0,1,0,0,0,0
"CNNGGANNCCGCCNCNNGNCNGNGGNNNNNNNCGNGNNNTATCTGNGCATCGCTGAAGAT",0,0,0,0,0,0,0,0,0,0,0,0,0,0,0,0,0,0,0,0,0,0,0,0,0,0,0,0,0,0,0,0,0,0,0,0,0,0,0,0,0,0,0,0,0,0,0,0,0,0,0,0,0,0,0,0,0,0,1,0,0,0,0,0,0,0,0,0,0,0,0,0,0,0,0,0,0,0,0,0,0,0,0,0,0
"CTAGGGTCGAGCCATGCGCCTTTCAGCAAGGAGGGTTGCGTGTTGCTGGTCAAGCTGCAC",0,0,0,0,0,0,0,0,0,0,0,0,0,0,0,0,0,0,0,0,0,0,0,0,0,0,0,0,0,0,0,0,0,0,0,0,0,0,0,0,0,0,0,0,0,0,0,0,0,0,0,0,0,0,0,0,0,0,0,0,0,0,0,0,0,0,0,0,0,0,0,0,0,0,0,0,0,0,0,0,0,0,0,0,0
"CTCGGCAACCGGCACGTTCAGCTCGAGCTGACGCCGGATCATCTGAAGCTCGAACCGGAT",7,4,0,5,6,0,2,8,6,8,6,10,11,8,1,6,10,6,7,2,3,6,5,7,8,5,7,11,9,5,8,2,6,5,4,11,6,2,7,1,4,8,4,3,7,6,9,10,3,2,5,2,5,1,8,3,6,7,8,2,5,5,2,4,0,3,2,3,1,0,5,3,14,3,3,5,2,4,1,1,8,7,3,1,11
"CTCGGCAATCGCCATGCGGCGTTGCAGATCGGCGGCGGTTTCGTGCGCTTCGCCCACGAC",20,17,9,21,20,12,25,17,21,21,25,21,25,23,23,23,16,20,16,25,20,23,16,21,22,26,20,11,18,20,25,14,15,25,14,18,17,18,22,23,20,17,13,18,15,20,14,14,21,19,16,20,16,18,18,19,17,13,17,25,18,24,17,20,21,20,16,9,12,12,17,9,18,18,16,16,13,16,24,11,17,18,15,7,29
"CTCGGCCAACGCGCGGTGGTGTACAGCGAGGAGCTGCCCTGGGTCGCTTCGCCGCTGCCC",0,0,0,0,0,0,0,0,0,0,0,0,0,0,0,0,0,0,0,0,0,0,0,0,0,0,0,0,0,0,0,0,0,0,0,0,0,0,0,0,0,0,0,0,0,0,0,0,0,0,0,0,0,0,0,0,0,0,0,0,0,0,0,0,0,0,0,0,0,0,0,0,0,0,0,0,0,0,0,0,0,0,0,0,0
"CTGGGCACACCCCACCACCCCCACCACCACCCACACCCCACCCACCGCATCGCCGATGAC",0,0,0,0,0,0,0,0,0,0,0,0,0,0,0,0,0,0,0,0,0,0,0,0,0,0,0,0,0,0,0,0,0,0,0,0,0,0,0,0,0,0,0,0,0,0,0,0,0,0,0,0,0,0,0,0,0,0,0,0,0,0,0,0,0,0,0,0,0,0,0,0,0,0,0,0,0,0,0,0,0,0,0,0,0
"CTGGGCGGTCTGCATTCTCCCGCAGAGGGTCTTCCCGGCGCGGTCGTGATCCCGGCGGAC",0,0,0,0,0,0,0,0,0,0,0,0,0,0,0,0,0,0,0,0,0,0,0,0,0,0,0,0,0,0,0,0,0,0,0,0,0,0,0,0,0,0,0,0,0,0,0,0,0,0,0,0,0,0,0,0,0,0,0,0,0,0,0,0,0,0,0,0,0,0,0,0,0,0,0,0,0,0,0,0,0,0,0,0,0
"CTGGGTAACCGGCATCTTCCAGCGCAACTGTTGCCGAAGGCCATACGCATTCGCCGCGAC",15,20,28,7,7,31,11,9,8,6,8,8,7,8,10,13,9,10,13,13,14,10,4,10,8,9,8,9,7,6,10,20,3,7,15,10,10,12,3,10,15,6,11,18,22,15,18,16,18,20,21,20,26,11,11,14,14,23,15,19,20,13,25,9,27,24,27,32,34,29,27,32,3,22,26,22,24,29,18,36,11,17,24,39,1
"GTGGGCAACCGACACTTCTCGCTCGCCCTCGAGGGCGAGGGCATCCTGGTTCCGGACGAT",5,9,12,10,11,7,9,10,11,12,9,9,6,11,14,4,10,13,13,9,8,6,18,5,10,10,8,16,14,15,6,12,23,12,10,6,17,14,15,13,7,13,17,7,5,7,8,9,6,7,7,7,1,13,9,11,12,6,7,4,6,6,4,16,2,1,5,6,3,7,1,6,11,5,5,7,10,1,7,2,9,4,8,3,9
"GTGGGCAATATGCATGCACCCATTCAGATTCAACAAGATTGTGTGATTACGCCCTTTAAT",0,0,0,0,0,0,0,0,0,0,0,0,0,0,0,0,0,0,0,0,0,0,0,0,0,0,0,0,0,0,0,0,0,0,0,0,0,0,0,0,0,0,0,0,0,0,0,0,0,0,0,0,0,0,0,0,0,0,0,0,0,0,0,0,0,0,0,0,0,0,0,0,0,0,0,0,0,0,0,0,0,0,0,0,0
"GTTGGAAACAGGCACCAGTCCGTAATGATTGGCGAATCCGAGTTGGTTTTTCCGGAGAAT",0,0,1,3,5,0,0,4,3,1,0,1,0,0,0,2,2,0,0,0,0,2,3,4,0,0,6,2,0,4,0,0,2,0,4,1,0,2,2,0,0,5,1,1,0,0,0,0,1,0,0,0,0,5,2,0,0,0,1,0,1,2,0,0,0,1,0,0,0,0,0,0,2,2,0,0,0,0,0,0,3,2,0,0,0
"TCCTTCAACCGGCACGGGGCTTGGCCGTGGGCGCACGGCGTGCTCCGGCTGCGCGCCGAT",0,0,0,0,0,0,0,0,0,0,0,0,0,0,0,0,0,0,0,0,0,0,0,0,0,0,0,0,0,0,0,1,0,0,0,0,0,0,1,0,0,0,0,0,1,1,0,1,0,1,0,0,1,0,0,0,0,0,0,0,0,0,0,0,0,0,0,0,0,0,0,0,0,0,0,0,0,0,0,0,0,1,0,0,0
"TTGCAGAATCGCCATCTGCCGGTTCAGGTCCGCCAGCTTTGGCTCAAAGCCCCGCAACTG",0,0,0,0,0,0,0,0,0,0,0,0,0,0,0,0,0,0,0,0,1,0,0,0,0,0,0,0,0,0,0,0,0,0,0,0,0,0,0,0,0,0,0,0,0,0,0,0,0,0,0,0,0,0,0,0,0,0,0,0,0,0,0,0,0,0,0,0,0,0,0,0,0,0,0,0,0,0,0,0,0,0,0,0,0
"TTGGGCAATCGTCATATCCCGGCAGCCATCACCGAAACCACCGTGTGCTATCAAAGAGAT",0,0,0,1,0,0,1,0,0,0,0,0,0,0,0,0,0,0,0,0,1,0,1,1,0,0,0,0,0,0,0,0,0,0,1,0,0,0,0,0,0,0,0,2,0,0,0,0,0,0,0,0,0,0,0,0,0,0,0,0,0,0,0,0,0,0,0,0,0,0,0,0,0,0,0,0,0,0,0,0,0,0,0,0,0
