"","0_SD7449_H041_pH7","100_SD7551_S153","101_SD7552_S154","102_SD7553_S155","103_SD7554_S156","104_SD7555_S157","105_SD7556_S158","106_SD7557_S159","108_SD7559_S161","109_SD7560_S162","10_SD7461_H054_pH7","110_SD7561_S163","111_SD7562_S164","112_SD7563_S165","113_SD7564_S166","114_SD7565_S167","116_SD7567_S169","117_SD7568_S170","11_SD7462_H055_pH7","120_SD7571_S173","121_SD7572_S174","122_SD7573_S175","12_SD7463_H056_pH7","13_SD7464_H057_pH7","14_SD7465_H058_pH7","16_SD7467_H061_pH6.5","17_SD7468_H062_pH6.5","18_SD7469_H063_pH6.5","19_SD7470_H065_pH6.5","1_SD7450_H042_pH7","20_SD7471_H067_pH6.5","21_SD7472_H068_pH6.5","22_SD7473_H069_pH6.5","23_SD7474_H070_pH6.5","24_SD7475_H071_pH6.5","25_SD7476_H072_pH6.5","26_SD7477_H073_pH6.5","27_SD7478_H074_pH6.5","28_SD7479_H075_pH6.5","2_SD7451_H043_pH7","30_SD7481_H077_pH6.5","31_SD7482_H078_pH6.5","32_SD7483_H079_pH6.5","33_SD7484_H080_pH6.5","34_SD7485_H081_pH6","35_SD7486_H082_pH6","36_SD7487_H085_pH6","37_SD7488_H086_pH6","38_SD7489_H087_pH6","39_SD7490_H089_pH6","3_SD7452_H044_pH7","40_SD7491_H090_pH6","41_SD7492_H091_pH6","42_SD7493_H092_pH6","43_SD7494_H093_pH6","44_SD7495_H094_pH6","45_SD7496_H095_pH6","46_SD7497_H096_pH6","47_SD7498_H097_pH6","48_SD7499_H098_pH6","49_SD7500_H099_pH6","4_SD7453_H045_pH7","50_SD7501_H100_pH6","51_SD7502_H101_pH5.5","52_SD7503_H102_pH5.5","53_SD7504_H103_pH5.5","54_SD7505_H104_pH5.5","55_SD7506_H105_pH5.5","56_SD7507_H106_pH5.5","57_SD7508_H107_pH5.5","58_SD7509_H109_pH5.5","59_SD7510_H110_pH5.5","5_SD7454_H046_pH7","60_SD7511_H111_pH5.5","61_SD7512_H113_pH5.5","62_SD7513_H114_pH5.5","63_SD7514_H115_pH5.5","64_SD7515_H116_pH5.5","65_SD7516_H117_pH5.5","66_SD7517_H119_pH5.5","67_SD7518_H120_pH5.5","68_SD7519_S121","69_SD7520_S122","6_SD7455_H048_pH7","70_SD7521_S123","71_SD7522_S124","72_SD7523_S125","73_SD7524_S126","74_SD7525_S127","75_SD7526_S128","76_SD7527_S129","77_SD7528_S130","78_SD7529_S131","79_SD7530_S132","7_SD7456_H049_pH7","80_SD7531_S133","81_SD7532_S134","82_SD7533_S135","83_SD7534_S136","84_SD7535_S137","85_SD7536_S138","86_SD7537_S139","87_SD7538_S140","88_SD7539_S141","8_SD7458_H051_pH7","90_SD7541_S143","91_SD7542_S144","92_SD7543_S145","93_SD7544_S146","94_SD7545_S147","95_SD7546_S148","97_SD7548_S150","98_SD7549_S151","99_SD7550_S152","9_SD7460_H053_pH7"
"ACGAACGCGTGCCACGCCGTGCACCCCGAGGAACCGGTGGCCCATGGCCTCTCGCCGCAC",0,0,0,0,0,0,0,0,0,0,0,0,0,0,1,0,0,0,0,0,0,0,0,0,0,0,0,0,0,0,0,0,0,0,0,1,0,0,0,0,0,0,0,0,0,0,0,0,0,0,0,0,0,0,0,0,0,0,0,0,0,0,0,0,0,0,0,0,0,0,1,0,0,0,0,0,0,0,0,0,0,0,0,0,0,0,0,0,0,0,0,0,0,0,0,0,0,0,0,0,0,0,0,0,0,0,0,0,0,0,0,0,0,0,0
"GACGCGAGCTGCCAGCAGTGCCACGACGCGCAGACCTTCGGCCTGCACGGCGGATCGCGC",0,0,0,0,0,0,0,0,0,0,0,0,0,0,0,0,0,0,0,0,0,0,0,0,0,0,0,0,0,0,0,0,0,0,0,0,0,0,0,0,0,0,0,0,0,0,0,0,0,0,0,0,0,0,0,0,0,0,0,0,0,0,0,0,0,0,0,0,0,0,0,0,0,0,0,0,0,0,0,0,0,0,0,1,0,0,0,0,0,0,0,0,0,0,0,0,0,0,0,0,0,0,0,0,0,0,0,0,0,0,0,0,0,0,0
"GGGGTGAGCTGCTTCACCTGCCACGGCGACGTGCGCACGATGGACGTGGTGGCGCCGAAG",0,0,0,0,0,0,0,0,0,0,0,0,0,0,0,0,0,0,0,0,0,0,0,0,0,0,0,0,0,0,0,1,1,0,0,1,0,0,0,0,2,0,0,0,0,0,0,0,0,0,0,0,0,0,0,0,0,0,0,0,0,0,0,0,0,1,0,0,0,0,0,0,0,0,0,0,0,0,0,0,0,0,0,0,0,0,0,0,0,0,0,0,0,0,1,0,0,0,0,0,0,0,0,0,0,0,0,0,0,0,0,0,0,0,0
"TCTACTTCCCCCTTGAACTGTCACCCGAATAAGGATACAGTGTCAAAAGTTAATTCAAGG",0,0,0,0,0,0,0,0,0,0,0,0,0,0,0,0,0,0,0,0,0,0,0,0,0,0,0,0,0,0,0,0,0,0,0,0,0,0,0,0,0,0,0,0,0,0,0,0,0,0,0,0,0,0,0,0,0,0,0,0,0,0,0,0,0,0,0,0,0,1,0,0,0,0,0,0,0,0,0,0,0,0,0,0,0,0,0,0,0,0,0,0,0,0,0,0,0,0,0,0,0,0,0,0,0,0,0,0,0,0,0,0,0,0,0
"TGCACCAACTGCCACGAGGTGCACACCGCCCACGACGCGGTGCGCGAC------CGGCGC",1,1,3,0,2,0,0,0,0,0,5,0,1,0,0,1,0,0,4,0,0,0,10,1,1,2,2,5,2,4,1,5,3,5,0,2,7,2,3,0,0,3,3,2,1,3,4,1,0,3,1,0,0,4,6,4,7,4,2,6,1,1,4,1,0,6,2,4,4,2,2,3,2,3,0,0,3,3,4,0,3,2,3,1,2,0,0,0,0,0,1,1,0,1,2,2,1,2,0,1,0,0,3,0,1,0,0,0,0,2,3,2,1,0,4
"TGCACCACATGTCATTCCGTCAAGGCGCCGCAAACCATCCGCGCGCAATTAAACGCTCCT",0,0,0,0,0,0,0,0,0,0,0,0,0,0,0,0,0,0,0,0,0,0,0,0,0,0,0,0,0,0,0,0,0,0,0,0,0,0,0,0,0,0,0,0,0,0,0,0,0,0,0,0,0,0,0,0,0,0,0,0,0,0,0,0,0,0,0,0,0,0,0,0,0,0,0,0,0,0,0,0,0,0,0,0,0,0,0,0,0,0,0,0,0,0,0,0,0,0,0,0,0,0,0,0,0,0,0,0,0,0,0,0,0,0,0
"TGCACCACCTGCCATTCGCTCGATTCGCGCGAGCAGGTCATGCTCGTGCTGCCGGACCGC",0,0,0,0,0,0,0,0,0,0,0,0,0,0,0,0,0,0,1,0,0,0,0,0,0,0,0,0,0,0,0,0,0,0,0,0,0,0,0,0,0,0,0,2,0,0,0,0,0,0,0,0,0,1,0,0,0,0,0,0,0,0,0,0,0,0,0,0,1,0,0,0,0,0,0,1,0,0,0,1,0,0,0,0,0,0,0,0,0,0,0,0,0,0,0,0,0,0,0,0,0,0,0,0,0,0,0,0,0,0,0,0,0,0,0
"TGCACCGGCTGCCACGACCTCGAGAAGGAAGGTGTCCGTCTCGCCACCCGCGACCAGCTC",0,0,0,0,0,0,0,0,0,0,0,0,0,0,0,0,0,0,0,0,0,0,1,0,0,0,0,1,0,1,0,0,0,0,0,0,1,0,0,0,0,0,0,0,0,0,0,0,0,0,1,0,0,0,0,0,0,0,0,1,0,0,0,0,0,0,0,0,0,0,0,0,0,0,1,0,1,0,0,0,0,0,0,0,0,0,0,0,0,0,1,0,0,0,0,0,0,0,0,0,0,0,0,0,0,0,0,0,0,0,0,0,0,0,0
"TGCACCTCTTGCCATGTGTCGGCGCCAACCAGTACCAAGGTGGAAGAT---AATAACCTG",0,0,0,0,0,0,0,0,0,0,0,0,0,0,0,0,0,0,0,0,0,0,0,0,0,0,0,0,0,0,0,0,0,0,0,0,0,0,0,0,0,0,0,0,0,0,0,0,0,0,0,0,0,0,1,0,0,0,1,1,0,0,1,0,0,0,0,0,0,0,0,0,0,0,0,0,1,0,0,0,0,0,0,0,0,0,0,0,0,0,0,0,0,0,0,0,0,0,0,0,0,0,0,0,0,0,0,0,0,0,0,0,0,0,0
"TGCACGACTTGTCACTCCATTCATCCCAAGTCGGACAAATTT---CAGCTCAAATTTGCA",0,0,0,0,0,0,0,0,0,0,0,0,0,0,0,0,0,0,0,0,0,0,0,0,0,0,0,0,0,0,0,0,0,0,0,0,0,0,0,0,0,0,0,1,0,0,0,0,0,0,0,0,0,0,0,0,0,0,0,0,0,0,0,0,0,0,0,0,0,0,0,0,0,0,0,0,0,0,0,0,0,0,0,0,0,0,0,0,0,0,0,0,0,0,0,0,0,0,0,0,0,0,0,0,0,0,0,1,0,0,0,0,0,0,0
"TGCACGAGTTGCCAC---------GGTCAAATCGATCAGATGCAACTTGTGCGACAACAC",0,2,0,0,1,0,0,0,1,0,0,0,1,1,2,2,2,1,0,0,0,0,1,0,0,2,1,1,2,1,0,1,1,1,0,1,0,0,0,0,0,0,2,0,2,3,0,1,0,0,0,0,1,0,0,0,1,1,1,0,0,5,1,0,1,1,0,0,0,1,0,0,1,2,1,2,0,0,1,0,1,0,1,0,0,0,0,1,0,1,0,1,1,2,0,1,0,0,0,0,0,2,0,0,2,2,2,4,0,0,1,0,0,0,2
"TGCACGGACTGCCACGAGATTCACAATCCGAATCCGAAG------GTGTTCAACAAGCTC",0,0,0,0,1,0,0,0,0,0,0,0,0,0,0,0,0,0,0,0,0,0,1,0,0,4,1,2,1,5,3,2,2,2,1,0,1,2,1,0,1,2,2,0,0,0,1,1,4,3,0,2,1,1,0,2,1,4,2,1,0,0,0,3,5,3,3,1,3,2,2,4,1,2,4,3,5,3,1,3,2,3,0,1,0,3,5,1,0,3,1,0,1,0,0,6,1,5,1,3,0,2,3,0,1,0,0,0,0,0,0,0,0,0,0
"TGCACGGCGTGCCATGACGCGCATCGCGCTTCGACGCGGGCGGAGACGGTGGCGCGCACA",2,0,0,0,0,0,0,0,0,0,1,0,1,0,0,0,1,0,0,0,0,0,2,0,2,1,0,2,0,0,0,0,1,0,0,1,1,2,1,1,0,0,0,0,0,0,0,0,0,0,0,0,0,0,0,2,1,0,1,0,1,0,0,0,0,0,0,1,0,0,1,0,3,0,0,0,1,0,0,0,0,0,1,1,0,0,0,0,0,2,0,0,0,0,1,0,0,0,0,3,0,0,1,0,1,0,0,0,0,0,0,0,0,0,0
"TGCACGTCCTGCCATGTTCCGGCGAGAAAAGAC---------------ACGCGCTTCAAG",0,0,0,0,0,0,0,0,0,0,0,0,0,0,0,0,0,0,0,0,0,0,0,0,0,0,0,0,0,0,0,0,0,0,0,0,0,0,0,0,0,0,0,0,0,0,0,0,0,0,0,0,0,0,0,0,0,0,0,0,0,0,0,0,0,0,0,0,0,0,0,0,0,0,0,0,0,0,0,0,0,0,0,0,0,0,0,0,0,0,0,0,0,0,0,0,0,0,0,0,0,0,0,0,0,0,0,0,0,0,0,0,0,0,0
"TGCAGCACGTGCCATGGT---GATGTCCAGGACATGCCGCTTACTTGGCAGAATTCCAGC",0,0,0,0,0,0,0,0,0,0,0,0,0,0,0,0,0,0,0,0,0,0,0,0,0,0,0,0,0,0,0,0,0,0,0,0,0,0,0,0,0,0,0,0,0,0,0,0,0,0,0,0,0,0,0,0,0,0,0,0,0,0,0,0,0,0,0,0,0,0,0,0,0,0,0,0,0,0,0,0,0,0,0,0,0,0,0,0,0,0,0,0,0,0,0,0,0,0,1,0,0,0,0,0,0,0,0,0,0,0,0,0,0,0,0
"TGCAGTGACTGCCACGAGATCCATCCTCGCCGCGCGTCCGAAAAGCAGACGGCAGCACAT",1,0,0,0,0,0,0,0,0,0,0,0,0,0,0,0,0,0,1,0,0,0,0,0,0,0,0,0,0,0,0,0,0,2,0,1,0,0,0,0,0,0,0,1,2,0,0,1,1,0,0,1,0,0,2,0,0,0,0,0,0,0,2,0,0,0,0,2,0,1,0,0,0,0,0,0,0,0,0,0,0,0,1,0,0,0,0,0,0,0,0,0,0,0,0,0,0,1,0,0,0,0,1,0,0,0,0,0,0,0,0,0,0,0,0
"TGCATCAGTTGCCACAGTGTTCACCACAGCCAGAGCAGAGAGCAGTTGCTG---AAGGTT",0,0,0,0,1,0,0,0,2,1,0,0,0,1,0,0,0,1,0,2,0,0,0,1,0,0,0,0,0,0,1,1,1,1,0,0,0,1,0,0,1,1,1,1,0,0,0,0,0,1,1,0,1,2,0,1,1,1,2,3,0,0,0,1,4,2,4,2,3,8,0,0,0,3,2,2,4,4,4,2,1,0,1,0,1,0,5,2,2,1,3,5,4,1,2,0,2,0,1,2,2,1,3,1,0,0,1,0,0,0,1,1,1,1,0
"TGCATCCAGTGCCACCGCGACGTCGGCTCG---AAGACCATGGTCACCGACCGCTCGACC",0,0,0,0,0,0,0,0,0,0,0,0,0,0,0,0,0,0,0,0,0,0,0,0,0,0,0,0,0,1,0,0,0,0,0,0,0,0,0,0,0,0,0,0,0,0,0,0,0,0,0,0,0,0,0,0,0,0,0,0,0,0,0,0,0,0,0,0,0,0,0,0,0,0,0,0,0,0,0,0,0,0,0,0,0,0,0,0,0,0,0,0,0,0,0,0,0,0,0,0,0,0,0,0,0,0,0,0,0,0,0,0,0,0,0
"TGCATCGGGTGCGTTGCTCTGCATGGCCTGAACGATGTTTCTCGTTCCTTCGACGTTGAC",0,0,0,0,0,0,0,0,0,0,0,0,0,0,0,0,0,0,0,0,0,0,0,0,0,0,0,0,0,0,1,0,0,0,0,0,0,0,0,0,0,0,0,0,0,0,0,0,0,0,0,0,0,0,0,0,0,0,0,0,0,0,0,0,0,0,0,0,0,0,0,0,0,0,0,0,0,0,0,0,0,0,0,0,0,0,0,0,0,0,0,0,0,0,0,0,0,0,0,0,0,0,0,0,0,0,0,0,0,0,0,0,0,0,0
"TGCATGTCCTGCCACGACATGCACGGTGGT---GATCCACGCGGGATGATCCGGCCCGAG",0,0,0,0,0,0,0,0,0,0,0,0,0,0,0,0,0,0,0,0,0,0,0,0,0,0,0,0,0,0,0,0,0,0,0,0,0,0,0,0,0,0,0,0,0,0,0,0,0,0,0,0,0,0,1,0,0,0,0,0,0,0,0,0,0,0,0,0,0,0,0,0,0,0,0,0,0,0,0,0,0,0,0,0,0,0,0,0,0,0,0,0,0,0,0,0,0,0,0,0,0,0,0,0,0,0,0,0,0,0,0,0,0,0,0
"TGCATTGCATGCCATTCGCCGCACCACGCAACCGAAGCTGGCACCCTCCTCAAGAGCAAG",0,0,1,1,1,0,2,3,3,3,0,0,0,1,2,0,0,1,2,0,2,0,0,0,0,0,0,0,0,0,0,0,0,0,0,0,1,0,0,0,0,0,0,0,1,0,0,0,5,0,1,2,1,2,0,2,0,1,0,0,0,0,1,2,1,0,1,2,0,0,1,3,0,1,1,4,1,2,1,2,1,0,1,2,1,2,3,0,3,1,1,5,1,1,0,2,0,1,1,3,1,2,0,2,0,5,1,1,1,5,3,1,1,3,0
"TGCATTTCTTGCCACAACCCGCAT------CAGTCGGAAAATAAAAAACTGCTGGTCAAA",0,1,0,0,0,0,0,0,0,0,0,0,0,1,0,0,0,0,0,0,0,0,1,0,0,0,0,0,0,0,0,0,0,1,1,0,0,0,0,0,1,0,0,0,1,0,0,0,1,0,0,2,0,0,0,0,0,0,0,0,0,0,0,0,1,1,2,2,2,0,1,0,0,0,2,0,1,0,0,0,0,0,0,0,0,0,0,0,0,1,1,0,0,1,0,0,1,0,1,1,0,0,0,0,0,0,0,0,0,0,0,0,0,0,0
"TGCCACAGCGTGCACGATATTCGTCCGCCCAGAGATCCGCGTTCCACCGTGAATCCCGTC",0,0,0,0,0,0,0,0,0,0,0,0,0,0,0,0,0,1,0,0,0,0,1,0,0,0,0,0,0,0,0,0,0,0,0,0,0,0,0,0,0,1,2,0,0,0,0,0,0,0,1,0,0,0,0,1,0,0,0,0,0,0,2,0,0,0,0,0,0,0,0,0,0,1,0,1,1,0,1,0,0,0,1,0,1,1,0,0,1,0,0,0,0,0,0,0,0,0,0,0,0,1,0,0,1,0,0,0,0,0,0,0,0,2,0
"TGCCAGACTTGCCACGGAGAAATACAAAAAATGGACGAGGTGAAACAGTTCGCAGACCTA",0,0,0,0,0,0,0,0,0,0,1,0,0,0,0,0,0,0,1,0,0,0,0,0,0,0,0,0,0,0,1,0,0,0,0,0,0,0,1,0,0,4,1,0,0,1,0,0,0,0,0,0,1,0,1,0,1,0,0,0,0,0,0,0,0,0,0,0,0,0,0,0,0,0,0,0,0,0,0,0,0,0,0,0,0,3,0,0,0,0,0,0,0,0,0,0,0,0,0,0,0,0,0,0,0,0,0,0,0,0,0,0,0,0,0
"TGCCAGTCGTGTCACACGGCCGGCTCCGGCACGGCCGCGACCCCGTCGTATCCGCCGATC",0,0,0,0,0,0,0,0,0,0,0,0,0,0,0,0,0,0,0,0,0,0,0,0,0,0,0,0,0,0,0,0,1,0,0,0,0,0,0,0,0,0,0,0,0,0,0,0,0,0,0,0,0,0,0,0,0,0,0,0,0,0,0,0,0,0,0,0,0,0,0,0,0,0,0,0,0,0,1,0,0,0,0,0,0,0,0,0,0,0,0,0,0,0,0,0,0,1,0,0,0,0,0,0,0,0,0,0,0,0,0,0,0,0,0
"TGCCCCGACTGTCATTCCGTCCACCAGGGGGATGCGATGGTGGGAGGCACATCCATCGAA",0,0,0,0,0,0,0,0,0,0,0,0,0,0,0,0,0,0,0,0,0,0,0,1,0,0,0,0,0,1,0,0,1,0,1,0,0,0,0,0,0,0,0,0,1,0,1,0,0,0,0,0,0,0,1,0,0,0,0,0,0,0,0,0,0,0,0,0,0,0,0,0,0,0,0,0,0,0,0,0,0,0,0,0,0,0,0,0,0,0,0,0,0,0,0,0,0,0,0,0,0,0,1,0,1,0,0,0,0,0,0,0,0,0,0
"TGCCTGAGCTGCCATGAAGTCCGTGCCAACAAAGATGTCACTCGGAAACTGATCACAACA",0,1,0,1,0,1,0,1,0,0,0,1,0,1,0,0,0,0,1,0,0,0,0,0,0,0,0,0,0,0,0,0,0,0,0,1,0,0,2,1,0,1,0,0,0,0,0,0,0,0,0,0,0,1,0,0,0,0,0,0,0,0,0,3,1,1,0,0,0,2,1,3,0,6,1,1,0,0,0,3,1,1,3,0,1,0,1,0,0,1,0,1,0,3,0,1,1,2,1,3,2,0,1,0,0,0,0,0,0,1,0,0,0,0,0
"TGCCTGAGCTGTCATACGATGCATGAGGGTGATATCAAAGGTCAGATCACCGAGGAAAAA",0,1,0,1,0,0,1,0,0,0,1,0,0,0,0,0,0,0,0,0,0,0,0,0,0,0,0,0,0,0,0,0,0,0,0,0,0,0,0,0,0,0,0,0,1,0,1,0,0,0,0,0,0,0,0,1,1,0,0,0,0,0,0,0,0,0,0,0,0,0,0,0,1,0,0,0,0,1,0,0,0,0,0,1,0,1,0,0,0,0,1,0,0,0,1,0,1,0,1,0,0,0,0,0,1,0,0,0,0,0,0,0,0,1,0
"TGCCTTAGTTGCCATCAGATTCACACAAATTCAACCATCAGTCCGACAATTCGACATCGC",0,0,0,0,0,0,0,0,0,0,0,0,0,0,0,0,0,0,1,0,0,0,0,0,0,0,0,0,0,0,0,0,0,0,0,0,0,0,0,0,0,0,0,0,0,0,0,0,0,0,0,0,0,0,0,0,0,0,0,0,0,0,0,0,0,0,0,0,0,0,0,0,0,0,0,0,0,0,0,0,0,0,0,0,0,0,0,0,0,0,0,0,0,0,0,0,0,0,0,0,0,0,0,0,0,0,0,0,0,0,0,0,0,0,0
"TGCCTTTCCTGTCACTCCATCCATCACGCCGAAGTCCCC---GCGGCTCTCGTGAGACTT",0,0,0,0,0,0,0,0,0,0,0,0,0,0,0,0,0,0,0,0,0,0,0,0,0,1,0,0,0,0,0,0,0,0,0,0,0,0,0,0,0,0,0,0,0,0,0,0,0,0,0,0,0,0,0,0,0,0,0,0,0,0,0,0,0,0,0,0,0,0,0,0,0,0,0,0,0,0,0,0,0,0,0,0,0,0,0,0,0,0,0,0,0,0,0,0,0,0,0,0,0,0,0,0,0,0,0,0,0,0,0,0,0,0,0
"TGCCTTTCGTGTCATCGCATTCACGACAACAAGCATGCGGGACTCCTCATC------GAC",0,0,0,0,0,0,0,0,0,0,0,0,0,0,0,0,0,0,0,0,0,0,0,0,0,0,0,0,0,0,0,0,0,0,0,0,0,0,0,0,0,0,0,0,0,0,0,0,0,0,0,0,0,0,0,0,0,0,1,0,0,0,0,0,0,0,0,0,0,0,0,0,0,0,0,0,0,0,0,0,0,0,0,0,0,0,0,0,0,0,0,0,0,0,0,0,0,0,0,0,0,0,0,0,0,0,1,0,0,0,0,0,0,0,0
"TGCGAATCGTGCCACAAGCGCCACGGATTCACGCAGAAG------CTCATACTTCAAAAG",0,0,0,0,0,0,0,0,0,0,0,0,0,0,0,0,0,0,0,0,0,0,0,0,0,0,0,0,0,0,0,0,0,0,0,0,0,0,0,0,0,0,0,0,0,0,0,0,0,0,0,0,0,0,0,0,0,0,0,0,0,0,0,0,0,0,0,0,0,0,0,0,0,0,0,0,0,0,0,0,0,0,0,0,0,0,0,0,0,0,0,0,0,0,0,0,0,0,0,0,0,0,0,0,0,0,0,0,0,0,0,0,0,0,0
"TGCGACAGCTGCCATCAA------CCGGCGAAGGACGGCAAGGTCGTCTTGACACAAACG",0,0,1,0,0,0,0,1,0,0,0,0,0,0,0,0,0,0,0,0,0,0,0,0,0,0,0,1,0,0,0,0,0,0,0,0,0,0,0,0,1,0,0,0,0,0,0,0,0,0,0,0,0,0,0,2,0,0,0,1,0,0,1,0,0,0,1,0,0,0,0,0,0,0,1,1,0,0,0,0,2,0,0,0,3,0,0,1,1,0,0,0,0,0,0,2,1,0,1,0,0,0,0,0,0,0,1,0,0,0,0,0,0,0,0
"TGCGAGACTTGTCATCTCGCGATGCCGACGAGCAAGGCGCCTAACGATCCGTCGTCGAAG",0,0,0,0,0,0,0,0,0,0,0,0,0,0,0,0,0,0,0,0,0,0,0,0,0,0,0,0,0,0,0,0,0,0,0,0,0,0,0,0,0,0,0,0,0,0,0,0,0,0,0,0,0,0,0,0,0,0,0,0,0,0,0,0,0,0,0,0,0,0,0,0,0,0,0,0,0,0,0,0,0,0,1,0,0,0,0,0,0,1,0,0,0,0,0,0,0,0,0,0,0,0,0,0,0,0,0,0,0,0,0,0,0,0,0
"TGCGAGAGCTGTCACACCAAGGGTCCCGATGGC---CAATACACCACCATCAAGCGCACC",0,0,0,0,0,0,0,0,0,0,0,0,0,0,0,0,0,0,0,0,0,0,0,0,0,0,0,0,0,0,0,0,0,0,0,0,0,0,0,0,0,0,0,0,0,1,0,0,0,0,0,0,0,0,0,0,0,0,0,0,0,0,0,0,0,0,0,0,0,1,0,0,0,1,0,0,1,0,0,0,0,0,1,0,0,0,0,0,0,0,0,0,0,0,0,0,0,0,0,0,0,0,0,0,0,0,0,0,0,0,0,0,0,0,0
"TGCGATACCTGTCATGGAAATGTGTGGGCGCAGGATTCGTTGAAG---CTAGAGCTGAAT",0,0,0,0,0,0,0,0,0,0,0,0,0,0,0,0,0,0,1,0,0,0,0,0,1,0,0,1,0,2,0,0,0,1,0,0,1,0,0,0,1,0,2,0,0,0,0,1,1,1,0,0,0,3,1,2,0,1,0,0,0,0,3,1,0,2,0,0,0,0,0,0,0,1,1,0,0,0,2,0,1,0,0,0,0,0,2,0,0,1,1,0,1,0,1,0,1,0,0,1,0,0,1,0,1,0,0,0,0,0,0,0,0,0,0
"TGCGCAAATTGCCACATCATGTGGCCGCAATACGAAGGCTGGCAGAAATCC---AGTCAC",0,0,0,0,0,0,0,0,0,0,0,0,0,0,0,0,0,0,0,0,0,0,0,0,0,0,0,0,0,0,0,0,0,0,0,0,0,0,0,0,0,0,0,0,0,0,0,0,0,0,0,0,0,0,0,0,0,0,0,0,0,0,0,0,0,0,0,0,0,0,0,0,0,0,0,0,0,0,0,0,0,0,0,0,0,0,0,0,0,0,0,0,0,0,0,0,0,0,0,0,0,0,0,0,0,0,0,0,0,0,0,0,0,0,0
"TGCGCATCATGTCATGATGTTCATAACACTGCTAGCAAAACAGCCGGCCTTCGTGTGAAA",0,0,0,0,0,0,0,0,0,0,0,0,0,0,0,0,0,0,0,0,0,0,0,0,0,0,0,0,0,0,0,0,0,0,0,0,0,0,0,0,0,0,0,0,0,0,0,0,0,0,0,0,0,0,0,0,0,0,0,0,0,0,0,0,0,0,0,0,0,0,0,0,0,0,0,0,0,0,0,0,0,0,0,0,0,0,0,0,0,0,0,0,0,0,0,0,0,0,0,0,0,0,0,0,0,0,0,0,0,0,0,0,0,0,0
"TGCGCCACCTGTCATGGCAGT---------GTGGACAAGATGCCGCTGATGGAGAACACG",2,1,3,5,2,4,7,0,1,4,1,3,4,2,2,3,3,5,0,1,3,4,0,3,6,3,4,2,3,0,3,3,3,0,3,0,0,1,0,1,1,0,2,3,1,1,1,3,0,0,1,0,1,3,0,0,0,0,0,2,0,5,1,7,1,3,3,3,1,3,1,1,3,1,2,0,1,0,1,3,4,3,6,1,5,3,1,1,9,2,3,1,5,11,1,1,5,6,5,2,7,4,7,3,2,2,3,2,2,3,3,5,4,7,0
"TGCGCCAGTTGCCACACCGTGCACGCAGCGAAGGATCCGGTG------TTGGCGAAAGCA",1,0,0,4,1,0,1,0,0,1,5,1,0,0,1,1,0,1,3,0,2,0,3,0,1,3,2,3,1,3,2,1,1,1,1,1,4,1,1,1,1,2,2,0,1,3,1,2,2,4,4,2,1,1,4,2,2,2,2,2,7,2,1,4,2,2,0,7,0,1,3,1,0,0,1,0,2,5,3,1,3,2,2,1,0,3,1,5,1,1,0,2,3,0,1,4,4,0,4,4,2,0,0,7,1,4,0,1,0,0,1,0,0,2,2
"TGCGCCGATTGCCACAAGCTGATGCGCCAGGTCGATGGCAAATCGATTCTGTTCTACAAA",0,0,0,0,0,0,0,0,0,0,0,0,0,0,0,0,0,3,1,0,0,0,0,0,0,0,0,1,0,0,0,1,0,0,3,0,0,0,0,0,0,0,0,0,0,0,0,0,0,0,0,0,1,2,0,1,0,0,0,0,1,0,2,1,0,1,0,0,0,1,0,1,0,0,0,2,0,0,1,1,1,0,0,0,2,2,0,0,2,1,3,2,2,1,0,0,2,0,1,0,0,1,0,1,0,1,1,4,0,0,0,0,0,0,1
"TGCGCCGATTGCCACAATCCTCACGGTACTCAGGCCGCGCGCTCCGTGCGTCAGGTATCC",1,0,0,1,0,0,0,0,0,0,0,0,0,0,0,2,0,0,1,0,0,0,1,0,0,0,0,0,0,0,0,0,0,0,0,0,0,0,0,0,0,0,0,0,0,1,0,0,0,0,0,0,0,1,1,0,0,0,0,1,0,0,0,0,0,0,0,0,0,0,1,0,1,2,0,0,0,0,0,0,0,0,0,0,0,0,0,0,0,0,0,0,0,0,0,0,0,0,0,0,0,0,0,0,0,0,0,0,0,0,0,0,0,0,0
"TGCGCCGTCTGTCATGCGGGGATGGACAAGGAC---ACCGGACTCGTCCCGCGCGGCCCT",0,0,0,0,0,0,0,0,0,0,0,0,0,0,0,0,0,0,0,0,0,0,0,0,0,0,0,0,0,0,0,0,0,0,0,0,0,0,0,0,0,0,0,0,0,0,0,0,0,0,0,0,0,0,0,0,0,0,0,0,0,0,0,0,0,0,0,0,0,0,0,0,0,0,0,0,0,0,0,0,0,0,0,1,0,0,0,0,0,0,0,0,0,0,0,0,0,0,0,0,0,0,0,0,0,0,0,0,0,0,0,0,0,0,0
"TGCGCCTCCTGTCACGTCATGACGCCCGAATCGCGCGCCTTCGAGATCGGCGCGCACTCG",0,0,0,0,0,0,0,0,0,0,0,0,0,0,0,0,0,0,0,0,0,0,0,0,0,0,0,0,0,0,0,0,1,0,0,0,0,0,0,0,0,0,0,0,0,1,0,0,0,0,0,0,0,1,0,0,0,0,1,0,2,0,0,0,0,0,0,0,0,0,0,0,0,0,0,0,0,0,1,0,0,0,0,0,0,0,0,0,0,0,0,0,0,0,1,2,0,0,0,0,0,0,0,0,0,0,0,0,0,0,0,0,0,0,0
"TGCGCCTCGTGCCACGGGCGGGTCGACCAGATGGCGCTGATGCGGCAG---AACGCGCCG",3,2,2,0,6,2,0,1,1,1,3,1,3,1,6,1,1,0,4,0,1,1,1,0,0,2,0,0,4,1,1,1,0,3,2,1,1,0,1,1,0,0,1,1,2,2,1,0,3,2,1,0,3,1,2,1,1,1,2,2,3,1,3,2,3,3,3,0,4,3,1,1,2,0,0,4,0,2,2,2,2,5,1,0,2,3,1,0,0,3,3,0,2,3,4,0,3,2,3,2,1,2,2,3,2,0,2,1,0,5,0,0,1,0,1
"TGCGCCTCGTGCCATCGCAATCACGGCACGCCCTATCAATGGCGCAATCCCAATGGCAAG",1,0,0,0,0,0,0,0,0,0,2,0,0,0,0,1,0,0,0,0,0,0,1,0,0,0,0,0,0,0,0,0,0,0,0,0,0,0,0,0,0,0,0,1,0,1,0,0,0,0,0,0,0,0,0,0,0,0,0,0,0,1,0,0,0,0,0,0,0,0,0,0,0,0,0,0,0,0,0,0,0,0,0,0,0,0,0,0,0,0,0,0,0,0,1,1,0,0,0,0,0,0,0,0,0,0,0,0,0,0,0,0,0,0,1
"TGCGCGACCTGCCACAGCGTCCACTCGTTCAAGTCGGAGCAGGCGCAGCTCAAGACCGAG",21,10,8,3,0,4,1,0,1,0,14,0,1,0,6,4,4,0,17,1,0,1,11,28,30,18,22,13,16,12,14,16,15,15,21,21,23,27,23,29,30,19,17,23,16,10,19,20,13,20,22,18,23,13,12,12,13,20,17,13,16,19,13,6,16,3,7,11,8,3,15,10,18,7,6,10,13,10,10,4,10,14,6,26,8,6,2,4,1,7,10,2,6,0,20,6,3,3,4,5,7,3,2,4,22,1,12,7,3,5,2,0,0,0,18
"TGCGCGAGCTGCCACGATGCACACCCACAGTCGCTCCATCTCACCTCGATGGCCACGACG",0,0,0,1,0,0,0,0,0,0,0,0,0,0,0,3,1,0,1,1,0,0,0,1,0,0,2,1,1,1,0,1,0,0,2,0,0,1,1,0,0,0,0,0,0,1,0,0,0,1,0,1,0,0,0,1,0,0,2,1,0,1,0,0,0,0,1,0,0,0,0,0,0,0,0,1,0,0,0,0,0,0,0,1,0,0,0,1,0,0,0,2,1,2,0,0,1,0,0,0,0,3,3,0,1,0,0,0,0,0,0,0,1,0,0
"TGCGCGAGTTGTCACGGCGAGATCAACATGCCGCTGACCTACAAGGCG------GTGAGC",0,0,0,0,0,0,0,0,0,0,0,2,2,3,0,1,0,0,0,0,0,0,0,0,0,0,0,0,0,0,0,0,0,0,0,0,0,0,0,0,0,0,0,0,0,0,0,0,0,0,0,0,0,0,0,0,0,0,0,0,0,0,0,0,0,0,0,0,0,0,0,0,0,0,0,0,0,0,0,0,0,0,0,0,0,0,0,0,0,0,0,0,0,0,0,0,0,0,0,0,0,0,0,0,0,2,0,0,0,0,0,0,0,0,0
"TGCGCGGAATGCCATGGCCCTGTGGCCGAGCGCGACGTCATCACACTCGAAACGAACGTC",0,0,0,0,0,0,1,0,1,0,3,0,0,0,0,0,0,0,0,0,0,0,1,0,1,0,0,0,0,1,0,0,1,0,1,1,0,0,1,0,0,0,0,0,0,1,2,0,0,0,1,0,2,0,0,0,0,0,0,0,1,1,1,1,0,0,0,0,0,1,0,0,0,0,0,0,3,0,0,0,0,0,0,0,0,0,1,0,0,1,0,0,1,0,0,0,0,0,0,1,1,0,0,0,0,0,0,0,0,0,0,1,0,0,0
"TGCGCGTCGTGCCACAACCCGCACGGGTCGATCAACAACGTCAAGGCATTGCGCGTCGGG",10,4,3,0,0,5,0,0,0,0,9,0,0,3,9,5,0,2,3,0,1,1,7,10,2,12,11,10,8,7,9,10,8,13,9,10,7,6,11,9,6,11,10,9,9,8,11,5,4,11,11,11,7,3,5,3,9,7,6,7,8,9,1,0,5,3,2,3,0,0,3,5,10,2,2,2,3,2,2,5,2,3,1,6,2,5,2,3,0,2,1,0,2,0,7,4,2,0,2,2,2,4,1,0,8,2,6,3,5,1,1,0,0,1,14
"TGCGCTGGTTGCAGGCGTTATCGAAAGCGCCGCCGGCAGATGAGCCGCATTCGGGATAAA",0,0,0,0,0,0,0,0,0,0,0,0,0,0,0,0,0,0,0,0,0,0,0,0,0,0,0,0,0,0,0,0,0,0,0,0,0,0,0,0,0,0,0,0,0,0,0,0,0,0,0,0,0,0,0,0,0,0,0,0,0,0,0,0,0,0,0,0,0,0,0,0,0,0,0,0,0,0,0,0,0,0,0,0,0,0,0,1,0,0,0,0,0,0,0,0,0,0,0,0,0,0,0,0,0,0,0,0,0,0,0,0,0,0,0
"TGCGGTAGCTGTCACGATCCTCACCCGGCCGACGCAGCGTCCAATCCCACTTCGCTTAAG",0,0,0,3,0,0,0,1,2,0,0,0,0,0,0,0,0,0,0,0,0,0,0,0,0,0,2,0,0,0,0,1,1,0,0,0,0,0,0,0,0,0,0,0,0,0,0,0,0,0,0,0,0,0,0,0,0,0,0,0,0,0,0,0,0,0,0,0,0,0,0,0,0,1,0,0,2,0,0,2,0,0,0,0,0,0,0,0,0,0,0,0,0,0,0,0,0,0,0,0,0,0,0,0,0,0,0,0,0,0,0,0,0,0,0
"TGCGTAACCTGCCACGCGCTCCGGCCGAAGTCGCCGATTCTGGACCACTCGAGCCTGGAT",0,0,0,0,0,0,0,0,0,0,0,0,0,0,0,0,0,0,0,0,0,0,0,0,0,0,0,0,0,0,0,0,0,0,0,0,0,0,0,0,0,0,0,0,0,0,0,0,0,0,0,0,0,0,0,0,0,0,0,0,0,0,0,0,0,0,0,0,0,0,0,0,0,0,0,0,0,0,0,0,0,0,0,0,0,0,0,0,0,0,0,0,0,0,0,0,0,0,0,0,0,0,0,0,0,0,0,0,0,0,0,0,0,0,0
"TGCGTCTCATGCCATCAGATCCATCCGAAGGATGAATCG---AATATTGCCGGCGACAAG",0,0,0,0,0,0,0,0,0,0,0,0,0,0,0,0,0,0,0,0,0,0,0,0,0,0,0,0,0,0,3,0,0,0,0,0,0,0,0,0,0,0,0,0,0,0,0,0,0,0,0,0,0,0,1,0,0,0,0,1,0,0,0,0,0,0,0,0,0,0,0,1,0,0,0,0,0,0,0,0,0,0,0,0,0,0,1,0,0,0,0,0,0,0,0,0,0,0,0,0,0,0,0,0,0,0,0,0,0,0,0,0,0,0,0
"TGCGTCTCCTGCCACACCGCCTCC---------GAC---GCCAAGAGCATGCACCAGTCG",0,0,0,0,0,0,0,0,0,0,0,0,0,0,0,0,0,0,0,0,0,0,0,0,0,0,0,0,0,0,1,0,0,0,0,0,0,0,0,0,0,0,0,0,0,0,0,0,0,0,0,0,0,0,1,0,0,0,0,0,0,0,0,0,0,0,0,0,0,0,0,0,0,0,0,0,0,0,0,0,0,0,0,0,0,0,0,0,0,0,0,0,0,0,0,0,0,0,0,0,0,0,0,0,0,0,0,0,0,0,0,0,0,0,0
"TGCGTGAGCTGTCACGGCCGC---ATCGATCAGATGGCGCTGACCTATCGCGCCAAGGCA",0,0,0,0,0,0,0,0,0,0,0,0,1,0,0,0,0,1,0,0,0,0,0,0,0,1,0,0,0,0,0,0,0,1,0,0,0,0,1,0,0,0,1,0,0,0,0,3,2,0,0,0,0,0,1,0,0,0,0,0,0,0,3,3,0,3,5,2,2,4,1,2,1,0,0,0,2,2,0,5,1,3,0,0,0,1,7,0,1,1,1,2,1,0,0,5,0,2,2,0,2,3,0,2,0,0,0,0,0,0,0,0,1,0,0
"TGCGTTCACTGTCACGGCCAGGTGAATCAGCTCGACGAAGTTCGCCAACTCCAGCCCTTG",1,0,0,0,0,0,0,0,0,0,0,0,0,0,0,0,0,0,0,0,0,0,0,1,0,0,0,1,0,0,1,0,0,0,1,0,0,0,0,0,0,0,0,0,0,1,0,0,0,0,0,0,2,0,0,0,0,0,0,0,0,0,1,0,0,0,0,0,0,0,0,0,1,2,0,0,0,0,1,0,0,0,0,1,0,0,0,0,0,0,0,0,0,0,0,0,0,0,0,0,0,0,0,0,0,0,0,0,0,0,0,0,0,0,1
"TGCTCCAGTTGCCACGATGTACATGGCACAAGCAACTATGCCCAACTGAGAAAGCCGGCC",1,14,22,11,16,22,27,30,31,30,2,33,33,25,17,19,29,26,4,34,29,29,0,0,2,0,0,3,3,5,3,5,2,3,0,4,0,3,1,3,0,2,3,2,7,6,7,2,5,0,2,3,2,2,3,6,9,4,4,1,3,2,5,9,3,7,5,8,8,8,5,7,3,5,14,9,2,7,7,5,9,5,16,1,12,9,11,19,12,10,8,15,11,17,2,7,13,12,11,8,10,13,7,19,0,18,10,14,32,16,21,30,26,18,2
"TGCTCGACCTGTCACAAGCCGGCGGGATCCTCGAAGGCGATGGAGCTG---ACC---AAA",0,0,0,0,0,0,0,0,0,0,0,0,0,0,0,0,0,0,0,0,0,0,0,0,0,0,0,0,0,0,0,0,0,1,0,0,0,0,0,0,0,0,0,0,0,1,0,1,0,0,0,0,0,0,0,0,0,0,0,0,0,0,0,0,0,0,0,0,0,0,0,0,0,0,0,0,0,0,0,1,0,0,0,0,0,0,0,0,0,0,0,0,0,0,0,0,0,0,0,0,0,0,0,0,0,0,0,0,0,0,0,0,0,0,0
"TGCTCGGATTGTCACAATCCGCACGGGTCGGCTGGACCC------AAGCTGTTGGCGAAG",0,1,0,1,1,0,1,0,0,0,0,0,0,0,1,0,0,0,2,0,0,0,0,1,1,0,2,0,2,1,0,0,0,0,0,1,0,0,0,0,0,2,0,0,0,0,0,0,1,0,1,1,0,3,1,1,0,1,0,0,0,0,2,1,1,0,2,0,1,0,0,0,0,0,1,0,1,1,0,3,0,0,0,0,1,2,0,1,0,0,0,0,1,0,0,0,0,0,0,0,0,0,0,0,1,1,0,1,0,0,0,0,0,2,1
"TGCTCGTCGTGCCACGATCTGTTTCCGTACCGGGAAGCTGCTCATCGTTTGGACAGAGCC",0,0,0,0,0,0,0,0,0,0,0,0,0,0,0,0,0,0,0,0,0,0,0,0,0,0,0,0,0,0,0,0,0,0,1,0,0,0,0,0,0,0,0,0,0,0,0,0,0,0,0,0,0,0,0,0,0,0,0,0,0,0,0,0,0,0,0,0,0,0,0,0,0,0,0,0,0,0,0,0,0,0,0,0,0,0,0,0,0,0,0,0,0,0,0,0,0,0,0,0,0,0,0,0,0,0,0,0,0,0,1,0,0,0,0
"TGCTTCGGCTGCCACACGCAATTGACCGCCGATGACCACCCCGGCCAGGTGCTC---CAG",1,0,0,0,0,0,0,0,0,0,0,0,0,0,0,0,0,0,0,0,0,0,0,0,0,0,0,0,0,0,0,0,0,0,0,0,0,0,0,0,0,0,0,0,0,0,0,0,0,0,0,0,0,0,0,0,0,0,0,0,0,0,0,0,0,0,0,0,0,0,0,0,0,0,0,0,0,0,0,0,0,0,0,0,0,0,0,0,1,0,0,0,0,0,0,0,0,0,0,0,0,0,0,0,0,0,0,0,0,0,0,0,0,0,0
"TGTAAAAGCTGCCATGGCAATGTGATGCTGCAGAACGAAGTACAGGCGGAG---CAGCCG",0,0,0,0,0,0,0,0,0,0,0,0,0,0,0,0,0,0,0,0,0,0,0,0,0,0,0,0,0,0,0,0,0,0,0,0,0,0,0,0,0,0,0,0,0,0,0,0,0,0,0,0,0,0,0,0,0,0,1,0,0,0,0,0,0,0,0,0,0,0,0,0,0,0,0,0,0,0,0,0,0,0,0,0,0,0,0,0,0,0,0,0,0,0,0,0,0,0,0,0,0,0,0,0,0,0,0,0,0,0,0,0,0,0,0
"TGTAACTCGTGTCACGGCGAGGCTTTCCAGCAAGCC------TCCGCGGTCATGAAGCCG",0,0,0,0,0,0,0,0,0,0,0,0,0,0,0,0,0,0,0,0,0,0,0,0,0,0,0,0,0,0,0,0,0,0,1,0,0,0,0,0,0,0,0,0,0,0,0,0,0,0,0,0,0,0,0,0,0,0,0,0,0,0,0,0,0,0,0,0,0,0,0,0,0,0,0,0,0,0,0,0,0,0,0,0,0,0,0,0,0,0,0,0,0,0,0,0,0,0,0,0,0,0,0,0,0,0,0,0,0,0,0,0,0,0,0
"TGTACCGGTTGTCATTCCATCCATCGTTCGCAG---TCCGTTCGCGCGCTGCTCCGGAAA",0,1,0,0,0,0,0,0,0,0,0,0,0,1,0,0,0,0,0,0,0,0,0,0,0,0,0,0,0,0,0,0,1,0,0,1,0,0,0,0,0,0,0,0,0,0,0,0,1,0,0,1,0,0,0,0,1,0,0,2,1,0,0,1,0,0,1,0,0,1,0,1,1,0,1,0,0,0,0,0,1,0,0,1,0,0,1,0,0,0,0,0,0,0,0,0,0,0,0,0,0,0,1,0,0,0,0,0,0,0,0,0,0,0,0
"TGTACGAGCTGCCACCGCATGCATCCGGGAGCCGAAAGCCTGGTGGCCAGAACGCCAAAT",0,0,0,0,0,0,0,0,0,0,0,0,0,0,0,0,0,0,0,0,0,0,0,0,0,0,0,0,0,0,0,0,0,0,0,0,0,0,0,0,0,0,0,0,0,0,0,0,0,0,0,0,1,0,0,0,0,0,0,0,0,0,0,0,0,0,0,0,0,0,0,0,0,0,0,0,0,0,0,0,0,0,0,0,0,0,0,0,0,0,0,0,0,0,0,0,0,0,0,0,0,0,0,0,0,0,0,0,0,0,0,0,0,0,0
"TGTACGGACTGCCACAATCCGCATGCCAGCCGCCAG------CCGGGGCTGCCCAAAACC",0,0,0,0,0,0,0,0,0,0,2,0,0,0,0,1,0,0,0,0,0,0,2,1,0,0,0,0,0,0,1,0,1,0,1,0,0,1,1,0,0,0,0,0,0,1,0,0,0,0,0,1,0,0,1,2,1,0,1,0,0,2,0,0,0,1,1,0,1,0,1,0,0,2,1,1,0,0,1,1,0,1,1,1,1,0,0,0,0,0,4,0,0,1,0,2,0,0,0,0,0,1,1,0,0,0,0,0,0,0,0,0,0,0,0
"TGTAGTGACTGCCATAACCCGATGGCGAAGATCTCGGCCACCGGTTTGCTCAAAAAGCCG",0,0,1,0,0,0,0,0,0,0,0,0,0,0,0,0,0,0,0,0,0,0,0,0,0,0,0,0,0,0,0,0,0,0,0,0,0,0,0,0,0,0,0,0,0,0,0,0,0,0,1,0,0,0,0,0,0,0,0,0,0,0,0,0,0,0,0,0,0,0,1,0,0,0,1,0,0,0,0,0,0,0,0,0,0,0,0,0,0,0,0,0,0,0,0,0,0,0,0,0,0,0,0,0,0,0,0,0,0,0,0,0,0,0,0
"TGTATTTCATGCCACGATCCACATAACGAGAAAGGTCTCCCTGCCATGCTGTCGTCGAAC",0,0,0,2,1,0,0,0,0,0,0,0,0,0,0,0,0,0,0,0,0,0,0,0,0,0,0,0,0,0,0,0,0,0,0,0,0,0,0,0,0,0,0,0,1,0,0,0,0,0,0,0,0,0,0,0,0,0,0,0,0,0,0,0,0,0,0,0,0,0,0,0,0,0,0,0,0,0,0,0,0,0,0,0,0,0,0,0,0,0,0,0,0,0,0,0,0,0,0,0,0,0,0,0,0,2,0,0,0,0,0,0,0,0,0
"TGTCACGGCACGCATGACATCTTCCCCAAGACGAACCGCGAAAGCCGCATCCACCCGCTG",0,0,0,0,0,0,0,0,0,0,0,0,0,0,0,0,0,0,0,0,0,0,0,0,0,0,0,0,1,0,0,0,0,0,0,0,1,0,0,2,3,0,0,0,0,0,0,0,0,0,0,0,0,0,0,0,0,1,0,0,0,0,0,0,0,0,0,0,0,0,0,0,1,0,0,0,0,0,0,0,0,0,0,0,0,0,0,0,0,0,0,0,0,0,0,0,0,0,0,0,0,0,0,1,0,0,0,0,0,0,0,0,0,0,0
"TGTCTGTCGTGTCACGCCGCTCACGCGTCACAGCAGCGGATGCTTCTCCGCGCCGACTCG",0,0,0,0,0,0,0,0,0,0,0,0,0,0,0,0,0,0,1,0,0,0,0,0,0,0,0,0,0,0,0,0,0,0,0,0,0,0,0,1,0,0,0,0,0,0,0,0,0,0,0,0,0,0,0,0,0,0,0,0,0,0,0,0,0,0,0,0,0,0,0,0,0,0,0,0,0,0,0,0,0,0,0,0,0,0,0,0,0,0,0,0,0,0,1,0,0,0,0,0,0,0,0,0,0,0,0,0,0,0,0,0,0,0,0
"TGTCTTTCCTGTCATTCGATGCACGGCTATGAAAGCAATTCCGATCAGCTTAAGCCGCGG",2,0,0,0,0,0,0,0,0,0,0,0,0,0,0,0,0,0,0,0,0,0,3,0,0,0,0,0,1,0,0,1,0,0,0,0,1,0,0,0,0,1,0,2,0,1,0,0,0,0,0,1,0,0,0,1,0,0,0,0,0,0,0,0,0,0,0,0,0,0,1,0,0,0,0,0,0,0,0,0,0,0,0,1,0,0,0,0,0,0,0,0,0,0,0,0,0,0,0,0,0,0,0,0,0,0,0,0,0,0,0,0,0,0,0
"TGTGCAAGTTGCCATACGAACCACTCTGTCCAGTCTCCCACGAGCGAAACGGAGCGGGTG",0,0,0,0,0,0,0,0,0,0,0,0,0,1,0,0,0,0,0,0,0,0,0,0,0,0,0,0,0,0,0,0,0,0,0,0,0,0,0,0,0,0,0,0,0,0,0,0,0,0,0,0,0,0,0,0,0,0,0,0,0,0,0,0,0,0,0,0,0,0,0,0,0,0,0,0,0,0,0,0,0,0,0,0,0,0,0,0,0,0,0,0,0,0,0,0,0,0,0,0,0,0,0,0,0,0,0,0,0,0,0,0,0,0,0
"TGTGCGAGCTGCCACCGCATCGCCGGCACTCCGGACCAGTGGTCGCGGGCGGAGCAAGGC",0,0,0,1,0,0,0,0,0,0,0,0,0,0,0,0,0,0,0,0,0,0,0,0,0,0,0,0,0,0,0,0,0,0,0,0,0,0,0,0,0,0,0,0,0,0,0,0,0,0,0,0,0,0,0,0,0,0,0,0,0,0,0,0,0,0,0,0,0,0,0,0,0,0,0,0,0,0,0,0,0,0,0,0,0,0,0,0,0,0,0,0,0,0,0,0,0,0,0,0,0,0,0,0,0,0,0,0,0,0,0,0,0,0,0
"TGTGCGTCCTGCCACAGAGTGGAGAATCGACAGGATGTCAGCTATGTGGAGCTGAAGGCG",1,0,0,0,0,0,0,0,0,0,0,0,0,0,0,0,0,0,0,0,0,0,0,0,0,0,0,0,0,0,0,0,0,0,0,0,0,0,0,0,0,0,0,0,0,0,0,0,0,0,0,0,0,1,0,0,0,0,0,0,0,0,0,1,0,0,0,0,1,0,0,0,0,0,1,0,0,1,0,1,0,0,0,0,1,1,1,1,1,0,1,0,2,1,0,0,2,2,3,2,0,1,2,0,0,0,0,1,0,0,0,0,1,0,0
"TGTGCGTCGTGCCACAAGGGCGGCGCGGCCGGACAGGCGCGCTACGACGCCCAGCCACGG",0,0,0,0,0,0,0,0,0,0,0,0,0,0,0,0,0,0,0,0,0,0,0,0,0,0,0,0,0,0,0,0,0,0,0,0,0,0,0,0,0,0,0,1,0,0,0,0,0,0,0,0,0,0,0,0,0,0,0,0,0,0,0,0,0,0,0,0,0,0,0,0,0,0,0,0,0,0,0,0,0,0,0,0,0,0,0,0,0,0,0,0,0,0,0,0,0,0,0,0,0,0,0,0,0,0,0,0,0,0,0,0,0,0,0
"TGTGCTTCGTGCCATGCA------CCGCACAATTCGCCATTCAAGGGATTGCTGACCAAA",0,0,0,1,0,0,0,0,0,0,0,0,0,0,0,0,0,0,0,0,0,0,0,0,0,0,0,0,0,1,0,0,0,0,0,0,0,0,0,0,0,0,0,0,0,0,0,0,0,0,0,0,0,0,0,0,0,0,0,0,0,0,0,0,0,0,0,0,0,0,0,0,0,0,0,0,0,0,0,0,0,0,0,0,0,0,0,0,0,0,0,0,0,0,0,0,0,0,0,0,0,0,0,0,0,0,0,0,0,0,0,0,0,0,0
"TGTGTGCAGTGTCACGGCAATGTCGCAGCGCAGGAGGTC---GTGGATCTTCAACAGCCA",0,0,1,0,0,0,0,0,0,0,0,0,0,0,0,0,0,0,0,0,0,0,1,0,0,0,0,0,1,0,1,0,0,0,0,1,0,1,0,0,0,1,0,0,0,0,0,1,1,0,0,0,0,0,0,0,0,0,0,0,4,0,2,0,0,0,1,0,0,1,0,0,0,3,0,0,0,0,0,1,0,0,0,0,0,0,0,0,0,0,0,0,0,1,0,0,0,0,0,0,0,0,0,0,0,0,0,0,0,0,0,0,0,0,0
"TGTTCCGATTGTCACAAATTACACGAAGGA------CCGCAGCAAAAGGTCAGTCGTAAA",0,0,0,0,0,0,0,0,0,0,0,0,0,0,0,0,0,0,0,0,0,0,0,0,0,0,0,0,0,0,0,0,0,0,0,1,0,0,0,0,0,0,0,0,0,0,0,0,0,0,0,0,0,0,0,0,0,0,0,0,0,0,0,0,0,0,0,0,0,0,0,0,0,0,0,0,0,0,0,0,0,0,0,0,0,0,0,0,0,0,0,0,0,0,0,0,0,0,0,0,0,0,0,0,0,0,0,0,0,0,0,0,0,0,0
"TGTTCTAATTGCCATTCGATTCACAAAGCCGCT---ACACCCAAGTTCCTGCTGGCTAAA",1,11,5,14,17,12,9,13,7,10,1,9,3,9,3,6,9,8,1,11,12,14,2,2,3,1,1,3,4,3,4,0,5,0,1,0,1,2,1,1,2,0,1,1,4,3,1,8,6,4,1,4,2,5,5,3,1,2,4,5,2,1,0,3,6,7,6,2,11,6,8,7,1,5,6,6,2,7,6,4,5,8,3,2,7,5,5,9,15,10,6,11,5,4,4,4,6,11,7,7,13,7,10,7,4,10,10,10,7,12,13,10,13,13,3
