"","0_SD7449_H041_pH7","106_SD7557_S159","11_SD7462_H055_pH7","13_SD7464_H057_pH7","14_SD7465_H058_pH7","17_SD7468_H062_pH6.5","18_SD7469_H063_pH6.5","1_SD7450_H042_pH7","20_SD7471_H067_pH6.5","22_SD7473_H069_pH6.5","23_SD7474_H070_pH6.5","24_SD7475_H071_pH6.5","25_SD7476_H072_pH6.5","26_SD7477_H073_pH6.5","27_SD7478_H074_pH6.5","28_SD7479_H075_pH6.5","2_SD7451_H043_pH7","30_SD7481_H077_pH6.5","32_SD7483_H079_pH6.5","33_SD7484_H080_pH6.5","34_SD7485_H081_pH6","36_SD7487_H085_pH6","37_SD7488_H086_pH6","38_SD7489_H087_pH6","39_SD7490_H089_pH6","40_SD7491_H090_pH6","41_SD7492_H091_pH6","42_SD7493_H092_pH6","43_SD7494_H093_pH6","44_SD7495_H094_pH6","45_SD7496_H095_pH6","46_SD7497_H096_pH6","47_SD7498_H097_pH6","48_SD7499_H098_pH6","49_SD7500_H099_pH6","50_SD7501_H100_pH6","51_SD7502_H101_pH5.5","52_SD7503_H102_pH5.5","53_SD7504_H103_pH5.5","54_SD7505_H104_pH5.5","55_SD7506_H105_pH5.5","56_SD7507_H106_pH5.5","57_SD7508_H107_pH5.5","58_SD7509_H109_pH5.5","59_SD7510_H110_pH5.5","5_SD7454_H046_pH7","60_SD7511_H111_pH5.5","61_SD7512_H113_pH5.5","62_SD7513_H114_pH5.5","63_SD7514_H115_pH5.5","64_SD7515_H116_pH5.5","65_SD7516_H117_pH5.5","66_SD7517_H119_pH5.5","67_SD7518_H120_pH5.5","68_SD7519_S121","69_SD7520_S122","70_SD7521_S123","71_SD7522_S124","72_SD7523_S125","73_SD7524_S126","74_SD7525_S127","75_SD7526_S128","76_SD7527_S129","77_SD7528_S130","78_SD7529_S131","79_SD7530_S132","80_SD7531_S133","81_SD7532_S134","82_SD7533_S135","83_SD7534_S136","84_SD7535_S137","85_SD7536_S138","86_SD7537_S139","87_SD7538_S140","8_SD7458_H051_pH7","92_SD7543_S145","9_SD7460_H053_pH7"
"AATATGCTT------GCGATCCTGCCGGTAGCTTTCCTGGTAGGCGGTCTGTATTCAGGT",0,0,0,0,0,0,0,0,0,0,0,0,0,0,0,0,0,0,0,1,0,0,0,0,0,0,0,0,0,0,0,0,0,0,0,0,0,0,0,0,0,0,0,0,0,0,0,0,0,0,0,0,0,0,0,0,0,0,0,0,0,0,0,0,0,0,0,0,0,0,0,0,0,0,0,0,0
"ATCTGGAGCGACACCTGGGCGCTCGGCGCGCTGTTTCTGGCGTCCGGGCTCAGCGTCTCC",0,0,0,0,0,0,0,0,0,0,0,0,0,0,0,0,0,0,0,0,0,0,0,0,0,0,0,0,0,0,0,0,0,0,0,0,0,0,0,0,0,0,0,0,0,0,0,0,0,0,0,0,0,0,0,0,0,0,0,0,0,0,0,0,0,0,0,0,0,0,0,0,0,0,0,0,0
"ATCTGGGCCGACTCGAGCTGGCTCGGAATCCTCTACCTGCTGTCGGCCGCGTCGAGCGCC",0,0,0,0,0,0,0,0,0,0,0,0,0,0,0,0,0,0,0,0,0,0,0,0,0,0,0,0,1,0,0,0,0,0,1,0,0,0,0,0,0,0,0,0,0,0,0,0,0,0,0,0,0,0,0,0,0,0,0,0,0,0,0,0,0,0,0,0,0,0,0,0,0,0,0,0,0
"ATCTGGGCCGATACGACGTGGCTGGCCGCGCTGTTCCTCGCGAGTGCGACGTCGACCGGG",0,0,0,0,0,0,0,0,0,0,0,0,0,0,0,0,0,0,0,0,0,0,0,0,0,0,0,0,0,0,0,0,0,0,0,0,0,0,0,0,0,1,0,0,0,0,2,0,0,0,0,0,0,0,0,0,0,0,0,0,0,0,0,0,0,0,0,0,0,0,0,0,0,0,1,0,0
"ATCTGGGCCGATTCGTCGTGGTTAGGCTTGCTCTTCCTGCTCTCGGGCATCTCGACGTCG",1,0,3,0,1,1,0,4,0,0,0,2,4,0,1,1,1,1,0,1,0,0,0,0,0,0,0,0,0,0,1,0,0,0,0,0,0,0,0,0,0,0,0,0,0,0,0,0,0,0,0,0,0,0,0,0,0,0,0,0,0,0,0,0,0,0,0,0,0,0,0,0,0,0,2,0,0
"ATCTGGGCGCAGAATCCCTGGCTGGGTCCTCTGTTTACGGCCAGCGCCTTTGAGATTGCA",0,0,0,0,0,0,0,0,0,0,0,0,0,0,0,0,0,0,0,0,0,0,0,0,0,0,0,0,0,0,0,0,0,0,0,0,0,0,0,0,0,0,0,0,0,0,0,0,0,0,0,0,0,0,0,0,0,0,0,0,0,0,0,0,0,0,0,0,0,0,0,0,0,0,0,0,0
"ATCTGGTCCAAAAACTCCTGGATTGGCGTCCTGTTCAGCGCCAGCGCCGCCGCGACGGGG",0,0,0,0,0,0,0,0,0,0,0,0,0,0,0,0,0,0,0,0,0,0,0,0,0,0,0,0,0,0,0,0,0,0,0,0,0,0,0,0,0,0,0,0,0,0,0,0,0,0,0,0,0,0,0,0,0,0,0,0,0,0,0,0,0,0,0,0,0,0,0,0,0,0,0,0,0
"ATCTGGTCCGACACGCCGCTGCTCGGGCTGGTGTTCCTGGTCTCCGGCGCCTCGACCTCC",0,0,1,1,1,0,0,1,0,0,0,1,0,0,0,0,0,0,0,0,0,1,0,0,1,0,0,0,0,0,0,0,0,0,0,0,0,0,0,0,0,0,0,0,0,1,0,0,0,0,0,1,0,1,0,0,0,0,0,0,0,0,0,0,2,0,0,0,0,1,0,0,0,0,0,0,0
"ATCTGGTTGAAGAACCGCCTGCTGGGCCCGCTCTTTCTGGCATCAGCCTTGTCCACCGGT",0,0,0,0,0,0,0,0,0,0,0,0,0,0,0,0,0,0,0,0,0,0,0,0,0,0,0,0,0,0,0,0,0,0,0,0,0,0,0,1,0,0,0,0,0,0,0,0,0,0,0,0,0,0,0,0,0,1,0,0,0,0,0,1,0,0,1,0,0,1,0,0,0,1,0,1,0
"ATTTGGAGCCGCAATTCCTGGATTGGACCGCTTTTCAGCGCAAGCGCCGTGAGCGCCGGG",0,0,0,0,0,0,0,0,0,0,0,0,0,0,0,0,0,0,0,0,0,0,0,0,0,0,0,0,0,1,0,0,0,0,0,0,0,0,0,0,0,0,1,1,0,0,0,0,0,0,0,0,0,1,1,0,0,0,0,0,0,0,0,0,0,0,0,0,1,0,2,0,0,0,0,0,0
"ATTTGGGCGGACAGCGCATGGCTGGGGGGGTTGTTCCTGGCATCGGGCGCGTCGACGGGA",0,0,0,0,0,0,0,0,0,0,0,0,0,0,0,0,0,0,0,0,0,0,0,0,0,0,0,0,0,0,0,0,0,0,0,0,0,0,0,0,0,0,0,0,0,0,0,0,0,0,0,0,0,0,0,0,0,0,0,0,0,0,0,0,0,0,0,0,0,0,0,0,0,0,0,0,0
"CAGTGGTGCTCCTCGCCGCTGATGCCGATCGTATTCCTGTATTCGTCCATCTTCTCCGCT",0,0,0,0,0,1,0,0,1,0,0,0,0,0,1,0,0,0,1,0,0,0,0,0,0,0,0,0,0,0,0,0,0,0,0,0,0,0,0,0,1,0,0,0,0,0,0,0,0,0,1,1,0,0,0,0,0,0,0,0,0,0,0,0,0,0,0,0,0,0,0,0,0,0,0,0,0
"CCAATCTGGGGTACTCCCCTGCTGGGAGCATTGTTCGCCGCCTCTGGTGCCGCTACGGGC",0,0,0,0,0,0,0,0,0,0,0,0,0,0,0,0,0,0,0,0,0,0,0,0,0,0,0,0,0,0,0,0,0,0,0,0,0,0,0,0,0,0,0,0,0,0,0,0,0,0,0,0,0,0,0,0,0,0,0,0,0,0,0,0,0,0,0,0,0,0,0,0,0,0,0,0,0
"CCACTATGGTCAAGCAAGGTACTCGGCTGGGTCTTCATCTCCTCAGCCGTATCGACCTCC",0,0,0,0,0,0,0,0,0,0,0,0,0,0,0,0,0,0,0,0,0,0,0,0,0,0,0,0,0,0,0,0,0,0,0,0,0,0,0,0,0,0,0,0,1,0,0,0,0,0,0,0,0,0,1,0,0,0,1,0,1,1,1,0,0,1,0,0,0,1,0,1,0,0,0,0,0
"CCACTCTGGAACTCCCCGTTGATGGGGCCGCGCTTTCTCGCATCGGCTTTTACCGCCGGT",1,0,0,0,0,1,0,0,0,0,0,0,0,0,0,0,1,0,0,2,0,0,0,0,0,0,0,0,0,0,0,0,0,0,0,0,0,0,0,0,0,0,0,0,0,0,0,0,0,0,0,0,0,0,0,0,0,0,0,0,0,0,0,0,0,0,0,0,0,0,0,0,0,0,0,0,0
"CCACTCTGGCATACACCCCTAATGCCCATCCTCTTTCTGGCAAGTGCTATGGTGTCGGGA",0,0,0,0,0,0,0,0,0,0,0,0,0,0,0,0,0,1,0,0,0,0,0,0,0,0,0,0,0,0,0,0,0,0,0,0,0,0,0,0,0,0,0,0,0,0,0,0,0,0,0,0,0,0,0,0,0,0,0,0,0,0,0,0,0,0,0,0,0,0,0,0,0,0,0,0,0
"CCACTGTGGAACACCTCGATCCTCGGTCCGCTTTTCCTGACATCGGGGTTGTCAACCGGC",0,0,0,0,0,0,0,0,0,0,0,0,0,0,0,1,0,0,0,1,0,0,0,0,0,0,0,0,0,0,0,0,0,0,0,0,0,0,0,0,0,0,0,0,0,0,0,0,0,0,0,0,0,0,0,0,0,0,0,0,0,0,0,0,0,0,0,0,0,0,0,0,0,0,0,0,1
"CCACTGTGGGACACGACATGGCTCGCCGCTCTGTTTTTGGCTTCTGCTGTTTCCACGAGC",2,0,0,0,0,0,0,0,0,0,0,0,0,0,0,0,0,0,0,0,0,0,0,0,0,0,0,0,0,0,0,0,0,0,0,0,0,0,0,0,0,0,0,0,0,0,0,0,0,0,0,0,0,0,0,0,0,0,0,0,0,0,0,0,0,0,0,0,0,0,0,0,0,0,0,0,0
"CCACTGTGGTACACCCCTATACTGCCGGTGCAGTTTTTCATTTCAGCGGTGTGCGCGGGC",0,0,0,0,0,0,0,0,0,0,0,0,0,0,0,0,0,0,0,0,0,0,0,0,0,0,0,1,0,0,0,0,0,0,0,0,0,0,0,0,0,0,0,0,0,0,0,0,0,0,0,0,1,0,1,0,0,1,0,4,1,0,0,2,1,0,4,0,0,0,0,0,0,1,0,0,0
"CCACTTTGGAATTCAGCTTTAGTGCCTATTCTTTTCTTGGTGTCAGGTTTAGTGTCAGGA",0,0,0,0,0,0,0,0,0,0,0,0,0,0,0,0,0,0,0,0,0,0,0,0,0,0,0,0,0,0,0,0,0,0,0,0,0,0,0,0,0,0,0,0,0,0,0,0,0,0,0,0,0,0,0,0,0,0,0,0,0,0,0,0,0,0,0,0,0,0,0,1,0,0,0,0,0
"CCAGTATGGAACCACCACGTTTTGCCTGTGCATTTTGGTATGTCCGGATTGAGCTCGGGC",0,0,0,0,0,0,0,0,0,0,0,0,0,0,0,0,0,0,0,0,0,0,0,0,0,0,0,0,0,0,0,0,0,0,0,0,0,0,0,0,0,0,0,0,0,0,0,0,0,0,0,0,0,0,0,0,0,0,0,0,0,0,0,0,0,0,0,0,0,0,0,0,0,0,0,0,0
"CCAGTGTACAATCGCGCGTTGCTTCCCCCGCACTTTCTGATTTCGGGCCTTGGAGGCGCC",0,0,0,0,0,0,0,0,0,0,0,0,0,0,0,0,0,0,0,0,0,0,0,0,0,0,0,0,0,0,0,0,0,0,0,0,0,0,0,0,0,0,0,0,0,0,0,1,0,0,0,0,0,0,0,0,0,0,0,0,0,0,0,0,0,0,0,0,0,0,0,0,0,0,0,0,0
"CCAGTGTGGCGTGAATCGTGGCTACCTGTATTATTCGCGGCTTCGGGTGCTTCGGCTTCG",0,0,0,0,0,0,0,0,0,0,0,0,0,0,0,0,0,0,0,0,0,0,0,0,0,0,0,0,0,0,0,0,0,0,0,0,0,0,1,0,0,0,0,0,0,0,0,0,0,0,0,0,0,0,0,0,0,0,0,0,0,0,0,0,0,0,0,0,0,0,0,0,0,0,0,0,0
"CCATGGTGGAATACAACCCTGATGCCAGTGGTTTTTCTTTTCTCAGCGATCGTGTCTGGA",0,0,2,0,0,0,0,2,0,0,0,0,0,0,0,0,0,0,0,0,0,0,0,0,0,0,0,0,1,0,1,0,0,0,0,1,0,2,2,1,0,0,0,0,0,0,0,0,0,0,0,0,1,0,0,0,0,1,0,1,0,1,0,0,0,0,0,0,0,0,1,2,0,0,0,0,0
"CCATTGTGGTACACGCCGTTGTTGCCCATTCTGTTTTTCCTCAGCGCGCTGGCGTCTGGG",0,0,0,0,0,0,0,0,0,0,0,0,0,0,0,0,0,0,0,0,0,0,0,0,0,0,0,0,0,1,0,0,0,0,0,0,0,0,0,0,0,0,0,0,0,0,0,0,0,0,0,0,0,0,0,0,0,0,0,0,0,0,0,0,0,0,0,0,0,0,0,0,0,0,0,0,0
"CCCATCTGGAATACCGCCCTGATGCCGGTCATGTGCATGTTCTACGCGTTTCTGGGCGGC",0,0,0,0,0,0,0,0,0,0,0,0,0,0,0,0,0,0,0,0,0,0,0,0,0,0,0,0,0,0,0,0,0,0,0,0,0,0,0,0,0,0,0,0,0,0,0,0,0,0,0,0,0,0,0,0,0,0,0,0,0,0,0,0,0,0,0,0,0,0,0,0,0,0,0,0,0
"CCCATCTGGAGCGACACCGCGCTCGGTGCCTTGTTCCTGGCCTCGAGCCTCAGCGTGGCA",2,0,0,0,0,1,0,0,1,1,0,0,0,2,0,0,0,1,0,0,0,0,0,1,0,0,0,0,0,0,0,0,0,0,1,0,0,0,0,0,1,0,0,0,0,0,0,0,0,0,3,0,0,0,0,0,0,0,0,0,0,0,0,0,0,0,0,0,0,0,0,0,0,0,2,0,1
"CCCATCTGGAGTGACACCGCCCTGGGCGGACTCTTCCTGGCATCCGCCCTCTCCTCCTCG",0,0,0,0,0,0,0,0,0,0,0,0,0,0,0,0,0,0,0,0,0,0,0,0,0,0,0,0,0,0,0,0,0,0,0,0,0,0,0,0,0,0,0,0,0,0,0,0,0,0,0,0,0,0,0,0,0,0,0,0,0,0,0,0,0,0,0,0,0,0,0,0,0,0,0,0,1
"CCCATCTGGCAGCGCAAAGTGCTGCCAATCCTGTTCGGTACATCCGCGATGTCGAGCGTC",0,0,0,0,0,0,0,0,0,0,0,0,0,0,0,0,0,0,0,0,0,0,0,0,0,0,0,0,0,0,0,0,0,0,0,0,0,0,0,0,0,0,0,0,0,0,0,0,0,0,0,0,0,0,0,0,0,1,0,2,0,0,0,0,0,0,0,0,0,0,0,0,0,0,0,0,0
"CCCATCTGGGACACGCCTCTGCTCGGCATGCTGTTTATCGTTTCGGCCGCATCCATATCA",0,0,0,0,0,1,2,0,1,1,0,1,0,1,0,0,0,1,1,2,0,1,0,0,2,1,0,1,0,0,0,0,0,1,3,1,0,0,0,0,0,2,0,0,0,0,1,0,0,0,0,2,0,0,0,1,0,0,0,0,0,0,0,0,0,0,0,0,0,0,0,0,0,2,2,0,1
"CCCATCTGGGACTCCACCCTGCTCGGTCTCCTGTTCCTCGTATCCGGCGCCTCGACCGGA",0,0,0,2,0,1,0,0,0,0,0,1,0,1,1,2,1,0,0,0,3,0,0,0,0,2,1,0,1,0,1,1,0,0,0,0,0,0,0,0,0,0,0,0,0,2,0,1,0,0,0,0,0,0,0,0,0,0,0,0,0,0,0,0,0,0,0,0,0,0,0,0,0,0,1,0,0
"CCCATGTGGTACGGCCCGATGGTTCCGCTGTACTTCCTGCTGACGGCCGCCGCATCCGGT",0,0,0,0,0,0,0,0,0,0,0,0,0,0,0,0,0,0,0,0,0,0,0,0,0,0,1,0,0,0,0,0,0,0,0,0,0,0,0,0,0,0,0,0,0,0,0,0,0,0,0,0,0,0,0,0,0,0,0,0,0,0,0,0,0,0,0,0,0,0,0,0,0,0,0,0,0
"CCCATGTGGTCCAAGAAGTGGCTGGGCGCGCTCTTCAGCGCCTCCGCGCTCAGTACCGGC",0,0,0,0,0,0,0,0,0,0,0,0,0,0,0,0,0,0,0,0,0,0,0,0,0,0,0,0,0,0,0,0,0,0,0,0,0,1,0,0,0,0,0,0,0,0,0,0,0,0,0,0,0,0,0,0,0,0,0,0,0,0,0,0,0,0,0,0,0,0,0,0,0,0,0,0,0
"CCCCTCTGGAATAGCTCTGCGCTGGCCCCCCTGTTCCTGGTGTCAGGTCTGGCAAGCGCC",0,0,0,0,0,0,0,0,0,0,0,0,0,0,0,0,0,0,0,0,0,0,0,0,0,0,0,0,0,0,0,0,0,0,0,0,0,0,0,0,0,0,0,0,0,0,0,0,0,0,0,0,0,0,0,0,0,0,0,0,0,0,0,0,0,0,0,0,0,0,0,0,0,0,0,0,0
"CCCCTCTGGAGCAGCTCGGCCCTCGGCTTCCTCTTCCTCGCCTCCGGCAGCTCGACCGGC",0,0,0,0,0,0,0,0,0,0,0,0,0,0,0,0,0,0,0,0,0,0,0,0,0,0,0,0,0,1,0,0,0,0,0,0,0,0,0,0,0,0,0,0,0,0,0,0,0,0,0,0,0,0,0,0,0,0,0,0,0,0,0,0,0,0,0,0,0,0,0,0,0,0,0,0,0
"CCCCTCTGGCAGGAATCGTGGATGCCGGTTCTGTTTGTCGCGTCCAGTGCGGCGACCGCG",0,0,0,0,0,0,0,0,0,0,0,0,0,0,0,0,0,0,0,0,0,0,0,0,0,0,0,0,0,0,0,0,0,0,0,0,0,0,0,0,0,0,0,0,0,0,0,0,0,0,0,0,0,0,0,0,0,0,0,0,0,0,0,0,0,1,0,0,0,0,0,0,0,0,0,0,0
"CCCCTCTGGTACACACCGCTGCTGCCCGTTTTCTTCTTTGTTTCGGCAGCGTGCTCGGGC",0,0,0,0,0,0,0,0,0,0,0,0,0,0,0,0,0,0,0,0,0,0,0,0,0,0,0,0,0,0,0,0,0,0,0,0,0,0,0,0,0,0,0,0,0,0,0,0,0,0,0,0,0,0,0,0,0,0,0,0,0,0,0,0,0,0,0,1,0,0,0,0,0,0,0,0,0
"CCCCTGCTCCCCGGACCGGTCCTGCCCAACGTCTTCGCCCACGCTCACCTGGCGGCGGGG",0,0,0,0,0,0,0,0,0,0,0,0,0,0,0,0,0,0,0,0,1,0,0,0,0,0,0,0,0,0,0,0,0,0,0,0,0,0,0,0,0,0,0,0,0,0,0,0,0,0,0,0,0,0,0,0,0,0,0,0,0,0,0,0,0,0,0,0,0,0,0,0,0,0,0,0,0
"CCCCTGTGGTACTCGCCGCTGCTGCCGGTGCTGTTCTGGCTTTCCGCGCTCAGCGTTGGG",0,0,0,0,0,0,0,0,0,0,0,0,2,0,0,0,0,0,1,0,0,0,1,0,0,0,0,0,0,0,0,0,0,0,1,0,0,2,0,2,0,0,0,0,1,0,2,1,0,0,0,0,0,0,0,0,0,0,0,0,0,0,0,0,0,0,0,0,0,0,0,0,0,0,0,0,0
"CCCGCCTGGTGGACGCCGATCCTGCCGGTCGTGTTCTTCCTCTCGGCGGTCGCGTCCGGC",0,0,0,0,0,0,0,0,0,0,0,0,0,0,0,0,0,0,0,0,0,0,0,0,0,0,0,0,0,0,1,0,0,0,0,0,0,0,0,0,0,0,0,0,0,0,0,0,0,0,0,0,0,0,0,0,0,0,0,0,0,0,0,0,0,0,0,0,0,0,0,0,0,0,1,0,0
"CCCGTCCTGGCGCGGCGCGTGCTGCCGATCCTGTTTGGCTTCTCGGCAATGAGCAGCGGC",0,0,0,0,0,0,0,0,0,0,0,0,0,0,0,0,0,0,0,0,0,0,0,0,0,0,0,0,0,0,0,0,0,0,0,0,0,0,0,0,0,0,0,0,0,0,0,0,0,0,0,0,0,0,0,0,0,0,0,0,0,0,0,0,0,0,0,0,0,0,0,0,0,0,0,0,0
"CCCGTCTGGAACGCCGCCTGGTTGCCCTTTCATTTTGCGGTCTCCGGATTGAGTTCGGCG",0,0,0,0,0,0,0,0,0,0,0,0,0,0,0,0,0,0,0,0,0,0,0,0,0,0,0,0,0,0,0,0,0,0,0,0,0,0,0,0,0,1,0,0,0,0,0,0,0,0,0,0,0,0,0,0,0,0,0,0,0,0,0,0,0,0,0,0,0,0,1,0,0,0,0,0,0
"CCCGTCTGGAATACGAATCTGGTGGCGCAGCTTTTTCTGTACTCCGCGCATACCACCGGT",0,0,0,0,0,0,0,0,0,0,0,0,0,0,0,0,0,0,0,0,0,0,0,0,0,0,0,0,0,0,0,0,0,0,0,0,0,0,0,0,0,0,0,0,0,0,0,0,0,0,0,0,0,0,0,0,0,0,0,0,0,0,0,0,0,0,0,0,0,0,0,0,0,0,0,0,0
"CCCGTCTGGAGTAGCCCCGCCCTGGGCGCGCTCTTTATGGTGAGCTCGCTGAGCACGGGC",0,0,0,0,0,0,0,0,0,0,0,0,0,0,0,0,0,0,0,0,0,0,0,0,0,0,0,0,0,0,0,0,0,0,0,0,0,0,0,0,0,0,0,0,0,0,0,0,0,0,0,0,0,0,0,0,0,0,0,0,0,0,0,0,0,0,0,0,0,0,0,0,0,0,0,0,0
"CCCGTCTGGCACAACCGGCTCCTGGGCGCGCTGTTCCTCGCCTCGGCAACCTCGACGTCG",0,0,0,0,0,0,0,0,1,0,0,0,0,0,0,0,0,2,0,0,0,0,0,0,0,0,0,0,0,1,0,0,3,0,0,2,0,0,0,0,1,1,0,0,0,0,0,1,2,0,0,0,0,0,0,0,0,0,0,0,0,1,0,0,0,1,0,0,1,0,0,0,0,0,0,0,0
"CCCGTCTGGCAGCAACACGTTCTGCCGATTCTATTTGGCTTTTCGGGGATGTCGAGCACC",0,0,0,0,0,0,0,0,0,1,0,0,0,0,0,0,0,0,0,0,0,0,0,0,0,0,0,0,0,0,0,0,0,0,0,1,1,1,0,0,0,0,1,1,1,0,0,1,0,0,0,0,0,0,0,0,0,0,1,2,0,0,0,0,1,0,0,0,0,0,0,0,1,1,0,0,0
"CCCGTCTGGGGCCGCCGCCACATCCCGGCGATCTTCGTCCTCTCCGGCGCCGGGACCGGG",0,0,0,0,0,0,0,0,0,0,0,0,0,0,0,0,0,0,0,0,0,0,0,0,0,0,0,0,0,0,0,0,0,0,0,0,0,0,0,0,0,0,0,0,0,0,0,0,0,0,0,0,0,0,0,0,0,0,0,0,1,0,0,0,0,0,0,0,0,0,0,0,0,0,0,0,0
"CCCGTCTGGTCCAGCCCGCTGCTCGGCGGCTTGTTCATGGCGAGCGCGCTCAACACCGGC",0,8,0,0,0,0,0,0,0,0,0,0,0,0,0,0,0,0,0,0,0,0,1,0,0,0,0,0,0,0,0,0,2,0,0,0,0,0,0,2,0,0,0,0,2,0,0,0,0,2,1,0,2,2,0,0,0,1,0,2,2,0,0,1,1,0,1,0,0,0,0,1,0,3,0,4,0
"CCCGTGTGGAACCAAAACGTCCTTCCCTTGCACTTTGCGGCTTCGGGACTGAGCGCGGCG",0,0,0,0,0,0,0,0,0,0,0,0,0,0,0,0,0,0,0,0,0,0,0,0,0,0,0,0,0,0,0,0,0,0,0,0,0,0,0,0,0,0,0,0,0,0,0,0,0,0,0,0,0,0,0,0,0,0,0,1,0,0,1,0,0,0,0,0,0,0,0,0,0,0,0,2,0
"CCCGTGTGGCAACAAACGAGCCTGCCCATCTTGTTCATGTGCTCGGGCGTGGCTGCGGCG",0,0,0,0,0,0,0,0,0,0,0,0,0,0,0,0,0,0,0,0,0,0,0,0,0,0,0,0,0,0,0,0,0,0,0,0,0,0,0,0,0,0,0,0,0,0,0,0,0,0,0,0,0,0,0,0,0,0,0,0,0,0,0,0,0,0,0,0,0,0,0,0,0,0,0,0,0
"CCCGTGTGGCAGCAATCCACTTTACCTATATTGTTTATCTCCTCCGGAACTGCTGCCTCG",0,0,0,0,0,0,0,0,0,0,0,0,0,0,0,0,0,0,0,0,0,0,0,0,0,0,0,0,0,0,0,0,0,0,0,0,0,0,0,0,0,0,0,0,0,0,0,0,0,0,0,0,0,0,0,0,1,0,0,0,0,0,0,0,0,0,0,0,0,0,0,0,0,0,0,0,0
"CCCGTGTGGCAGGCGCCCTTGCTCGGTCCCCTGTTCCTTGCCTCGGCGGCATCCACGGCC",0,1,0,0,0,0,0,1,0,0,0,0,0,0,0,0,0,0,0,0,0,0,0,0,0,0,0,0,0,0,0,0,0,0,0,0,1,0,0,0,0,0,0,0,0,0,0,0,0,0,0,0,0,0,0,0,0,0,0,0,0,0,0,0,0,0,0,0,0,0,0,0,0,0,0,0,0
"CCCGTTTGGCAGAAACGCTATCTTCCGGCATTGTTTGTTTCGTCTGCAGTTTCCAGCTGT",0,0,0,0,0,0,0,0,0,0,0,0,0,0,0,0,0,0,0,0,0,0,0,0,0,0,0,0,0,0,0,0,0,0,0,0,0,0,0,0,0,0,0,0,0,0,0,0,0,0,0,0,0,0,0,0,0,0,0,0,0,0,0,0,0,0,0,0,0,0,0,0,0,0,0,0,0
"CCCTATTGGAACTCCTCGATTCTCGCGCCGCAGTTCCTGGCGTCCGCGTTCTCGTCCGGT",0,0,0,0,0,0,0,0,0,0,0,0,0,0,1,0,0,0,0,0,0,0,0,0,0,0,0,0,0,0,0,0,0,0,1,0,0,1,0,0,0,0,0,0,0,0,0,0,0,0,0,0,0,0,0,0,0,0,0,0,0,0,0,0,0,0,0,0,0,0,0,0,0,0,0,0,1
"CCCTGGTGGGCCAGCCCGCTGAGGCCCGTCATCTTCCAGATGAGCGCCATGGTCTCCGGT",0,0,0,0,0,0,0,0,0,0,0,0,0,0,0,0,0,0,0,0,0,0,0,0,0,0,0,0,0,0,0,0,0,0,0,0,0,0,0,0,0,0,0,0,0,0,0,0,0,0,0,0,0,0,0,0,0,0,0,0,0,0,0,0,0,0,0,0,0,0,0,0,0,0,0,0,0
"CCCTGGTGGGGAAATGTGTTGATGCCGATTATTTTCATTTTCTCGGCGATTGTTTCCGGG",0,0,5,0,2,2,2,4,2,0,0,2,2,2,2,3,1,2,1,3,3,3,3,2,6,3,0,4,2,0,2,3,5,3,2,2,4,2,3,4,2,1,2,2,2,1,2,2,4,2,2,2,2,0,0,2,1,2,1,1,0,0,0,0,1,0,2,0,4,0,4,1,0,1,2,0,0
"CCCTGGTGGTCCACGCCGCGTATGCCGATCGTGTGTCTCTTCTCCGCGTTGAGATCGGGA",0,0,0,0,0,0,0,0,0,0,0,0,0,0,0,0,0,0,0,0,0,0,0,0,0,0,0,0,0,0,0,0,0,0,0,0,0,0,0,0,0,0,0,0,0,0,0,0,0,0,0,0,0,0,0,0,0,0,0,0,0,0,0,0,0,0,0,0,0,0,0,0,0,0,0,0,0
"CCCTGGTGGTCCTCCCCCTTGATGCCGGTAGTCTTCCTGTTCTCGGCGATGGTATCCGGC",19,19,16,26,27,8,26,14,21,25,25,26,15,28,11,20,16,16,22,14,26,24,15,19,16,18,27,19,23,13,17,25,19,26,16,21,21,9,22,17,16,24,32,22,26,20,23,16,23,23,23,23,25,31,31,33,35,26,37,25,21,33,25,24,29,28,15,27,28,28,28,28,32,25,21,24,18
"CCCTGGTGGTCGACCTCGCTCATGTTCGTGATCTTCATCTTCTCGGCCATCGTGTCGGGG",1,0,1,2,0,0,2,0,2,1,1,4,3,2,1,0,3,1,0,1,2,2,2,0,2,2,2,2,1,3,5,4,1,2,1,2,0,2,1,0,3,0,1,1,0,2,0,2,1,2,0,0,2,1,0,0,2,0,0,1,0,0,0,1,1,1,0,1,1,0,0,0,1,0,2,0,1
"CCCTTCTGGAACGCGTCGCTCCTCGCACCGCGCTTCCTCGTCTCCGCCTTCTGCAGCGGC",1,0,0,1,0,0,0,0,0,0,0,1,0,0,3,0,2,0,0,0,0,0,0,0,0,0,0,0,0,0,0,0,0,0,0,1,0,0,0,0,0,0,0,0,0,3,1,0,0,0,1,0,0,0,0,0,0,0,0,0,0,0,0,0,0,0,0,0,0,0,0,0,0,0,1,0,1
"CCCTTCTGGAACTCCGGCATCCTGCCCGTGCGCTTCCTGTTCTCGGCCTTCCTGTCGGGG",0,0,0,2,1,0,0,1,0,0,0,0,0,1,0,0,2,0,0,1,1,0,0,0,0,0,0,0,0,0,0,0,0,0,0,0,0,0,0,0,0,0,0,0,0,0,0,0,0,0,0,0,0,0,0,0,0,0,0,0,0,0,0,0,0,0,0,0,0,0,0,0,0,0,1,1,0
"CCCTTCTGGAATACGGCATTGTTGGCGCCAAGATTTCTGGCGAGCGCCTTCGTGTCGGGT",0,0,0,0,0,0,0,0,0,0,0,0,0,0,0,0,0,0,0,0,0,0,0,0,0,0,0,0,0,0,0,0,0,0,0,0,0,0,0,0,0,0,0,0,0,0,0,0,0,0,0,0,0,0,0,0,0,0,0,0,0,0,0,0,0,0,0,0,0,0,0,0,0,0,0,0,0
"CCCTTGTGGAACACGGCGCTTCTTGGTCCGCGCTTTCTTGCGTCTGCGTTCAGCGCGGGA",0,0,0,0,0,0,0,0,0,0,0,0,0,0,0,0,0,0,0,0,0,0,0,0,0,0,0,0,0,0,0,0,0,0,0,0,0,0,0,0,0,0,0,0,0,0,0,0,0,0,0,0,0,0,0,0,0,0,0,0,0,0,0,0,0,0,0,0,0,0,0,0,0,0,0,0,0
"CCGACGTGGTCCGGCTTGGTTCTGCCGGTCTTCTTCCTCGGCTATGGACTCGCCGGCGCC",0,0,0,0,0,0,1,0,0,0,0,0,0,0,0,0,0,0,0,0,0,0,0,0,0,0,0,0,0,0,0,0,0,0,0,0,0,0,0,0,0,0,0,0,0,0,0,0,0,0,0,0,0,0,0,0,0,0,0,0,0,0,0,0,0,0,0,0,0,0,0,0,0,0,0,0,0
"CCGATCTGGAACACGCCGCTCATACCGGCGCTGTTCGTCGCCATGTCGATCGCCTCCGGC",0,0,0,0,0,0,0,1,0,0,0,0,0,0,0,1,0,0,0,0,0,0,0,0,0,0,0,0,0,0,0,0,0,0,0,0,0,0,0,0,0,0,0,0,0,0,0,0,0,0,0,0,0,0,0,0,0,0,0,0,0,0,0,0,0,0,0,0,0,0,0,0,0,0,0,0,0
"CCGATCTGGAGCGACAGCGTTATCGCCCCCTTGTTTCTCACGTCGGCCGCCTCCACCGGC",2,0,0,0,2,0,0,0,0,0,0,0,0,0,1,0,0,0,0,2,0,0,0,0,0,0,1,0,0,0,0,0,0,0,0,0,0,0,0,0,0,0,0,0,0,1,0,0,0,0,0,0,0,0,0,0,0,0,0,0,0,0,0,0,0,0,0,0,0,0,0,0,0,0,0,0,0
"CCGATCTGGCGAAACCCATGGCTAGGCCCGCTGTTCGGGGCGAGCGCTGTCTCCACCGGC",0,1,0,0,0,0,0,0,0,0,0,0,0,0,0,0,0,0,0,0,0,0,0,0,0,0,0,0,0,0,0,0,0,0,0,0,0,0,0,0,0,0,0,1,0,0,0,0,1,0,0,0,0,0,0,0,0,0,0,0,0,1,0,0,0,0,0,0,0,0,0,0,0,0,0,0,0
"CCGATCTGGGACTCGACATTGCTCGGCGCTCTTTTCCTGTTGTCAGGCCTGTCAACGGCG",0,0,0,0,0,0,0,0,0,0,0,0,0,0,1,0,0,0,0,0,0,0,0,0,0,0,0,0,0,0,0,0,0,0,0,0,0,0,0,0,0,0,0,0,0,0,0,0,0,0,0,0,0,0,0,0,0,0,0,0,0,0,0,0,0,0,0,0,0,0,0,0,0,0,0,0,0
"CCGATCTGGGATACGACGCTCCTCGGCGCGGTCTTCGCTGTTTCCGGGATTTCTACGGGC",0,0,0,0,0,0,0,0,0,0,0,0,0,0,0,0,0,0,0,0,0,0,0,0,0,0,0,0,0,0,0,0,0,0,0,0,0,0,0,0,0,0,0,0,0,0,0,0,0,0,0,0,0,0,0,0,0,0,0,0,0,0,0,0,0,0,0,0,0,0,0,0,0,0,0,0,0
"CCGATCTGGTCGAACACGTGGACCGGGGCGTTGTTCCTCGCGTCGGCCGCCTCGACGGGG",0,0,0,0,1,0,0,0,0,0,0,0,0,0,0,0,1,0,0,0,0,0,2,0,0,0,0,0,0,0,0,0,0,0,0,0,0,0,0,0,0,0,0,0,0,0,0,0,0,0,0,1,0,0,0,0,0,0,0,0,0,0,0,0,0,0,0,0,0,0,0,0,0,0,0,0,0
"CCGATGCATCGCAACCCGACATTTCCTACCGCCGCGCTGATTCACTCGCTTTCGGTTGGG",0,0,0,0,0,0,0,0,0,0,0,0,0,0,0,0,0,0,0,0,0,0,0,0,0,0,0,0,0,0,0,0,0,0,0,0,0,0,0,0,0,0,0,0,0,0,0,0,0,0,0,0,0,0,0,0,0,0,0,0,0,0,0,0,0,0,0,0,0,0,0,0,0,0,0,0,0
"CCGATGCTGGGCGAGCCGGTGCTGTCCGTGGTGCTGGTGACCGTGGGCCTGGCCGTGGTG",0,0,0,0,0,0,1,0,0,0,0,0,0,0,0,0,0,0,0,0,0,0,0,0,0,0,0,0,0,0,0,0,0,0,0,0,0,0,0,0,0,0,0,0,0,0,0,0,0,0,0,0,0,0,0,0,0,0,0,0,0,0,0,0,0,0,0,0,0,0,0,0,0,0,0,0,0
"CCGATGTGGAACAGCGCCGTGCTGGGACTGCTCTTCCTCTTCTCGGGACTCTCGGCCGCC",0,0,0,0,0,1,0,0,0,0,0,0,0,0,0,0,0,0,0,0,0,0,0,0,0,0,0,0,0,0,0,0,0,0,0,0,0,0,0,0,0,0,0,0,0,0,0,0,0,0,0,0,0,0,0,0,0,0,0,0,0,0,0,0,0,0,0,0,0,0,0,0,0,0,0,0,0
"CCGATGTGGGACACGCACTTTCTCGGTATCCTGTTCCTCTTCTCGGCCACTTCTACCGCG",0,0,1,0,0,0,0,0,0,0,0,0,0,0,0,0,0,0,0,0,0,0,0,0,0,0,0,0,0,0,0,0,0,0,0,0,0,0,0,0,0,0,0,0,0,0,0,0,0,0,0,0,0,0,0,0,0,0,0,0,0,0,0,0,0,0,0,0,0,0,0,0,0,0,0,0,0
"CCGCACTGGAATACGCCCATTCTCGCGCCGCGCTTTCTCATCAGCGCCGGCGCCTCGGCC",0,0,0,0,0,0,0,0,0,0,0,0,0,0,2,0,0,0,0,0,0,0,0,0,0,0,0,0,0,0,0,0,0,0,0,0,0,0,0,0,0,0,0,0,0,0,0,0,0,2,0,0,0,0,0,0,0,0,0,0,0,0,0,0,0,0,0,0,0,0,0,0,0,0,1,0,0
"CCGCAGTGGTGGTCTCCCGTGATGCCCATCTCTTTCTTCTTATCTTCAATCGCGGCAGGT",0,0,0,0,0,0,0,0,0,0,0,0,0,0,0,0,0,0,0,0,0,0,0,0,0,0,0,0,0,0,0,0,0,0,0,0,0,0,0,0,1,0,0,0,0,0,0,0,0,0,0,0,0,0,0,0,0,1,0,0,0,0,0,1,0,0,0,0,0,0,0,0,0,0,0,0,0
"CCGCTCTGGAACAGCGGCCTGTTCCCGATCCTGTTCCTGCTCTCGGCCCTCGCCAGCGGC",1,0,0,0,0,1,1,0,0,0,0,0,0,0,0,0,2,0,1,1,1,1,2,1,1,0,0,0,0,2,0,1,0,1,0,0,0,1,0,1,0,0,0,2,0,0,0,1,1,0,1,0,0,0,0,0,1,0,1,0,0,0,0,0,0,0,2,0,2,0,0,0,0,1,0,0,0
"CCGCTCTGGAACCACCTCCTGATGGGCCCGCTCTTCCTGTCCTCAGCCCTATCTAGCGGC",0,0,0,0,0,0,0,0,0,0,0,0,0,0,0,0,0,0,0,0,0,0,0,0,0,0,0,0,0,0,0,0,0,0,0,0,0,0,0,0,0,0,0,0,0,0,0,0,0,0,0,0,0,0,0,0,0,0,0,0,0,0,0,0,0,0,0,0,0,0,0,0,0,0,0,0,0
"CCGCTCTGGCACACGCCTCTGCTCGCGCAACTGTTCCTGATCTCCGCGCTGTCGTCGGCC",0,0,0,0,0,0,0,0,1,0,2,0,0,0,0,0,0,0,0,0,0,2,0,3,0,1,1,1,1,0,0,2,3,0,0,1,1,3,0,3,2,4,1,0,1,0,1,2,1,1,2,2,3,0,0,1,0,1,1,1,1,0,1,1,0,1,3,1,2,1,0,3,0,0,0,0,0
"CCGCTCTGGGACACCGCCTGGATCACCCTCCTCTTCCTCCTCTCCGGCATTTCGGCGGGG",0,0,0,0,0,0,0,0,0,0,0,0,0,0,0,0,1,0,0,0,2,0,0,0,0,0,0,0,0,0,0,0,0,0,0,0,0,0,0,0,0,0,0,0,0,0,0,0,0,0,0,0,0,0,0,0,0,0,0,0,0,0,0,0,0,0,0,0,0,0,0,0,0,0,0,0,0
"CCGCTCTGGGCCAATGCCTCTATCGCGCCGTTATTTCTGTCTTCGGCATTCTCGACCGGG",0,0,0,0,0,0,0,0,0,0,0,0,0,0,0,0,0,0,0,0,0,0,0,0,0,0,0,0,0,0,0,0,0,0,0,0,0,0,0,0,0,0,0,0,0,0,0,0,0,0,0,0,0,0,0,0,0,0,0,0,0,0,0,0,0,0,0,0,0,0,0,0,0,0,0,0,0
"CCGCTCTGGGCGGCGGCCTTCCTGGGGCCGCTCTTCCTGGCGGCATCGGCCACCTCCGGC",0,1,0,0,0,0,0,0,1,0,0,0,0,0,0,0,0,0,1,1,0,0,0,0,0,0,0,1,0,0,0,0,0,0,0,0,0,0,0,0,0,1,0,0,0,0,0,0,1,0,1,0,1,0,1,1,0,1,0,0,0,1,0,0,0,2,0,0,0,1,1,1,0,0,0,1,0
"CCGCTCTGGTACACCCCGATCCTGCCGCTGCTCTTCTACATCTCTTCGATCGCGGTGGGA",0,0,0,0,1,0,2,0,3,0,5,1,2,1,3,0,0,0,1,0,0,5,3,2,4,6,4,4,2,10,4,2,5,3,7,5,5,6,5,5,4,2,0,5,5,0,2,9,2,3,2,2,3,2,2,4,0,2,0,5,2,3,3,7,4,5,4,0,2,4,3,5,6,2,1,1,0
"CCGCTCTGGTACAGTCCAACCCTGCCGGCCATGTTCTTTCTCTCGGCAGTGGGCGTTGGG",0,0,0,0,0,0,0,0,0,0,0,0,0,0,0,0,0,0,0,0,0,0,0,0,0,0,0,0,0,0,0,0,0,0,0,0,2,0,0,0,0,0,0,0,0,0,0,0,0,0,0,0,0,0,0,0,0,0,0,0,0,0,0,1,0,0,0,0,0,0,0,0,0,0,0,0,0
"CCGCTCTGGTACTCGTCGATGCTGCCGATCCTGTTCTTTGCGTCGTCGGTTGCGGCCGGT",0,0,0,0,0,0,0,0,0,0,0,0,0,0,0,0,0,0,0,0,0,0,0,0,0,0,0,0,0,0,0,0,0,0,0,0,0,0,0,0,0,0,0,0,0,0,0,0,0,0,0,0,0,0,0,0,0,0,0,0,0,0,0,0,0,0,0,0,0,0,0,0,0,0,0,0,0
"CCGCTCTGGTATAGCCCGTATCTCACCACGATGTTCTATTTGTCGGCCATTCCTACGGGA",0,0,0,0,0,0,0,0,0,0,0,0,0,0,0,0,0,0,0,0,0,0,0,0,0,0,0,0,0,0,0,0,0,0,1,0,0,0,0,0,0,0,0,0,0,0,0,0,0,0,0,0,0,0,0,0,0,0,0,0,0,0,0,0,0,0,0,0,0,0,0,0,0,0,0,0,0
"CCGCTCTGGTATTCGAACGTCATTCCGTTCCTGTTCCTGCTCTCCTGTGTTGCCGCCGGA",0,0,0,0,0,0,0,0,0,0,0,0,0,0,0,0,0,0,0,0,0,0,0,0,0,0,0,0,0,0,0,0,0,0,0,0,0,0,0,0,0,0,0,0,0,0,0,0,0,0,0,0,0,0,0,0,0,0,0,0,0,0,0,0,0,0,0,0,0,0,0,0,0,0,0,0,0
"CCGCTCTGGTCGAGCCGGATCCTGCCGGCGCTGTTCGGCGTTTCGGGAACGGCGTCCGCG",0,0,0,0,0,0,0,0,0,0,0,0,0,0,0,0,0,0,0,0,0,0,0,0,0,0,0,0,0,0,0,0,0,0,0,0,1,0,0,0,0,0,0,0,0,0,0,0,0,0,0,0,0,0,0,0,0,0,0,0,0,0,0,0,0,0,0,0,0,0,0,0,0,0,0,0,0
"CCGCTCTGGTCGCGCAACAAGTTGGGCCCCACGTTCATCAGCAGCGCCCTCTCCACGGGC",0,0,0,0,0,0,0,0,0,0,0,0,0,0,0,0,0,0,0,0,0,0,0,0,0,0,0,0,0,0,0,0,0,0,0,0,0,1,0,0,0,0,0,1,0,0,0,0,0,0,0,0,0,0,0,0,2,0,0,0,0,0,0,0,0,0,0,0,0,1,1,0,0,0,0,0,0
"CCGCTGCTCAACATCGCCGTATTGCCACTATTGTTTCTTGTATCGGGTCTGTCGGTGGGT",0,0,0,0,0,0,0,0,0,0,0,0,0,0,0,0,0,0,0,0,0,0,0,0,0,0,0,0,0,0,0,0,0,0,0,0,0,0,0,0,0,0,0,0,0,0,0,0,0,0,0,0,0,0,0,0,0,0,0,0,0,0,0,0,0,0,0,0,0,0,0,0,0,0,0,0,0
"CCGCTGCTGAATAACCCGATTTTACCGGCACTGTTCCTGTTCTCCGGTTTGTCCTCGGCG",0,0,0,0,0,0,0,0,0,0,0,0,0,0,0,0,0,0,0,0,0,0,0,0,0,0,0,0,0,0,0,0,0,0,0,0,0,0,0,0,0,0,0,0,0,0,0,0,0,0,0,0,0,0,0,0,0,0,0,0,0,0,0,0,0,0,0,0,0,0,0,0,0,0,0,0,0
"CCGCTGTGCAAAAACCCGTGGCTCTCGCCACTCTTCGTCGCTAGCGCGATGAGCACGGGT",0,0,0,0,0,0,0,0,0,0,0,0,0,0,0,0,0,0,0,0,0,0,0,0,0,0,0,0,0,0,0,0,0,0,0,0,0,0,0,0,0,0,0,0,0,0,0,0,0,0,0,0,0,0,0,0,0,0,0,0,0,0,0,0,0,0,0,0,0,0,0,0,0,0,0,0,0
"CCGCTGTGGAACACACCGGTGCTGCCGGCGCTGTTCCTCGCCTCGGGTCTGGGGGCCGGC",0,0,0,0,0,2,0,0,0,0,0,0,0,0,0,0,1,0,0,0,0,0,0,0,0,0,0,0,1,0,0,0,1,0,0,0,0,0,0,0,0,0,0,0,0,1,0,0,0,0,0,0,0,0,0,0,0,0,0,0,0,0,0,0,0,0,0,0,0,0,0,0,0,0,0,0,0
"CCGCTGTGGAACACGCCGCTGCTGCCGCCGCTGTTTGCGGTGAGCGCCTTCGCGGGCGGA",0,0,0,0,0,0,0,0,0,0,0,0,0,0,0,0,0,1,0,0,0,0,0,0,0,0,0,0,0,0,0,0,0,0,0,0,0,0,0,0,0,0,0,0,0,0,0,0,0,0,0,0,0,0,0,0,0,0,0,0,0,0,0,0,0,0,0,0,0,0,0,0,0,0,0,0,0
"CCGCTGTGGAACACGCGTCTCCTGCCGCTGATGTTCCTGCTGACCTGTGTGTCGATGGGG",5,0,0,1,2,2,1,0,1,1,0,0,4,0,1,3,2,5,1,3,1,2,2,5,1,5,0,1,0,0,3,0,0,1,2,0,1,4,2,0,3,1,1,1,0,0,1,2,3,1,2,0,0,0,2,0,0,1,0,0,0,1,2,1,0,0,2,0,0,1,3,0,0,1,3,0,1
"CCGCTGTGGAACCGCTACTTCCTGGGGCCGTTGTTCTTCTCTTCCGCGCTCTCCTCCGGC",0,0,0,0,0,0,0,0,0,0,0,0,0,0,0,0,0,0,0,0,0,0,0,0,0,0,0,0,0,0,0,0,0,0,0,0,0,0,0,0,0,0,0,0,0,0,0,0,0,0,0,0,0,0,0,0,0,0,0,0,0,0,0,0,0,0,0,0,0,0,0,0,0,0,0,0,0
"CCGCTGTGGACGAAGAGCGCGCTCGGCCCGCTATTCCTTACGTCGGCCGTCTCCAACGCC",0,0,0,0,0,0,0,0,0,0,0,0,0,0,0,0,0,0,0,0,0,0,0,0,0,0,0,0,0,0,0,0,0,0,0,0,0,0,0,0,0,0,0,0,0,0,0,0,0,0,0,0,0,0,0,0,0,0,0,0,0,0,0,0,0,0,0,0,0,0,0,0,0,0,0,0,0
"CCGCTGTGGCGCAATTCGTGGGTGGGGGCGCTGTTCAGCGCCAGTGCCGTAGCAACGGGG",0,0,0,0,0,0,0,0,0,0,0,0,0,0,0,0,0,0,0,0,0,0,0,0,0,0,0,0,0,0,0,0,0,0,0,0,0,0,0,0,0,0,0,0,0,0,0,0,0,0,0,0,0,0,0,0,0,0,1,0,0,0,0,0,0,0,0,0,0,0,0,0,0,1,0,0,0
"CCGCTGTGGGATTCATCGTGGCTCGGCATCGTGTTCCTGTTCTCCGCGGTGTCGACGGCG",0,0,0,0,0,0,0,0,2,0,0,0,0,0,0,0,0,0,3,1,0,0,0,0,0,0,0,1,1,1,0,1,2,1,0,0,1,2,1,1,0,0,0,1,1,0,0,0,0,2,1,2,0,2,2,0,2,4,0,0,3,1,1,3,3,1,1,1,1,1,0,1,1,1,0,1,0
"CCGCTGTGGGCCGCACGCTTCTTGCCAGCACTATTCGGCGTTTCGGGTACCGCCACGGCC",0,0,0,0,0,0,0,0,0,0,0,0,0,0,0,0,0,0,0,0,0,0,0,0,0,0,0,0,0,0,0,0,0,0,0,0,0,0,0,0,0,0,0,0,0,0,0,0,0,0,0,0,0,0,0,0,0,0,0,0,0,0,0,0,0,0,0,0,0,0,0,0,0,0,0,0,0
"CCGCTGTGGTCCCGCACCTACCTCCCCACGCTATTCTTCAATTCCGGGCTCACAACGGCC",0,0,0,0,0,0,0,0,0,0,0,0,0,0,0,0,0,0,0,0,0,0,0,0,0,0,0,0,0,0,0,0,0,0,0,0,0,0,0,0,0,0,0,0,0,0,0,0,0,0,0,0,0,0,0,0,0,0,0,0,0,0,0,0,0,0,0,0,0,0,0,0,0,0,1,0,0
"CCGCTGTGGTCGACGACGCTGCTGGGCGCCGTGTTTCTCGTCTCCAGTGCCTCGACGTCG",0,0,0,0,0,0,0,0,0,0,0,1,0,0,0,0,1,0,0,1,0,0,0,0,0,0,0,0,0,0,0,0,0,0,0,0,0,0,0,0,0,0,0,0,0,0,0,0,0,0,0,0,0,0,0,0,0,0,0,0,0,0,0,0,0,0,0,0,0,0,0,0,0,0,0,0,0
"CCGGCATGGAATCACAACATCCTGCCCATACACTTCGGAATGTCAGGACTAGGGTCTGGG",0,0,0,0,0,0,0,0,0,0,0,0,0,0,0,0,0,0,0,0,0,0,0,0,0,0,0,0,0,0,0,0,0,0,0,0,0,0,0,0,0,0,0,0,0,0,0,0,1,0,0,0,0,0,0,0,0,0,0,0,0,0,0,0,0,0,0,0,0,0,0,0,0,0,0,0,0
"CCGGCCTGGAATTCGCCGCTGATGGGAGGCATCTTCCTGGCGCTGTCGCTCGCGAGCGGC",0,0,0,0,0,0,0,0,0,0,0,0,0,0,0,0,0,0,0,0,0,0,0,0,0,0,0,0,0,0,0,0,0,0,0,1,0,0,0,0,0,0,0,0,0,0,0,0,0,0,0,0,0,0,0,0,0,0,0,0,0,0,0,0,0,0,0,0,0,0,0,0,0,0,0,0,0
"CCGGCCTGGCACGAGGCCGAACTCCCGGTGCTGTTCGTCAGCAGCGGCGCGGCGGCCGGT",0,1,0,0,0,0,0,0,0,0,0,0,0,0,0,0,0,0,0,0,0,0,0,0,0,0,0,0,0,0,0,0,0,0,0,0,0,0,0,0,0,0,0,0,0,0,0,0,0,0,0,0,0,0,0,0,0,0,0,0,0,0,0,0,0,0,0,0,0,0,0,0,0,0,0,0,0
"CCGGCGTGGAGCTCGTTGTTTCTGGCGCCGCTCTTCCTTGCCTCCGGAGTCTCGGCGGCC",0,0,0,0,0,0,0,0,0,0,0,0,0,0,0,0,0,0,1,0,0,0,0,0,0,0,0,0,0,0,0,0,0,0,0,0,0,0,0,0,0,0,0,0,0,0,0,0,0,0,0,0,0,0,0,0,0,0,0,0,0,0,0,0,0,0,0,0,0,0,0,0,0,0,0,0,0
"CCGGTATGGAAGGAACCCTGTCTTCCAGTCCTGTTTCTCTCGTCCGCTGCCGCCAGCGCC",0,0,0,0,0,0,0,0,0,0,0,0,0,0,0,0,0,0,0,0,0,0,0,0,0,0,0,0,0,0,0,0,0,0,0,0,0,0,0,0,0,0,0,0,0,0,0,0,0,0,0,0,0,0,0,0,0,0,0,0,0,0,0,0,0,0,0,0,0,0,0,0,0,0,0,0,0
"CCGGTCCTGAATATCCAGACATTGCCAATCCATTTCGGCATGTCGGGACTGCAGAGCGGA",0,0,0,0,0,0,0,0,0,0,0,0,0,0,0,0,0,0,0,0,0,0,0,0,0,0,0,0,0,0,0,0,0,0,0,0,0,0,0,0,0,0,0,0,0,0,0,0,0,0,0,0,0,0,0,0,0,0,0,0,0,0,0,0,0,0,0,0,0,0,0,0,0,0,0,0,0
"CCGGTCTATAGCAGTCCGCTGCTCGGTGCCCTCTTCATGGCCGGAGCAATCGCCACGGGC",0,0,0,0,0,0,0,0,0,0,0,0,0,0,0,0,0,0,0,0,0,0,0,0,0,0,0,0,0,0,0,0,0,0,0,0,0,0,0,0,0,0,0,0,0,0,0,0,0,0,0,0,0,0,0,0,0,0,0,0,0,0,0,0,0,0,0,0,0,0,0,0,0,0,0,0,0
"CCGGTCTGGAACACGAATGTGCTGCCGATGCACTTCGGCGCTTCAGGGATGGCGTCGGCG",0,0,0,0,0,0,0,0,0,0,1,0,0,0,0,0,0,1,2,0,0,0,0,0,0,0,0,1,0,0,0,0,0,0,0,0,0,0,0,0,0,0,0,0,0,0,2,0,0,0,0,0,0,0,0,0,0,0,0,1,0,0,2,0,0,0,0,0,0,0,0,0,0,2,0,0,0
"CCGGTCTGGAACGTGCAGGTGCTTCCGATTCATTTCGCCGCATCGGGAATCAGCAGCGCG",0,0,0,0,0,0,0,0,0,0,0,0,0,0,0,0,0,0,0,0,0,0,0,0,0,0,0,0,0,0,0,0,0,0,0,0,0,0,0,0,0,0,0,0,0,0,0,0,0,0,0,0,0,0,0,0,0,1,0,0,0,0,0,0,0,0,0,0,0,0,0,0,0,0,0,0,0
"CCGGTCTGGAGTGACGGCTGGCTCGGCGGGCTCTTCCTGGCGTCAGGGATGAGCGGAGCG",0,0,0,2,0,0,0,0,0,0,0,0,0,0,0,0,0,0,0,0,0,0,0,0,0,0,0,0,0,0,0,0,0,0,0,0,0,0,0,0,0,0,0,0,0,0,0,0,0,0,0,0,0,0,0,0,0,0,0,0,0,0,0,0,0,1,5,1,0,0,0,1,1,0,0,0,0
"CCGGTCTGGCACGAGCGGATGCTGCCGTTCGTGTTCGCCACCTCGGGCCTGAGCGCGGGC",0,0,0,0,0,0,0,0,0,0,0,0,0,0,0,0,0,0,0,0,0,0,0,0,0,0,0,0,0,0,0,0,0,0,0,0,0,0,0,0,0,0,0,0,0,0,0,0,0,0,0,0,0,0,0,0,0,0,0,0,0,0,0,0,0,0,0,0,0,0,0,0,0,0,0,0,0
"CCGGTCTGGCAGACGCCGCTTCTTCCGCTCCTGTTCCTCATTTCCTGCGTCGCCATGGGG",0,0,3,0,0,0,0,0,0,1,2,0,3,0,0,1,2,0,0,2,0,0,3,0,1,0,0,0,1,1,1,0,0,0,1,1,0,0,0,1,2,0,0,0,0,1,0,0,3,0,0,0,0,0,0,0,0,0,0,0,0,0,0,0,0,0,1,0,1,0,0,0,0,0,0,0,0
"CCGGTCTGGGACACCACCTGGCTGGCGCCCTTGTTCCTGGCGTCGTCGGTGGCCACGGGG",0,0,0,0,0,0,2,0,0,0,0,0,0,0,0,0,0,1,0,0,0,0,0,0,0,0,1,0,0,0,0,0,0,0,0,0,0,0,0,0,0,0,0,0,0,0,0,0,0,0,0,0,0,0,0,0,0,0,0,0,0,0,0,0,0,0,0,0,0,0,0,0,0,0,0,0,0
"CCGGTCTGGGACACGTGGATGCTCGGCGGGTTGTTTCTTGCTTCGGGTCTGAGCGGATCG",0,0,0,0,0,0,0,0,0,0,0,0,0,0,0,0,0,0,0,0,0,0,0,2,0,0,0,0,0,0,0,0,0,0,0,0,0,0,0,1,0,0,0,0,0,0,0,0,0,0,2,0,0,0,0,0,0,0,0,0,0,0,0,0,0,0,0,0,0,0,0,0,0,0,0,0,0
"CCGGTCTGGGAGAGCAATCTGCTCGGCGCGCTCTTTCTGCTCTCGAGCGTCTCGACCGGC",0,0,0,0,0,0,0,0,0,0,0,0,0,0,0,0,0,0,0,0,0,0,0,0,0,0,0,0,0,0,1,0,0,0,0,0,0,0,0,0,0,0,0,0,0,0,0,0,0,0,0,0,0,0,0,0,0,0,0,0,0,0,0,0,1,0,0,0,0,0,0,0,0,0,0,0,0
"CCGGTCTGGGATTCCACCTGGCTCGGGGCCGTCTTTCTCTGCTCGAGCCTGTCCACCGCT",0,0,0,0,0,0,0,0,0,0,0,0,0,0,0,0,0,0,0,0,0,0,0,0,0,0,0,0,0,0,0,0,0,0,0,0,0,0,0,0,0,0,0,0,0,0,0,0,0,0,0,0,0,0,0,0,0,0,0,0,0,0,0,0,0,0,0,0,0,0,0,0,0,0,0,0,0
"CCGGTGATGCTGAACAAAGTGGCGCCCGCCCTGTTCAGCCTATCGGGTACGGGCTCGGGA",0,0,0,0,0,0,0,0,0,0,0,0,0,0,0,0,0,0,0,0,0,0,0,0,0,0,0,0,0,0,0,0,0,0,0,0,0,0,0,0,0,0,0,0,0,0,0,0,0,0,0,0,0,0,0,0,0,0,0,0,0,0,0,0,0,0,0,0,0,0,0,0,0,0,0,0,0
"CCGGTGTGGAGCAGCCCCTGGTTGAGTGCGCTGTTTGTCTTCTCCGGCACCTCCACCGGT",0,0,0,0,0,0,0,0,0,0,0,0,0,0,0,0,0,0,0,0,0,0,0,0,0,0,0,0,0,0,0,0,0,0,0,0,0,0,0,0,0,0,0,0,0,0,0,0,0,0,0,0,0,1,0,0,0,0,0,0,0,0,0,0,0,0,0,0,1,0,0,0,0,0,0,0,0
"CCGGTGTGGAGCGACACTGTCCTGTCGGCGCTCTTCCTGGCGTCGTCGGTCTCGACCGGG",0,0,1,0,0,0,0,0,0,0,0,0,0,0,0,0,0,0,0,0,0,0,0,0,0,0,0,0,0,0,0,0,0,0,0,0,0,0,0,0,0,0,0,0,0,0,0,0,0,0,0,0,0,0,0,0,0,0,0,0,0,0,0,0,0,0,0,0,0,0,0,0,0,0,0,0,0
"CCGGTGTGGCAACAGTCGTCGCTGCCGGTGCTGTTTATGGGGTCGTCGATGGCGAGCGCG",0,0,0,0,0,0,0,0,1,0,0,0,0,0,0,0,0,0,0,0,0,0,0,1,0,0,0,0,0,0,0,0,0,0,0,0,0,0,0,0,0,0,0,0,0,0,0,0,0,0,0,0,0,0,0,0,0,1,0,0,1,0,1,1,0,0,0,2,1,1,0,2,1,1,0,1,0
"CCGGTGTGGCAGGCCCGCTGGCTGCCGGTGATGTTTCTGGCGTCGAGCGCGGCATCGGCG",0,0,0,0,0,0,0,0,0,0,0,0,0,0,0,0,0,0,0,0,0,0,0,0,0,0,0,0,0,0,0,0,0,0,0,0,0,0,0,0,0,0,0,0,0,0,0,0,0,0,0,0,0,0,0,0,0,0,0,0,0,0,0,0,0,0,0,2,0,0,0,0,0,0,0,0,0
"CCGGTGTGGGACACCCCGGTGCTTGGTGCGCTGTTTGTCGCTTCGGCCGCTTCAACCGGC",1,0,0,0,0,0,0,2,0,0,0,0,0,0,0,0,0,0,0,0,0,0,0,0,0,0,0,0,0,0,1,0,0,1,0,0,0,0,0,0,0,0,0,0,0,1,0,0,0,0,0,0,0,0,0,0,0,0,0,0,0,0,0,0,0,1,0,0,0,0,0,0,0,0,0,0,0
"CCGGTGTGGGGACGCCGCTTTCTCCCCGCGATCTTCGTTTGCTCGGCTACGTCCACCGCG",0,0,0,0,0,0,0,0,0,0,0,0,0,0,0,0,0,0,0,0,0,0,0,0,0,0,0,0,0,0,0,0,0,0,0,0,0,0,0,0,0,0,0,0,0,0,0,0,0,0,0,0,0,0,0,0,0,0,0,0,0,0,0,0,0,0,0,0,0,0,0,0,0,0,0,0,0
"CCGGTTTGGAGCACGTGGACCCTCGGCGGCCTCTTCCTCGCGTCCGGCCTCGGTGGCGCC",0,0,0,0,0,0,0,0,0,0,0,0,0,0,0,0,0,0,0,0,0,0,0,1,0,0,0,0,0,0,0,0,0,0,0,1,0,0,0,0,0,0,0,0,0,0,0,0,0,0,0,0,2,0,0,0,0,0,0,0,1,0,0,0,0,0,0,2,0,1,0,0,0,0,0,2,0
"CCGTACTGGCACAGCGCGCTGCTGCCCGTGCTGTTCCTCGCTTCCGCGGTCACGGCCGGC",0,0,0,1,0,0,0,0,0,0,0,0,0,0,0,0,0,0,0,0,0,0,0,0,0,0,0,0,0,0,0,0,0,0,0,0,0,0,0,0,0,0,0,0,0,0,0,0,0,0,0,0,0,0,0,0,0,0,0,0,0,0,0,0,0,0,0,0,0,0,0,0,0,0,0,0,0
"CCGTACTGGCACTCGCCGCTCATCCCGCTGCAGTTCCTGTGCTCGTCGTTCCTCACCTCG",0,0,0,0,0,0,0,1,0,0,0,0,0,0,0,0,0,0,0,0,0,0,0,0,0,0,0,0,0,0,0,0,0,0,0,0,0,0,0,0,0,0,0,0,0,0,0,0,0,0,0,0,0,0,0,0,0,0,0,0,0,0,0,0,0,0,0,0,0,0,0,0,0,0,0,0,0
"CCGTGGTGGGGCAGCGTACTGTTGCCGATCGTGTTCCTCATGTCGGCGATCGTCTCGGGC",0,0,1,1,0,0,0,0,1,0,0,1,0,0,2,1,0,0,0,0,0,0,2,0,1,0,0,0,0,0,0,0,0,0,0,0,0,0,0,0,0,1,0,1,0,0,1,1,0,0,1,0,0,0,0,0,0,0,0,0,0,0,0,0,0,0,0,0,1,0,0,0,0,0,0,0,0
"CCGTGGTGGTCGACGCCGCTGCTGCGCGTCGTAGTTTTGATCTCTGCAAGCGTCTCCGGC",0,0,0,0,0,0,0,0,0,0,0,0,0,0,0,0,0,0,0,0,0,0,0,0,1,0,0,0,0,0,0,0,0,0,0,0,0,0,0,0,0,0,0,0,0,0,0,0,0,0,0,0,0,0,0,0,0,0,0,0,0,0,0,0,0,0,0,0,0,0,0,0,0,0,0,0,0
"CCGTGGTGGTCGTCTCCTCTACTGCCTTTTGTCTTCATCTTCTCGGGCTTTGTGTGCGGC",0,0,0,0,0,0,0,0,0,0,0,0,0,0,0,0,0,0,0,0,0,0,0,1,0,0,0,0,0,0,0,0,0,0,0,0,0,0,0,0,0,0,0,0,0,0,0,0,0,0,0,0,0,0,1,0,0,0,0,0,0,0,0,0,0,0,0,0,0,0,1,0,0,0,0,0,0
"CCGTGGTGGTCTTCACCGCTGATGCCGGTCGTGTTTATATTTTTGGCTGTAGTGTCGGGG",0,0,0,0,0,0,0,0,0,0,0,0,0,0,0,0,0,0,0,0,0,0,0,0,0,0,0,0,0,2,0,0,0,0,0,0,0,0,0,0,0,0,0,0,0,0,0,0,0,0,0,0,0,0,0,0,0,0,0,0,0,0,0,0,0,0,0,0,0,0,0,0,0,0,0,0,0
"CCGTGGTTGAATGAGATGCTCCTTCCCGTCGTCTGCCTTTTCGTGGGGTTGGTCCTGGGA",0,0,0,0,0,0,0,0,0,0,0,0,0,0,0,0,0,0,0,0,0,0,0,0,0,0,0,0,0,0,0,0,0,0,0,0,0,0,0,0,0,0,0,0,0,0,0,0,0,0,0,0,0,0,0,0,0,0,0,0,0,0,0,0,0,0,0,0,0,0,0,0,0,0,0,0,0
"CCGTGGTTGTCCACTCCGCTGATGGCCTTAGTGTTCCTGTTCTCTTCTATGTCTTCTGTC",0,0,0,0,0,0,0,0,0,0,0,0,0,0,0,0,0,0,0,0,0,0,0,0,0,0,0,0,0,0,0,0,0,0,0,0,0,0,0,0,0,0,0,0,0,0,0,0,0,0,0,1,0,0,0,0,0,0,0,0,0,0,0,0,0,0,0,0,0,0,0,0,0,0,0,0,0
"CCGTTCCTGCCCGAGCCCTACCTGTCGGTGCTGTTCCTCGTCGCCGGCCTGTCGTCGGTC",0,0,0,0,0,0,0,0,0,0,0,0,0,0,0,0,0,0,0,0,0,0,0,0,0,0,0,0,0,1,0,0,0,0,0,0,0,0,0,0,0,0,0,0,0,0,0,0,0,0,0,0,0,0,0,0,0,0,0,0,0,0,0,0,0,0,0,0,0,0,0,0,0,0,0,0,0
"CCGTTCTGGAATGCGCCGATCCTCGCGCTGGTGTTCAGGCTTTCGGCGCTGTCAACGGGT",0,0,0,0,0,0,0,0,0,0,0,0,0,0,0,0,0,0,0,0,0,0,0,0,0,0,0,0,0,0,0,0,0,0,0,0,0,0,0,0,0,0,0,0,0,0,0,0,0,0,0,0,0,0,0,0,0,0,0,0,0,0,0,0,0,0,0,0,0,0,0,0,0,0,0,0,0
"CCGTTCTGGAATTCCCCGTTGCATCCGGCGCTGTACGTGGGCTACGCGATGCGCGGCGGG",0,0,0,0,0,0,0,0,0,0,0,0,0,0,0,0,0,0,0,0,0,0,0,0,0,0,0,0,0,0,0,0,0,0,0,0,0,0,0,0,0,0,0,0,0,0,0,0,0,0,0,0,0,0,0,0,0,0,0,0,0,0,0,0,0,0,0,0,0,0,0,0,0,0,0,0,0
"CCGTTCTGGAGCGCGCGACTGATGGGGGCGCTGTTCCTCGCCTCCGGCGCGTCCACCGGC",5,0,9,2,5,15,3,7,2,7,2,0,3,6,2,6,5,5,1,5,3,1,6,2,10,4,4,3,3,6,5,3,1,4,7,4,0,2,0,1,3,2,0,3,0,6,2,2,0,1,0,1,1,0,0,1,0,0,1,0,0,0,0,0,0,0,1,2,1,0,0,0,0,0,2,5,2
"CCGTTGTATCAGCAGAAGATCCTGCCGGTATTGTTTCTCGCGTCCGCCAGCGCGAGTGCC",0,0,0,0,0,0,0,0,0,0,0,0,0,0,0,0,0,0,0,0,0,0,0,0,0,0,0,0,0,0,0,0,0,0,0,0,0,0,0,0,0,0,0,0,0,0,0,0,0,0,0,0,0,0,0,0,0,0,0,0,0,0,0,0,0,0,0,0,0,0,0,0,0,0,0,0,0
"CCGTTGTGGAATACCGGCTGGCTGCCCTTGCTCTTCCTGCTGTCGGGTGTGGGGATGGGA",0,0,0,0,0,1,0,0,1,0,0,0,1,0,0,0,0,0,0,0,0,0,2,1,0,0,0,0,0,0,0,0,0,0,0,0,0,0,0,0,0,0,0,0,0,0,0,0,0,0,0,0,0,0,0,0,0,0,0,0,0,0,0,0,0,0,0,0,0,0,0,0,0,0,1,0,0
"CCGTTGTGGGCGGCCAACCGGCTGGGCCCGCTGTTCTTCGCCTCCGCCATGTCGAGTGGG",0,0,2,0,0,0,0,0,0,0,0,0,0,0,0,0,0,0,0,0,0,0,0,0,0,0,0,0,0,0,0,0,0,0,0,0,0,0,0,0,0,0,0,1,0,0,0,0,0,0,0,0,0,0,0,0,0,0,0,0,1,0,0,0,0,0,0,0,0,0,0,0,0,0,0,0,0
"CCGTTGTGGTACTCGCCCCTGCTGCCAGTCCTGTTTTTCATCTCGGCCATTGCGGTGGGC",0,0,0,0,0,0,0,0,0,0,0,0,0,0,0,0,0,0,0,0,0,0,0,0,0,0,0,1,0,0,0,0,0,2,0,0,0,0,0,0,0,0,0,0,0,0,0,0,1,0,1,0,0,0,0,0,0,0,0,0,0,0,0,0,0,0,0,0,0,0,0,0,0,0,0,0,0
"CCGTTTTGGAACTCGACGTTTTTTCCGATCATCTTCTTCGCCTATTCATTGCTTGCTGGC",0,0,0,0,0,0,0,0,1,0,0,0,0,0,0,0,0,0,0,1,0,0,0,0,0,0,0,0,1,0,0,0,0,0,0,0,0,0,0,0,1,0,0,0,3,0,0,0,0,0,0,1,0,0,0,0,0,0,0,0,0,0,4,0,0,0,0,0,0,0,0,0,0,0,0,0,0
"CCTATTTGGGATACCACATTCCTCGGCGTGACCTTCCTCGTCTCCGGGGCCTCCACGTCA",1,0,0,0,0,0,0,0,0,0,0,0,0,0,0,0,0,1,0,0,0,0,0,0,0,0,0,1,0,0,0,0,0,0,0,0,0,0,0,0,0,0,0,0,0,0,0,0,0,0,0,0,0,0,0,0,0,0,0,0,0,0,0,0,0,0,0,0,0,0,0,0,0,0,0,0,0
"CCTATTTGGGATTCCCCGCTTTTGGGGATGCTGTTTGTCATCTCGGCAGCGTCGATTTCC",0,0,0,0,0,0,2,0,0,0,0,1,0,0,0,2,0,0,0,0,0,0,0,0,0,0,0,0,0,0,0,0,0,0,0,0,0,0,0,0,0,0,0,0,0,0,0,0,0,0,0,0,0,0,0,0,0,0,0,0,0,0,0,0,0,0,0,0,0,0,0,0,0,0,0,0,0
"CCTCAATGGTGGTCACCGGTCATGCCGGTCTTATTCCTGCTATCGGCGATCGCCGCGGGG",0,0,0,0,0,0,0,0,0,0,0,0,0,0,0,0,1,0,0,0,0,0,0,0,0,1,0,0,0,1,0,0,0,0,0,0,0,0,0,0,0,0,0,0,0,2,0,0,0,0,0,0,0,0,0,0,0,0,0,0,0,0,0,0,0,0,0,0,0,0,0,0,0,0,0,0,5
"CCTGTATGGCAGGAAGCGTGGATGCCCGTGCTGTTCATGGCTTCGGGGGTGTCTGCAGCA",0,0,0,0,0,0,0,0,0,0,0,0,0,0,0,0,0,0,0,0,0,0,0,0,0,0,0,0,0,0,0,0,0,0,0,0,0,0,0,0,2,0,0,0,0,0,0,0,0,0,0,0,0,0,0,0,0,0,0,0,0,0,0,0,0,0,0,0,0,0,0,0,0,0,0,0,0
"CCTGTCTGGGCACGCACCATTCTAGGGCCGCTTTTCTTCACCTCTGGCCTTTCTACTGCG",0,0,0,0,0,0,0,0,0,0,0,0,0,0,0,0,0,0,0,0,0,0,0,0,0,0,0,0,0,0,0,0,0,0,0,0,0,0,0,0,0,0,0,0,0,0,0,0,0,0,0,0,0,0,0,0,0,0,0,0,0,0,0,2,0,0,0,0,0,0,0,0,0,0,0,0,0
"CCTGTGTGGAACCAAAGCTTGCTGGGCGGCCTGTTCATGTCGAGCGCGTTCGGCACGGGC",0,0,0,0,0,0,0,0,0,0,0,0,0,0,0,0,0,0,0,0,0,0,0,0,0,0,0,0,0,0,0,0,0,0,0,0,0,0,0,0,0,0,0,0,0,0,0,0,0,0,0,1,0,0,0,0,0,0,0,0,0,0,0,0,0,0,0,0,0,0,0,0,0,0,0,0,0
"CCTGTGTGGAACGAGAATGTACTGCCTATCCATTTTGCAGCCTCCGGAATGGGGGCCGCC",0,0,0,0,0,0,0,0,0,0,0,0,0,0,0,0,0,0,0,0,0,0,0,0,0,0,0,0,0,0,0,0,0,0,0,0,0,0,0,0,0,0,0,0,0,0,0,0,0,0,0,0,0,0,0,0,0,0,0,0,0,0,0,0,0,0,0,0,0,0,0,0,0,0,0,0,0
"CCTGTGTGGCAACAGTCCGTGATGCCGATTTTGTTCGCCGCTTCTGGAATGGCTGCTTCC",0,0,0,0,0,0,0,0,0,0,0,0,0,0,0,0,0,0,0,0,0,0,0,0,0,0,0,0,0,0,0,0,0,0,0,0,0,0,0,0,0,0,0,0,0,0,0,0,0,0,0,0,0,0,0,0,0,0,0,0,0,0,0,0,0,0,0,0,0,0,0,0,0,0,0,0,0
"CCTTGGGGGTCTTCGCCTCTCATGCCCATCGTCTTCAGCGTCTCTGCCAAGGTCTCGGGC",0,0,0,0,0,0,0,0,0,0,0,0,0,0,0,0,0,0,1,0,0,0,0,0,0,0,0,0,0,0,0,0,0,0,0,0,0,0,1,0,1,1,0,0,0,0,0,2,0,0,0,0,1,0,0,0,0,1,0,0,0,0,0,0,0,0,0,0,0,0,0,0,0,0,0,0,0
"CCTTTCTGGAACACCAACCTCGTAGCGCAGTTGTTCCTGTTTTCCGCGTTCTCGACCGGG",0,0,0,0,0,0,0,0,4,2,3,0,0,0,0,0,0,0,1,0,0,0,0,1,0,0,0,2,1,2,0,0,1,0,0,0,2,0,2,2,0,2,3,1,1,0,1,1,1,3,1,2,1,1,0,1,2,1,1,0,0,3,2,0,0,0,0,0,1,0,1,0,0,2,0,0,0
"CCTTTCTGGGCGCACCGTGTGCTGCCGCCGCTGTTCGGGGCGTCGGCCATGTCGACCGGC",0,8,0,0,0,0,0,0,0,0,0,0,0,0,0,0,0,0,1,0,0,0,0,0,0,0,0,1,0,0,0,0,0,0,0,0,0,0,1,0,0,0,0,1,2,0,0,0,1,0,0,0,0,0,1,0,1,0,0,0,0,0,0,0,1,0,0,0,0,0,0,0,0,0,0,0,0
"CCTTTCTGGTACAGCCCACTGCTGCCGGTGTTTTTCTTCCTGTCGGCAATCTCGGTCGGG",0,0,0,0,0,0,0,0,0,0,1,0,0,0,0,0,0,0,0,0,1,0,0,1,0,0,0,0,0,0,0,0,0,0,0,1,0,0,1,1,0,0,0,0,0,0,0,0,0,0,0,0,1,0,0,1,0,0,0,1,0,0,1,1,0,0,0,1,1,1,0,0,1,0,1,0,0
"CCTTTGTGGTCGCGCCGCCTCCTCGGACCGGCCTTCCTCGCCTCCGCGATGTCCTCGGGT",0,1,0,0,0,0,0,0,0,0,0,0,0,0,0,0,0,0,0,0,0,0,0,0,0,0,0,0,0,0,0,0,0,0,0,0,0,0,0,0,0,0,0,0,0,0,0,0,0,0,0,0,0,0,0,0,0,0,0,0,0,0,0,0,0,0,0,0,0,0,0,0,0,0,0,0,0
"CGAATGTGGAAGGACCCGTACCTCGCGATCTTCTTCCTCTACATGGGCGTGCAGGCGGGG",0,0,0,0,0,0,0,0,0,0,0,0,0,0,0,0,0,0,0,0,0,0,0,0,0,0,0,0,0,0,0,0,0,0,0,0,0,0,0,0,0,0,0,0,0,0,0,0,0,0,0,0,0,0,0,0,0,0,0,0,0,0,0,0,0,0,0,0,0,0,0,0,0,0,0,0,0
"CGCTGGTACGCGACGCCGCTGTTCGGGGCGGTTTTTCTGGCGACCGGGTTGACCTCCGCG",0,0,0,0,0,0,0,0,0,0,0,0,0,0,0,0,0,0,0,0,0,0,0,0,0,0,0,0,0,0,0,0,0,0,0,0,0,0,0,0,0,0,0,0,0,0,0,0,0,0,0,0,0,0,0,0,0,0,0,0,0,0,0,0,0,0,0,0,0,0,0,0,0,0,0,0,0
"CTCTGGGCACGCAATCCCTGGATCGGCCCGCTCTTCGGCGTGAGCGCGATGTCGACTGGC",0,0,0,0,0,0,0,0,0,3,0,0,0,0,0,0,0,0,0,0,0,0,0,0,0,0,0,0,2,0,0,0,0,0,0,0,0,0,0,0,0,0,0,1,1,0,0,0,0,0,0,0,1,0,0,0,0,0,0,0,0,0,0,0,0,0,0,0,0,0,0,0,0,0,0,0,0
"CTCTGGTGCAAAAATCCCTGGCTGGGCGCCCTCTTCAGCAGCAGCGCGATCAGCTCGGGT",0,1,0,0,0,0,0,0,0,0,0,0,0,0,0,0,0,0,0,0,0,0,0,0,0,0,0,0,1,0,0,0,0,0,0,1,0,0,0,0,0,0,0,0,0,0,0,0,0,0,0,0,0,1,0,0,0,0,1,0,0,0,0,0,0,0,0,2,0,1,0,0,0,0,0,0,0
"CTGTGGATCGAGGGACACGCGCTCGGCGCGCTGTTTCTCGCCGTCGGCGCCTCCACCGGT",0,0,0,0,0,0,1,0,0,0,0,0,0,0,0,0,0,0,0,0,0,0,0,0,0,0,0,0,0,0,0,0,0,0,0,0,0,0,0,0,0,0,0,0,0,0,0,0,0,0,0,0,0,0,0,0,0,0,0,0,0,0,0,0,0,0,0,0,0,0,0,0,0,0,0,0,0
"CTGTGGGTCAGGAACCCGTGGCTGGCGCCGCTGTTCAGCGCCGGCGCGATCAGCACCGGC",0,1,0,0,0,0,0,1,0,0,1,0,0,0,0,0,0,0,0,0,0,0,0,0,0,1,0,2,1,0,0,1,0,1,0,0,2,1,0,4,1,0,1,0,1,0,1,0,0,1,2,1,0,1,1,1,0,1,0,0,0,1,2,0,1,1,1,0,1,0,1,2,0,0,0,0,0
"GAATGGTGGTCGTCCGATCTCATGCCCGCGGTCTTTCTGTTTTCCGCGATCATTTCCGGC",0,0,2,2,0,1,1,3,1,0,0,2,2,1,5,1,0,1,1,1,0,2,0,4,1,0,1,1,0,2,2,0,2,1,0,0,3,3,4,1,3,3,2,2,1,0,4,1,1,1,1,2,0,0,1,1,0,0,0,0,0,0,1,1,1,0,2,2,0,1,2,0,1,2,1,0,0
"GACATGTGGCAAAACCCGCTGTTGCCTCCGCATCTGCTGGTGCAAGCCCTACTGGTCGGG",2,0,0,1,1,5,2,3,0,4,0,3,2,2,2,2,0,1,5,1,0,0,0,0,0,2,1,0,0,0,0,2,0,0,0,0,0,0,0,0,0,0,0,0,0,1,0,0,0,0,0,0,0,0,0,0,0,0,0,0,0,0,0,0,0,0,0,1,0,0,0,0,0,0,0,0,7
"GACATGTGGCAGAACCCGTTGCTGCCGCATCTGTTTTTCCAGTCGGCACTCCTGGGCTCG",3,0,0,0,0,0,0,0,0,0,0,0,0,0,0,0,0,0,0,0,0,0,0,0,0,0,0,0,0,0,0,0,0,0,0,0,0,0,0,0,0,0,0,0,0,0,0,0,0,0,0,0,0,0,0,0,0,0,0,0,0,0,0,0,0,0,0,0,0,0,0,0,0,0,0,0,0
"GACCTCTGGCAAAATCCACTCTTACCTGTACATTTTCTCATTCAAGCAATTCTTGCCGGC",0,0,0,0,0,0,0,0,0,0,0,0,0,0,0,0,0,0,0,1,0,0,0,0,0,0,0,0,0,0,0,0,0,0,0,0,0,0,0,0,0,0,0,0,0,0,0,0,0,0,0,0,0,0,0,0,0,0,0,0,0,0,0,0,0,0,0,0,0,0,0,0,0,0,0,0,1
"GACCTCTGGCAAAGCCCGTTGTTGCCCTTCCACCTGGCGGTGCAGGCGCTGATGAGCGGC",0,0,0,0,0,0,0,0,0,0,0,0,0,0,0,0,0,0,0,0,0,0,0,0,0,0,0,0,0,0,0,0,0,0,0,0,0,0,0,0,0,0,0,0,0,0,0,0,0,0,0,0,0,0,0,0,0,0,0,0,0,0,0,0,0,0,0,0,0,1,0,0,0,0,0,0,0
"GACCTCTGGCAATCGCCGATACTACCGATCCACCTCGTCGCCCAGAGCGTTATGGCAGGG",0,0,0,0,0,0,0,0,0,0,0,0,0,0,0,0,0,0,0,0,0,0,0,0,0,0,0,0,0,0,0,0,0,0,0,0,0,0,0,0,0,0,0,0,0,0,0,0,0,0,0,0,0,0,0,0,0,0,0,0,0,0,0,0,0,0,0,0,0,0,0,0,0,0,0,0,0
"GACCTCTGGCAGAACCCGCTCCTGCCGCCTCACCTCGTAGTTCAGTCGGTCTGCGCCGGC",0,0,1,2,1,0,0,0,1,0,0,1,0,1,1,1,0,1,0,0,0,1,1,1,0,0,1,0,0,1,2,0,0,0,1,0,0,1,0,0,0,0,0,0,0,0,0,0,0,1,0,0,0,0,0,0,0,0,0,2,2,0,0,0,0,2,0,1,0,0,0,0,0,0,1,1,5
"GACCTCTGGCAGAATCCGCTTTTGCCCGCCCTGTATGCCGCTGAAGCCGTAGCGGCCGGC",0,0,0,0,0,0,0,0,0,0,0,0,0,0,0,0,0,0,0,0,0,0,0,0,0,0,0,0,0,0,0,0,0,0,0,0,0,0,0,0,0,0,0,0,0,0,0,0,0,0,0,0,0,0,0,0,0,0,0,0,0,0,0,0,0,0,0,0,0,0,0,0,0,0,0,0,0
"GACCTCTGGCAGGGCGCGCTCCTTCCGTGGCACCTGCTCGTGCAGGCCGTCATGGCGGGT",0,0,0,0,0,0,0,0,0,0,0,0,0,0,0,0,0,0,0,0,0,0,0,0,0,0,0,0,0,0,0,0,0,0,0,0,0,0,0,0,0,0,0,0,0,0,0,0,0,0,0,0,0,0,0,0,0,0,0,0,0,0,0,0,0,0,0,0,0,0,0,0,0,0,0,0,0
"GACCTGTGGCAAAGTCCGTTGCTTCCAGCGCACCTCTTGGTTCAAGCGTGTCTTGCCGGA",0,0,0,0,0,0,0,0,0,0,0,0,0,0,0,0,1,0,0,0,0,0,0,0,0,0,0,0,0,0,0,0,0,0,0,0,0,0,0,0,0,0,0,0,0,0,0,0,0,0,0,0,0,0,0,0,0,0,0,0,0,0,0,0,0,0,0,0,0,0,0,0,0,0,0,0,0
"GACCTGTGGCAATCGTCAATCCTGCCGCTGCATCTGTTTGTTCAAGCAGTTCAGGCTGGG",0,0,0,0,0,0,0,0,0,0,0,0,0,0,0,0,0,0,0,0,0,0,0,0,0,0,0,0,0,0,0,0,0,0,0,0,0,0,0,0,0,0,0,0,0,1,0,0,0,0,0,0,0,0,0,0,0,0,0,0,0,0,0,0,0,0,0,0,0,0,0,0,0,0,0,0,0
"GACCTGTGGCAGAGCCCGTACCTCCCCGTGCATCTGATAGTCCAGGCGCTGGTGGCGGGG",0,0,0,0,0,0,0,0,0,0,0,0,0,0,0,0,0,0,0,0,0,0,0,0,0,0,0,0,0,0,0,0,0,0,0,0,0,0,0,0,0,0,0,0,0,0,0,0,0,0,0,0,0,0,0,0,0,0,0,0,0,0,0,0,0,0,0,0,0,0,0,0,0,0,0,0,0
"GACCTGTGGCAGGGCCCCATCGCCACCATCGACTTGCTCGCGCAGGCCATCGCCGAGGGC",0,0,0,0,0,1,0,0,0,0,0,0,0,0,0,0,0,0,1,0,2,0,0,0,0,0,0,0,0,0,0,0,0,0,0,0,0,0,0,0,0,0,0,0,0,0,0,0,0,0,0,0,0,0,0,0,0,0,0,0,0,0,0,0,0,0,0,0,0,0,0,0,0,0,0,0,0
"GACTTCTGGCAATCCCCAATGCTCGGCGTCCACATGCTCGTCCATTCCATAATGGCCGGC",0,0,0,0,0,1,0,0,0,0,0,0,0,0,2,1,0,0,0,0,0,0,0,0,0,0,3,0,0,0,0,0,0,0,0,0,0,0,1,0,0,0,0,0,0,0,0,0,0,0,0,0,0,0,0,0,0,0,0,0,0,0,0,0,0,0,0,0,0,0,0,0,0,0,0,0,0
"GACTTCTGGCAGACGCCGTTGCTGCCGATTCATCTCGTCATCCAGGCCATTGCCTCGGGG",0,0,0,0,0,0,0,0,0,0,0,0,0,0,0,0,0,0,0,0,0,0,0,0,0,0,0,0,0,0,0,0,0,0,0,0,0,0,0,0,0,0,0,0,0,0,0,0,0,0,0,0,0,0,0,0,0,1,0,0,0,0,0,0,0,0,0,0,0,0,0,0,0,0,0,0,0
"GACTTTTGGCAATCGCCCGTACTCGGGCTTCATATGCTAGTTCACAGTGTCGTCGCCGGA",0,0,0,0,0,0,0,0,0,0,0,0,0,0,0,1,0,0,0,0,0,0,0,0,0,0,0,0,0,0,0,0,0,0,0,0,0,0,0,0,0,0,0,0,0,0,0,0,0,0,0,0,0,0,0,0,0,0,0,0,0,0,0,0,0,0,0,0,0,0,0,0,0,0,0,0,1
"GACTTTTGGCAGACGCCACTGCTCCCCATTCACCTGTTTGTTCAGGCAGTGTCAGCCGGA",0,0,0,0,0,0,0,0,0,0,0,0,0,0,0,0,0,0,0,0,0,0,0,0,0,0,0,0,0,0,0,0,0,0,0,0,0,0,0,0,0,0,0,0,0,0,0,0,0,0,0,0,0,0,0,0,0,0,0,0,0,0,0,0,0,0,0,0,0,0,0,0,0,0,0,0,0
"GATATGTGGCAGAACCCATTACTGCCACCTCATTTGCTAACTCAGTCGCTGCTGTTAGGC",0,0,0,0,0,0,0,0,0,0,0,0,0,0,0,0,0,0,0,0,0,0,2,0,1,0,0,0,0,0,0,0,0,0,0,0,0,0,0,0,0,0,0,0,0,0,0,0,0,0,0,0,0,0,0,0,0,0,0,0,0,0,0,0,0,0,0,0,0,0,0,0,0,0,0,0,0
"GATATGTGGCAGAACCCTTTGCTGCCACCCCACCTCTTGGTCCAGGCAATGCTTCTGGGT",1,0,1,2,0,0,0,0,0,0,0,0,0,0,1,0,0,0,1,0,0,0,0,0,0,0,0,0,0,0,0,1,0,0,0,0,0,0,0,0,0,0,0,0,0,1,0,0,0,0,0,0,0,0,0,0,0,0,0,0,0,0,0,0,0,0,0,0,0,0,0,0,0,0,0,0,0
"GATCTCTGGCAAAGCTCGCTGCTTCCGGTGGCGCATCTCGTCGCATCGGTACTGGCGGGT",2,0,0,0,0,0,0,0,0,0,0,0,0,0,0,0,0,0,0,1,0,0,0,0,0,0,0,0,0,0,0,0,0,0,0,0,0,0,0,0,0,0,0,0,0,0,0,0,0,0,0,0,0,0,0,0,0,0,0,0,0,0,0,0,0,0,0,0,0,0,0,0,0,0,0,0,0
"GATCTCTGGCAGGGGCCGCTGCTGCCTGTCTCGCTCCTGGCACAATCGGTGATCGCAGGC",0,0,0,0,0,0,0,0,0,0,0,0,0,0,0,0,0,0,0,0,0,0,0,0,0,0,0,0,0,0,0,0,0,0,0,0,0,0,0,0,0,0,0,0,0,0,0,0,0,0,0,0,0,0,0,0,0,0,0,0,0,0,0,0,0,0,0,0,0,0,0,0,0,0,0,0,0
"GATCTCTGGGGAAACCCGCTGCTTCCGCCGCACTTCTTCGTTGAGGCAATGCTGGCGGGG",0,1,0,0,0,0,0,0,0,0,0,0,1,0,0,0,0,3,0,0,0,0,0,0,0,0,0,0,0,0,0,0,0,0,0,0,0,0,0,0,0,1,0,0,0,0,0,0,0,0,0,0,0,0,0,0,0,0,1,0,0,0,0,0,0,0,1,0,0,1,0,0,1,0,0,0,0
"GATCTTTGGCAAAACCCAGTACTGCCGCTTCACATGCTCGTTCAAGCGATCGTACTCGGC",0,0,0,0,0,0,0,0,0,0,0,0,0,0,0,0,0,0,0,0,0,0,0,0,0,0,0,0,0,0,0,0,0,0,0,0,0,0,0,0,0,0,0,0,0,0,0,0,0,0,1,0,0,0,0,0,0,0,0,0,0,0,0,0,0,0,0,0,0,0,0,0,0,0,0,0,0
"GATCTTTGGCAGAATCCACTCCTGAGCGTGCACCTGTTGGCACACGCTCTCATGGCGGGC",0,0,0,0,0,0,0,0,0,0,0,0,0,0,0,0,1,1,0,0,0,0,0,0,0,0,0,0,0,0,0,0,0,0,0,0,0,0,0,0,0,0,0,0,0,1,0,0,0,0,0,0,0,0,0,0,0,0,0,0,0,0,0,0,0,0,0,0,0,0,0,0,0,0,0,0,0
"GATTTCTGGCAGAATCCGCTGTTGTGCATTCACTTGCTCGCGCATGCACTGGTGGCCGGT",0,0,0,0,0,0,0,0,0,0,0,0,0,0,1,0,0,1,0,0,0,0,0,0,0,0,0,0,0,0,0,0,0,0,0,0,0,0,0,0,0,0,0,0,0,0,0,0,0,0,0,0,0,0,0,0,0,0,0,0,0,0,0,0,0,0,0,0,0,0,0,0,0,0,0,0,1
"GATTTGTGGCAGAGCCCATTGCTCCCGCCGCAGCATCTCGTGGCAACGGTTGCCGCCGGC",0,0,0,0,0,0,0,0,0,0,0,0,0,0,0,0,0,0,0,0,0,0,0,0,0,0,0,0,0,0,0,0,0,0,0,0,0,0,0,0,0,0,0,0,0,0,0,0,0,0,0,0,0,0,0,0,0,0,0,0,0,0,0,0,0,0,0,0,0,0,0,0,0,0,0,0,0
"GATTTTTGGCAGAGTCCGATGCTCGGTCTGCATATGATCATTCATTCCGTGACCGCCGGC",0,0,0,0,0,0,0,1,0,0,0,0,0,0,0,0,0,0,0,0,0,0,0,0,0,0,0,0,0,0,0,0,0,0,0,0,0,0,0,0,0,0,1,0,0,0,0,1,0,0,0,1,0,0,0,0,1,0,0,0,0,0,0,0,0,0,0,0,0,0,0,0,0,0,0,0,0
"GCCCTGTGGATGACTCCGCTGATGCCAGTCATATTTATCTGCTCAGCGGTGGTTTCAGGG",0,0,0,0,1,0,0,0,0,0,0,0,0,0,0,0,0,0,0,0,0,0,0,0,0,0,0,0,0,0,0,0,0,0,0,1,0,2,0,0,0,0,0,0,0,0,2,0,0,0,0,0,0,0,0,0,0,1,0,0,0,0,0,0,0,0,0,1,0,0,0,0,0,0,0,0,0
"GCCGTGTGGGGCTCACTCTTCCTCGCGCCGCTGTTTCTCGTTTCCGGCCTCTCTGCCGGC",0,0,0,0,1,0,1,4,0,1,0,0,0,0,0,0,0,0,0,0,2,2,2,1,0,1,0,1,4,0,0,1,0,2,0,0,0,0,0,0,2,1,0,0,0,0,0,0,0,0,0,1,0,0,1,0,0,0,0,0,0,0,0,0,0,0,0,1,0,0,0,0,0,0,0,0,2
"GCCTGGTATACCAGTCCGCTCCTGGGTGCACTATTTATGTCAAGCTCTATCAGCACCGGG",0,0,0,0,0,0,0,0,0,0,0,0,0,0,0,0,0,0,0,0,0,0,0,0,0,0,0,0,0,0,0,0,0,0,0,0,0,0,0,0,0,0,0,0,0,0,0,0,0,0,0,0,0,0,0,0,0,0,0,0,0,0,0,0,0,0,0,0,0,0,0,0,0,0,0,0,0
"GCCTGGTCGCAGAGCCCGTTCCTCGGCCCGCTCTTTACGGCGAGCGCAATGTCGGCCGGC",0,0,0,0,0,0,0,0,0,0,0,0,0,0,0,0,0,0,0,0,0,0,0,0,0,2,0,0,0,0,0,0,0,0,0,0,0,0,0,0,0,0,0,0,0,0,0,0,0,0,0,0,0,0,0,0,0,0,0,0,0,0,0,0,0,0,0,0,0,0,0,0,0,0,0,0,0
"GCGCTCTGGAGCTCGGCGCTGCTTGGCCCGCTCTTTCTGGTGTCGGGCCTGTCCGCGGGC",0,0,0,0,0,0,0,0,0,1,0,0,2,0,0,3,3,0,1,0,0,0,0,0,0,0,0,0,1,1,0,1,1,0,0,1,0,0,0,0,0,0,0,0,0,2,1,0,0,0,0,2,0,0,0,0,0,0,2,0,0,0,1,0,0,0,0,0,0,0,0,0,0,0,0,0,0
"GCGTGGTACAAGTCACCCCTGCTGGGTGCTCTCTTTATGTCAAGTGCGTTCACCGGCGGG",0,0,0,0,0,0,0,0,0,0,0,1,0,0,0,0,1,1,0,0,0,0,0,0,0,0,0,0,0,0,0,0,0,0,2,0,0,0,0,0,0,0,0,0,0,0,0,0,0,0,0,0,0,0,0,0,0,0,0,0,0,0,0,0,0,0,0,0,0,0,0,0,0,0,0,0,0
"GCGTGGTCAACGAACCCCCTGCTTGGGGCACTGTTCCTCGCGTCAGCCGCCTCTACCGGA",0,0,0,1,0,0,0,0,0,0,0,0,0,0,0,0,0,0,0,0,0,0,0,0,0,0,0,0,0,0,0,0,0,0,0,0,0,0,0,0,0,0,0,0,0,0,0,0,0,0,0,0,0,0,0,0,0,0,0,0,0,0,0,0,0,0,0,0,0,0,0,0,0,0,0,0,0
"GCGTGGTCCACCAGTCCCTTGTTGGGAGCCCTCTTCATGGCCAGTTCGCTTTCCACCGGC",0,4,0,0,0,0,0,0,0,0,0,0,0,0,0,0,0,0,0,0,0,0,0,0,0,0,0,0,0,0,0,0,0,0,0,0,0,0,0,0,0,0,0,0,0,0,0,0,0,0,0,0,0,0,0,0,0,0,0,0,2,0,0,0,0,0,0,0,0,0,0,0,0,0,0,0,0
"GGCCTGTGGTATACCCCGTTGTTAGGGGTGGTCTTCGCGGTGGCAGCGCCGACGAGCGGC",0,0,0,0,0,0,0,0,0,0,0,0,0,0,0,0,0,0,0,0,0,0,0,0,0,0,0,0,0,0,0,0,0,0,0,0,0,0,0,0,0,0,0,0,0,0,0,0,0,0,0,0,0,0,0,0,0,0,0,0,0,0,0,0,0,0,0,0,0,0,0,0,0,0,0,0,0
"GTCTGGACCGGCAACAAGTGGCTGGCTCCGTTGTTTTCGGCCAGCGCCATGGGCAACGGC",0,0,0,0,0,0,0,0,0,0,0,0,0,0,0,0,0,0,0,0,0,0,0,0,0,0,0,0,0,0,0,0,0,0,0,0,0,0,0,0,0,0,0,0,0,0,0,0,0,0,0,0,0,0,0,0,0,0,0,1,0,0,0,0,0,0,0,0,0,0,0,0,0,0,0,0,0
"GTCTGGACGCACAGCCCGGTGCTTGGTGGCCTGTTTGGAGTGAGCGCGCTGTCCAGTGGA",0,0,0,0,0,0,0,0,0,0,0,0,0,0,0,0,0,0,0,0,0,0,0,0,0,0,0,0,0,0,0,0,0,0,0,0,0,0,0,0,0,0,0,0,0,0,0,0,0,0,0,0,0,0,0,0,0,0,0,0,0,0,0,0,0,0,0,0,0,0,0,0,0,0,0,0,0
"GTCTGGAGCAAAAATTCCTGGCTCGCCCCGCTCTTTGCCGCAAGCGCCCTAGGCAATGGC",0,0,0,0,0,0,0,0,0,0,0,0,0,0,0,0,0,0,0,0,0,0,0,0,0,0,0,0,0,0,0,0,0,0,0,0,0,0,0,0,0,0,0,0,0,0,0,0,0,0,0,0,0,0,0,0,0,0,0,0,0,0,0,0,0,0,0,0,0,0,0,0,0,0,0,1,0
"GTCTGGAGCAACAGTCCGTGGCTGGCGACGTTGTTTTTGGCTTCGGCCGCGGCAACGGGA",0,0,0,0,0,0,0,0,0,0,2,0,0,0,0,0,0,0,0,0,0,0,0,0,0,0,0,0,0,0,0,0,0,0,0,0,0,0,0,0,0,0,0,0,0,0,0,0,0,0,0,0,0,0,0,0,0,0,0,0,0,0,0,0,0,0,0,0,0,0,0,0,0,0,0,0,0
"GTCTGGGCCCGGAACCCGTGGCTCGGGCCCCTCTTCAGCGCGAGCGCGTTTGGCGGGGCG",0,0,0,0,0,0,0,0,0,0,0,0,0,0,0,0,0,0,0,0,0,0,0,0,0,0,0,0,0,0,0,0,0,0,0,0,0,0,0,0,0,0,0,0,0,0,0,0,0,0,0,0,0,0,0,0,0,0,0,0,0,0,0,0,0,0,0,0,0,0,0,0,0,0,0,0,0
"GTCTGGGCCGACTCCTCCTGGCTCGGCCTCTTGTTCATCATCTCCGGTGGCTCGACGGCT",0,0,0,0,1,0,0,0,0,0,0,0,0,0,0,0,0,0,0,0,0,0,0,0,0,0,0,0,0,0,0,0,0,0,0,0,0,0,0,0,0,0,0,1,0,0,0,0,0,0,0,0,0,0,0,0,0,0,0,0,0,0,0,0,0,0,0,0,0,0,0,0,0,0,2,0,0
"GTCTGGGCTCAGACGACCTGGCTCTCGCCGCTGTTCCTGGCCTCCTCGGCCTCGACGGGA",0,0,0,0,0,0,0,0,0,0,0,0,4,0,1,0,0,0,1,0,0,0,0,1,1,0,0,0,0,0,0,0,1,0,0,1,1,0,2,0,0,0,3,1,0,3,1,1,1,2,0,0,2,2,2,0,0,0,0,0,4,0,0,1,1,2,3,0,0,0,0,0,0,3,0,1,0
"GTCTGGTCGCGGAACCGCTACCTCGGCGCCCTGTTTTCCGCGAGCGCCGTCAGTACCGGC",0,0,0,0,0,0,0,0,0,0,0,0,0,0,0,0,0,0,0,0,0,0,0,0,0,0,0,0,0,0,0,0,0,0,0,0,0,1,0,0,0,0,0,0,0,0,0,0,2,0,0,0,1,3,0,1,0,0,1,0,1,0,0,0,2,0,0,0,0,0,0,0,0,0,0,0,0
"GTCTGGTGCCGCAATCGCTGGCTCAGTCCACTCTTCATGTCGGGCGCGATGAGCACGGGC",0,0,0,0,0,0,0,0,0,0,0,0,0,0,0,0,0,0,0,0,0,0,0,0,0,0,0,0,0,0,0,0,0,0,0,0,0,0,0,0,0,0,0,0,0,0,0,0,0,0,0,0,0,0,0,0,0,0,0,0,0,0,0,0,0,0,0,0,0,0,0,0,0,0,0,0,0
"GTGTGGACGAACACCACCTCTATCGGTGCGCTCTTCCTCGCCTCGTCGGCCTCGACGGTC",0,0,0,0,0,0,0,0,0,0,0,0,0,0,0,0,0,0,0,0,0,0,0,0,0,0,0,0,0,0,0,0,0,0,0,0,0,0,0,0,0,0,0,0,0,0,0,0,0,0,0,0,0,0,0,0,0,0,0,0,0,0,0,0,0,0,1,0,0,0,0,0,0,0,0,0,0
"GTGTGGAGCGACACCTGGACCCTCGGTGGCCTCTTCCTCGCCTCGGGGATGAGCGCCGGG",0,0,0,0,0,0,0,0,0,0,0,0,0,0,0,0,0,0,0,0,0,0,0,0,0,0,0,0,0,0,0,0,0,0,0,0,0,0,0,0,0,0,0,0,0,0,0,0,0,0,0,0,0,0,0,0,0,0,0,0,0,0,0,0,0,0,0,0,0,0,0,0,0,0,0,0,0
"GTGTGGAGCGTCACCACCTGGTTGTCGGCGCTGTTCCTGGCGTCGTCGCTGTGGACCGGA",0,0,0,0,0,0,0,0,0,0,0,0,0,0,0,0,0,0,0,1,0,0,0,0,0,0,0,0,0,0,0,0,0,0,0,0,1,0,0,0,0,0,0,0,0,0,0,0,0,0,0,0,0,0,0,0,0,0,0,0,0,0,0,0,0,0,0,0,0,0,0,0,0,0,0,0,0
"GTGTGGGCGGATACCACTTTCCTTGGTTTGACCTTTCTTGTGTCTTCGGTTTCGGCTTCG",0,0,0,0,0,0,0,0,0,0,0,0,0,0,0,0,0,0,0,0,0,0,0,0,0,0,0,0,0,0,0,0,0,0,1,0,0,0,0,0,0,0,0,0,0,0,0,0,0,0,0,0,0,0,0,0,0,0,0,0,0,0,0,0,0,0,0,0,0,0,0,0,0,0,0,0,0
"GTGTGGGGCAACAGTCCGTGGATCAGCGCCCTCTTCCTGTTCTCGGGCGTCTCCACTGGC",0,0,0,0,1,0,0,0,1,0,4,0,0,1,0,0,0,0,0,0,0,0,0,0,1,0,0,0,0,0,0,1,3,1,0,0,0,0,1,0,0,0,0,0,1,0,0,0,0,3,0,0,0,0,2,2,0,0,0,0,1,1,1,0,0,0,0,0,0,2,0,0,0,0,0,1,0
"GTGTGGGGCGACAACACCATCCTGGGCGCCCTCTTCGCGGTCTCGGGAATCTCGACCGGG",0,0,0,0,0,0,0,0,0,0,0,0,0,0,0,0,0,1,0,0,0,0,0,0,0,0,0,0,0,0,0,0,0,0,0,0,0,0,0,0,0,0,0,0,0,0,0,0,0,0,0,0,0,0,0,0,0,0,0,0,0,0,0,0,0,0,0,0,0,0,0,0,0,0,0,0,0
"GTGTGGTGCAAGAACGCCTGGCTCCCGGCCCTGTTCACCGCGAGCGCCGTGAGCTCGGGG",0,0,0,0,0,0,0,0,0,0,0,0,0,0,0,0,0,0,0,0,0,0,0,0,0,0,0,1,0,0,0,0,0,0,0,0,0,0,0,0,0,0,0,0,0,0,0,1,0,0,0,0,0,0,0,0,0,0,0,0,0,0,0,0,0,0,0,0,0,0,0,0,0,0,0,0,0
"GTGTGGTTCAAGAGCCCGCTCCTGGGCGGCCTCTTCATGGCCAGCGCTATGAGTACGGGC",0,3,0,0,0,0,0,0,0,0,0,0,0,0,0,0,0,0,0,0,0,0,0,0,0,0,0,0,0,0,0,0,0,0,0,0,1,2,0,2,0,0,0,0,0,0,0,0,0,0,0,0,0,0,0,0,2,0,0,0,2,1,0,1,0,0,0,0,0,0,0,0,2,0,0,1,0
"GTTTGGTCGAAAAATCCTTGGCTCGCCGCGATGTTTACTGCCAGCGCCGTCAATACGGGA",0,0,0,0,0,0,0,0,0,0,0,0,0,0,0,0,0,0,0,0,0,0,0,0,0,0,0,0,0,0,0,1,0,0,0,0,0,0,0,0,1,0,0,0,0,0,0,1,0,0,0,0,0,0,0,0,0,0,0,0,0,0,0,0,0,0,0,1,0,1,0,0,0,0,0,0,0
"TCGCTTTGGTACAACCCATTGCTGCCTCTGCTCTTCTGGATCTCCGCCATGTGCGCAGGA",0,0,0,0,0,0,0,0,0,0,0,0,0,0,0,0,0,0,0,0,0,0,0,0,0,0,0,0,0,0,0,0,0,0,0,0,0,0,0,0,0,0,0,0,0,0,0,0,0,0,0,0,0,0,0,0,0,0,0,0,0,0,0,0,0,0,0,0,0,0,0,0,0,0,0,0,0
"TCGGCCTGGGACGCGCCGATCATGCCGTGGCTCTTCCTCTTCTCGGCGGCGGTGTCGGGC",0,0,0,0,0,0,0,0,0,1,0,0,0,0,0,0,1,0,0,0,0,1,1,0,0,0,0,1,0,0,1,0,0,0,0,0,0,0,0,0,0,0,0,0,0,0,0,0,0,0,1,0,0,0,0,0,0,0,0,0,0,0,0,0,0,1,0,0,0,0,0,0,2,0,0,1,0
"TGGTTTTTGCATCGCACAGTGCTGCCGATTCATTTTGGAACTGCCGGAGTGGGATCTGCC",0,0,0,0,0,0,0,0,0,0,0,0,0,0,0,0,0,0,0,0,0,0,0,0,0,0,0,0,0,0,0,0,0,0,0,0,0,0,0,0,0,0,0,0,0,0,0,0,0,0,0,0,0,0,0,0,0,0,0,0,0,0,0,0,0,0,0,0,0,0,0,0,0,0,0,0,0
"TTATGGTGGTCAACTCCGCTAATGTTTATCATATTTATATTTTCAGCAATTGTATCGGGC",0,0,0,0,0,0,0,0,0,0,0,0,0,0,0,0,0,0,0,0,0,0,0,0,0,0,0,0,0,0,0,0,0,0,0,0,0,0,0,0,0,0,0,0,0,0,0,0,0,0,0,0,0,0,0,0,0,0,0,0,0,0,0,0,0,0,0,0,0,0,0,0,0,0,0,0,0
"TTCTGGAGCGACAGCCCGCTGATCGGCGCGCTGTTTCTGGCCTCGGCGGCCTCGACCGGG",0,0,1,1,1,2,0,0,0,0,1,1,0,1,4,0,0,1,0,2,2,2,0,0,0,1,1,0,1,0,2,0,0,0,2,1,2,1,0,0,0,1,1,0,0,0,0,0,0,0,0,1,0,1,0,0,0,0,0,0,3,1,1,0,0,1,0,0,0,0,1,1,0,0,0,1,0
"TTGTTCATCAACGCCCACTGGCTGGGCGCGCTGTTCCTCGCCGTGGGGGCGGCGACGGGC",0,0,0,0,0,2,0,0,0,0,0,0,0,0,0,0,0,0,0,0,0,0,0,0,0,0,1,0,0,0,0,0,0,0,0,0,0,0,0,0,0,0,0,0,0,0,0,0,0,0,0,0,0,0,0,0,0,0,0,0,0,0,0,0,0,0,0,0,0,0,0,0,0,0,0,0,0
