"","0_SD7449_H041_pH7","106_SD7557_S159","109_SD7560_S162","10_SD7461_H054_pH7","112_SD7563_S165","117_SD7568_S170","11_SD7462_H055_pH7","13_SD7464_H057_pH7","14_SD7465_H058_pH7","16_SD7467_H061_pH6.5","17_SD7468_H062_pH6.5","18_SD7469_H063_pH6.5","19_SD7470_H065_pH6.5","1_SD7450_H042_pH7","20_SD7471_H067_pH6.5","21_SD7472_H068_pH6.5","22_SD7473_H069_pH6.5","23_SD7474_H070_pH6.5","24_SD7475_H071_pH6.5","25_SD7476_H072_pH6.5","26_SD7477_H073_pH6.5","27_SD7478_H074_pH6.5","28_SD7479_H075_pH6.5","2_SD7451_H043_pH7","30_SD7481_H077_pH6.5","31_SD7482_H078_pH6.5","32_SD7483_H079_pH6.5","33_SD7484_H080_pH6.5","34_SD7485_H081_pH6","36_SD7487_H085_pH6","37_SD7488_H086_pH6","38_SD7489_H087_pH6","39_SD7490_H089_pH6","40_SD7491_H090_pH6","41_SD7492_H091_pH6","42_SD7493_H092_pH6","43_SD7494_H093_pH6","44_SD7495_H094_pH6","45_SD7496_H095_pH6","46_SD7497_H096_pH6","47_SD7498_H097_pH6","48_SD7499_H098_pH6","49_SD7500_H099_pH6","50_SD7501_H100_pH6","51_SD7502_H101_pH5.5","52_SD7503_H102_pH5.5","53_SD7504_H103_pH5.5","54_SD7505_H104_pH5.5","55_SD7506_H105_pH5.5","56_SD7507_H106_pH5.5","57_SD7508_H107_pH5.5","58_SD7509_H109_pH5.5","59_SD7510_H110_pH5.5","5_SD7454_H046_pH7","63_SD7514_H115_pH5.5","64_SD7515_H116_pH5.5","65_SD7516_H117_pH5.5","66_SD7517_H119_pH5.5","67_SD7518_H120_pH5.5","68_SD7519_S121","69_SD7520_S122","6_SD7455_H048_pH7","71_SD7522_S124","72_SD7523_S125","74_SD7525_S127","75_SD7526_S128","76_SD7527_S129","77_SD7528_S130","78_SD7529_S131","79_SD7530_S132","80_SD7531_S133","81_SD7532_S134","82_SD7533_S135","83_SD7534_S136","84_SD7535_S137","87_SD7538_S140","8_SD7458_H051_pH7","91_SD7542_S144","92_SD7543_S145","94_SD7545_S147","97_SD7548_S150","9_SD7460_H053_pH7"
"AACCGTGGCATCGTGGTCGATGACCACATGCAAACCGGCGTCGCGGACATCTTTGCGATC",0,0,0,0,0,0,0,0,0,0,0,0,0,0,0,0,0,0,0,0,0,0,0,0,0,0,0,0,0,0,0,0,0,0,0,0,0,0,0,0,0,0,0,0,0,0,0,0,0,0,0,0,0,0,0,0,0,0,0,0,0,0,0,0,0,0,0,0,0,0,0,0,0,0,0,0,0,0,0,0,0,0
"AATGAAGGCTACCTA---------GATGAAGAGCTTTATGTAGCTTGTCCCATACACGGC",0,0,0,0,0,0,0,0,0,0,0,0,0,0,0,0,0,0,0,0,0,1,0,0,0,0,0,0,0,0,0,0,0,0,1,0,0,0,0,0,0,0,0,0,0,0,0,0,0,0,0,0,0,0,0,0,0,0,0,0,0,0,0,0,0,0,0,0,0,0,0,0,0,0,0,0,0,0,0,0,0,0
"ACCAGGGGCCTGGTCGGCCCCGGCTACCAGAATGCCCCCGTCGCGGTATCTTATAAACAA",0,0,0,0,0,0,0,0,0,0,0,0,0,0,0,0,0,0,0,0,0,0,0,0,0,0,0,0,0,0,0,0,0,0,0,0,0,0,0,0,0,0,0,0,0,0,0,0,0,0,0,0,0,0,0,0,0,0,0,0,0,0,0,0,0,0,0,0,0,0,0,0,0,0,0,0,0,0,0,0,0,0
"ACGTTCCGCAGTCTGGACGACACGCACGGTATGCTGCGCGTGGCCGCGCCGGGCAAGCGG",0,0,0,0,0,0,0,0,0,0,0,0,0,0,0,0,0,0,0,0,0,0,0,0,0,0,0,0,0,0,0,0,0,0,0,0,0,0,0,0,0,0,0,0,0,0,0,0,0,0,0,0,0,0,1,0,0,0,1,0,0,0,0,0,0,0,0,1,0,0,0,1,0,0,0,0,0,0,0,0,0,0
"ACTCGCGGATTGAGCCGCAGCCTCGGCGCACGCGTCGACGTGGCCACGCCGATCTACCAG",0,0,0,0,0,0,0,0,0,0,0,0,0,0,0,0,0,0,0,0,0,0,0,0,0,0,0,0,0,0,0,0,0,0,0,0,0,0,0,0,0,0,0,0,0,0,0,0,0,0,0,0,0,0,0,0,0,0,0,0,0,0,0,0,0,0,0,0,0,0,0,0,0,0,0,0,0,0,0,0,0,0
"ACTTTCCGCTCGATGGACGATACCAACGGCATGCTTCGTGTTGCCGGACCCGGCAAACGA",0,0,0,0,0,0,0,0,0,0,0,0,0,0,0,0,0,0,0,0,0,0,0,0,0,0,0,0,0,0,0,0,0,0,0,0,0,0,0,0,0,0,0,0,0,0,0,0,0,0,0,0,0,0,0,0,0,0,0,0,0,0,0,0,0,0,0,0,0,0,0,0,0,0,0,0,0,0,0,0,0,0
"AGCAGGGGAATGCTGGGCTCCCTTAACGGTGAGCCCAAGGTAGCATGCCCCTTTCATAAA",0,0,0,0,0,0,0,0,0,0,2,0,0,0,0,0,0,1,0,0,0,0,0,0,0,0,0,1,0,0,0,0,0,0,0,0,1,0,0,0,0,0,0,0,0,0,1,0,0,0,0,0,0,0,0,0,0,0,0,0,0,0,0,0,0,0,0,0,0,0,0,0,1,0,0,0,0,1,0,0,0,0
"AGCAGGGGGATGACTGGTTCTGTTGGAGAAGAGCCTAAAGTGGCCTGCCCTTTTCACAAA",0,0,0,0,0,0,0,0,0,0,0,0,0,0,1,0,0,0,0,0,1,0,0,0,0,0,0,0,0,0,0,0,0,0,0,3,0,0,0,1,0,0,0,0,0,0,0,0,0,0,0,0,0,0,0,1,1,0,0,0,0,0,0,0,0,0,0,0,0,0,1,0,0,0,0,0,0,0,0,0,0,0
"AGCCGACGCGTCGTAGTCCTGGGCGGCGGACTGCTGGGCCTGGAGGCCGCACGCGCGATG",0,0,0,1,0,0,0,0,0,0,0,1,0,0,0,1,0,0,0,0,0,0,0,0,0,0,0,3,0,0,0,0,0,1,0,0,0,0,0,0,0,0,0,0,0,0,0,0,0,0,0,0,0,0,0,0,0,0,0,0,0,0,0,0,0,0,0,0,0,0,0,0,0,0,0,0,0,0,0,0,0,0
"AGCCGAGGGCTCGTCGGCGACCGCGGCGGCGAACCGGTGATCGTCAGCCCGCTGCTGAAG",0,0,0,0,0,0,0,0,0,0,0,0,0,0,0,0,0,0,0,0,0,0,0,0,0,0,0,0,0,0,0,0,0,0,0,0,0,0,0,0,0,0,0,0,0,0,0,0,0,0,0,0,0,0,0,0,0,0,0,0,0,0,0,0,0,0,0,0,0,0,0,0,0,0,0,0,0,0,0,0,0,0
"AGCCGCGGAATGATCGGAGCACAAGGCGAGGAACCTAAAGTGGCTTGTCCATTTCATAAA",0,0,0,4,0,0,6,2,1,1,1,1,1,3,0,0,2,2,0,2,0,1,0,1,3,1,5,3,3,1,0,1,1,0,0,1,2,2,4,0,1,1,2,0,1,1,1,1,2,1,0,0,0,3,2,0,3,0,0,1,0,0,0,1,0,2,0,0,0,0,0,0,1,0,0,0,4,1,0,0,0,1
"AGCCGCGGACTCGTCGGGGTCCTCGACCGGCGGCCGACCGTCGCGGCGCCGAAGTACAAT",0,0,0,0,0,0,0,0,0,0,0,0,0,0,0,0,0,1,0,0,0,0,0,0,0,0,0,0,0,0,0,0,0,0,0,0,0,0,0,0,0,0,0,0,0,0,0,0,0,0,0,0,0,0,0,0,0,0,0,0,0,0,0,0,0,0,0,0,0,0,0,0,0,0,0,0,0,0,0,0,0,0
"AGCCGCGGACTTATAGGGACGCAGCAGGATGAACCAAAAATTGCCTGTCCCTTTCACAAG",0,2,1,0,0,0,0,0,0,0,0,0,0,2,0,0,0,0,0,0,0,0,0,0,0,0,1,0,0,0,1,0,0,1,0,1,0,0,1,0,0,0,0,0,0,1,0,0,1,1,2,1,0,1,0,0,1,2,0,0,0,0,0,2,1,4,2,2,0,0,0,1,0,1,1,0,0,0,1,3,1,0
"AGCCGCGGAGTAGTGGGCGACGTCGACGGTGTTCCAGTGGTCGCGTCGCCGATGTACAAA",0,0,0,0,0,0,0,0,0,0,0,0,0,0,0,0,0,0,0,0,0,0,0,0,0,0,0,0,0,0,0,0,0,0,0,0,0,0,0,0,0,0,0,0,0,0,0,0,0,0,0,0,0,0,0,0,0,0,0,0,0,0,0,0,0,0,0,0,0,0,0,0,0,0,0,0,0,0,0,0,0,0
"AGCCGCGGCATCATCGGCGACCACGACCGCGAGCCCAAGGTCAGCTGTCCCCTCCATAAG",0,0,0,0,0,0,0,0,0,0,0,0,0,0,0,0,0,0,0,0,0,0,0,0,0,0,0,0,0,0,0,0,0,0,0,0,0,0,0,0,0,0,0,0,0,0,0,0,0,0,0,0,0,0,0,0,0,0,0,0,0,0,0,0,0,0,0,0,0,0,0,0,0,0,0,1,0,0,0,0,0,0
"AGCCGCGGCATCATCGGCGACGCCGGTGGGATCGCGACGGTCGCCTCGCCGCTGTACAAG",0,0,0,0,3,0,0,0,0,0,0,2,1,0,1,0,2,0,0,1,0,0,0,0,0,1,0,0,3,0,0,0,3,0,1,0,0,0,1,1,0,0,0,0,0,0,0,0,0,0,0,0,0,0,0,0,0,0,1,0,0,0,0,0,0,0,0,0,0,0,0,0,0,0,0,0,0,0,2,0,0,0
"AGCCGCGGCATCATCGGCTCCATTGGCGAATTGCTGGTGGTTGCCTCTCCTCTGTATAAA",0,0,0,0,0,0,0,0,0,0,0,0,0,0,0,0,0,0,0,0,0,0,2,0,0,0,0,0,0,0,0,0,0,0,0,0,0,0,0,0,0,0,0,0,0,0,0,0,0,0,0,0,0,0,0,0,0,0,0,0,0,0,0,0,0,0,0,0,0,0,0,0,0,0,0,0,0,0,1,0,0,0
"AGCCGCGGCATCGTCGGCAGCCACCGGGAAGGCGTCGACGTACAGAGCCCGTTGTTCAAG",0,0,0,0,0,0,0,0,0,0,0,0,0,0,0,0,0,0,0,0,0,0,0,0,0,0,1,0,0,0,0,0,0,0,0,0,0,0,0,0,0,0,0,0,0,0,0,0,0,0,0,0,0,0,0,0,0,0,0,0,0,0,0,0,0,0,0,0,0,0,0,0,0,0,0,0,0,0,0,0,0,0
"AGCCGCGGCATGATTGGCAGCACCGGCGCCGAGCCCAAAGTGGCCTGTCCGTTTCACAAG",0,0,0,0,0,0,0,0,0,0,0,0,1,0,0,0,0,1,0,0,3,0,0,0,0,0,0,1,0,0,0,2,0,0,0,1,1,0,0,2,0,0,0,0,0,0,1,2,0,0,0,1,0,0,0,0,0,0,3,0,0,0,0,0,0,0,0,2,0,0,1,1,0,0,0,0,0,0,0,0,0,0
"AGCCGCGGCCTCGTCGGAGTCACCCAGCGCGACCACTACGTGGCATCGCCGCTGCGCAAG",0,0,0,1,0,0,0,0,0,0,0,0,0,0,0,0,0,0,0,0,0,0,0,0,0,0,0,0,0,0,0,0,0,0,0,0,0,0,0,0,0,0,0,0,0,0,0,0,0,0,0,0,0,0,0,0,0,0,0,0,0,0,0,0,0,0,0,0,0,0,0,0,0,0,0,0,0,0,0,0,0,0
"AGCCGCGGCCTGGTCGGCGACGCGGAGGGCGAGCCGACGGTGGCGGCACCCCACTACAAG",0,0,0,0,0,0,0,0,0,0,0,1,0,0,0,0,0,0,0,0,0,0,0,0,0,0,0,0,0,0,0,0,0,0,0,0,0,0,0,0,0,0,0,0,0,0,0,0,0,0,0,0,0,0,0,0,0,0,0,0,0,0,0,0,0,0,0,0,0,0,0,0,0,0,0,0,0,0,0,0,0,0
"AGCCGCGGCCTGGTCGGGTCGATCGGTGACGCGGTCGTGGTGGCGTCACCCCTGTACAAG",0,0,0,0,0,0,0,0,0,0,0,0,0,0,0,0,0,0,0,0,0,0,0,0,0,0,0,0,0,0,0,0,0,0,0,0,0,0,0,0,0,0,1,0,0,0,0,0,0,0,0,0,0,0,0,0,0,0,0,3,0,0,7,1,2,2,3,4,1,0,0,3,3,6,2,1,0,0,0,0,0,0
"AGCCGCGGGAGCGTCGGCTCGGTCGGCGACGTCGTCACCGTCGCCTCCCCCAGCTCCAAG",0,0,0,0,0,0,0,0,0,0,0,0,0,0,0,0,0,0,0,0,0,0,0,0,0,0,0,0,0,0,1,0,0,0,0,0,0,0,0,0,0,0,0,0,0,0,0,0,0,0,0,0,0,0,0,0,0,0,0,0,0,0,0,0,0,0,0,0,0,0,0,0,0,0,0,0,0,0,0,0,0,0
"AGCCGCGGGCTCGTGGGTGACGCCGCCGGCGTCGAGGTGGTGGCCAGCCCCATGTACAAG",0,0,0,0,0,0,0,0,0,0,0,0,0,0,0,0,0,0,0,0,0,0,0,0,0,0,0,0,0,0,0,0,0,0,0,0,0,0,0,0,0,0,0,1,0,0,0,0,0,0,0,0,0,0,0,0,0,0,0,0,0,0,0,0,0,0,0,0,0,0,0,0,0,0,0,0,0,0,0,0,0,0
"AGCCGCGGTTTAATCGGTACGCAAAGCAGTGAGCCCAAAGTGGCCTGCCCGTTCCACAAA",0,0,0,0,0,0,0,0,0,0,0,0,0,0,0,0,0,0,0,0,0,1,0,0,0,0,0,0,1,1,0,1,0,0,0,0,0,0,1,0,0,0,0,0,0,1,0,0,0,0,1,0,0,2,0,0,0,0,0,0,0,0,0,0,0,0,0,0,0,0,0,0,0,0,0,0,0,0,0,0,0,0
"AGCCGGCCGTTCATCCCGCCCATCAAGGGCGCCCTCGACGTGACCGGCAACTTGCGCTCC",1,0,0,0,0,0,0,0,0,0,0,0,0,0,0,1,0,0,0,0,0,0,0,0,0,0,0,0,0,0,0,0,0,0,0,0,0,0,0,0,0,0,0,0,0,0,0,0,0,0,0,0,0,0,0,0,0,0,0,0,0,0,0,0,0,0,0,0,0,0,0,0,0,0,0,0,0,0,0,0,0,0
"AGCCGGGGACTTGTCGGCACCAGAGCGGGCACGCCGGTGGTGTTCTCGCCGATGTTCAAG",0,0,0,0,0,0,0,0,0,0,0,0,0,0,0,0,0,0,0,0,0,0,0,0,0,0,0,0,0,0,0,0,0,0,0,0,0,0,0,0,0,0,0,0,0,0,0,0,0,0,0,1,1,0,0,0,0,1,0,0,0,0,0,0,0,0,0,0,0,1,0,0,0,1,0,0,0,1,0,0,0,0
"AGCCGGGGCCTCGTCGGCGAGTGCGACGGCACGCCCACGATCGCTTCGCCGCTCTCGAAG",0,0,1,0,0,0,0,0,0,0,0,0,0,0,0,1,0,0,0,0,0,0,0,0,0,0,0,0,0,0,0,0,0,0,0,0,0,0,0,0,0,1,0,0,0,0,0,0,0,0,0,0,0,0,0,0,0,0,0,0,0,0,2,0,0,0,0,0,0,0,0,0,0,0,0,0,0,0,0,1,0,0
"AGCCGGGGGCTCATCGGCGATGTCGCCGGCGCGCCGACCGTGGCATCGCCCATGTACAAG",0,0,0,1,0,0,1,2,0,0,1,0,2,0,1,1,3,0,1,0,1,0,0,0,1,1,0,0,0,1,1,0,0,0,2,0,1,0,0,0,0,0,0,1,0,0,0,0,1,1,0,2,2,1,0,0,0,0,0,1,0,2,0,1,0,0,0,0,0,0,1,2,0,0,1,0,4,0,0,0,0,0
"AGCCGTGGGATCGTAGGAACACGCGGCACCACCACGACCGTCGCGTCACCGTTGCACAAG",0,0,0,0,0,0,0,0,0,0,0,0,0,0,0,0,0,0,0,0,0,0,0,0,0,0,0,0,0,0,0,0,0,0,0,0,1,0,0,0,0,0,0,0,0,0,0,0,0,0,0,0,0,0,0,0,0,0,1,0,0,0,1,0,0,0,1,0,0,0,0,0,0,0,0,0,0,0,0,0,0,0
"AGCCGTGGGATCGTGGGTAATCGGGGAGCGGCGGCGACGGTCGCCAGTCCCCTGCACAAG",0,0,0,0,0,0,0,0,0,0,0,0,0,0,0,0,0,0,0,0,0,0,0,0,0,0,0,0,0,0,0,0,0,0,0,0,0,0,0,0,0,0,0,0,0,0,0,0,0,0,0,0,0,0,0,2,0,0,0,0,0,0,1,0,0,0,0,0,0,0,0,0,0,0,2,0,0,0,0,0,0,0
"AGCGTCGGCGAGTGCGCGCAGCACCGTGGCGTCTGCCACATCGTCGCCCCGATCCACGAG",0,1,0,0,0,0,0,0,0,0,0,1,0,1,0,1,0,1,0,0,0,0,0,0,0,0,0,2,2,1,0,0,0,0,0,0,0,0,0,0,0,0,0,1,0,1,0,0,0,0,0,0,0,0,0,0,0,0,0,0,0,0,0,0,0,0,0,0,0,1,0,1,0,0,0,0,0,0,0,0,0,0
"AGTAGGAGCATTGGAATGACTGCGCGGACGCGCCTCGTCGTAGTTAACGGCATGGTCAGG",0,0,0,0,0,0,0,0,0,0,0,0,0,0,0,0,0,0,0,0,0,0,0,0,0,0,0,0,0,0,0,0,0,0,0,0,0,0,0,0,0,0,0,0,0,0,0,0,0,0,0,0,0,0,0,0,0,0,0,0,0,0,0,0,0,0,0,0,0,0,0,0,0,0,0,0,0,0,0,0,0,0
"AGTCGCGGCATCGTCGGCACCAGGAACGTCGACCCCGTCGTACAAAGCCCGGTCTACAAG",0,0,0,0,0,0,0,0,0,0,0,0,0,0,0,0,0,0,0,0,0,0,0,0,0,0,0,0,0,0,0,0,0,0,0,0,0,0,0,0,0,0,0,0,1,1,0,0,0,0,0,0,1,0,0,0,0,0,0,0,1,0,1,0,0,1,0,0,0,0,0,0,0,0,1,2,0,0,0,0,0,0
"AGTCGCGGCGTCGTCGGGACCCGTCGGGTCGCTGATACTCTCCAGAGCCCGCTGTTCAAG",0,0,0,0,0,0,0,0,0,0,0,0,0,0,0,0,0,0,0,0,0,0,0,0,0,0,0,0,0,0,0,0,0,0,0,0,0,0,0,0,0,0,0,0,0,0,0,0,0,0,0,0,0,0,0,0,0,0,0,0,0,0,0,0,0,0,0,0,0,0,0,0,0,0,0,0,0,0,0,0,0,0
"AGTCGTGGCCTTGTCGGCAGCCGCCTTGGAACCAACGTCGTCTTTTCCCCGATGTTCAAG",0,0,0,0,0,0,0,0,0,0,0,0,0,0,0,0,0,0,0,0,0,0,0,0,0,0,0,0,0,0,0,0,0,0,0,0,0,1,0,0,0,0,0,0,1,0,0,0,0,0,0,0,0,0,1,2,0,0,0,0,0,0,1,1,0,0,0,0,0,0,0,0,0,0,0,2,0,0,0,0,0,0
"AGTGAATATTTCGCAGGTAAATCCGAAGCCGATTTACTGCTTGCCACACCGTATCACCGA",0,0,0,0,0,0,0,0,0,0,0,0,0,0,0,0,0,0,0,0,0,0,0,0,0,0,0,0,0,0,0,0,0,0,0,0,0,0,0,0,0,0,0,0,0,0,0,0,0,0,0,0,0,0,0,0,0,0,0,0,0,0,0,0,0,0,0,0,0,0,0,0,0,0,0,0,0,0,0,0,0,0
"AGTGATGGCGTGTCGGCCGCGCACCGGATGGAGTTCGCCGACGGCAGCAGCCTGGAAGTC",0,0,0,0,0,0,0,0,0,0,0,0,0,0,0,0,0,0,0,0,0,0,0,0,0,0,0,0,0,0,0,0,0,0,0,0,0,0,0,0,0,0,0,0,0,0,0,0,0,0,0,0,0,0,0,0,0,0,0,0,0,0,0,0,0,0,0,0,0,0,0,0,0,0,0,0,0,0,0,0,0,0
"AGTGTCGGCGAGTGTAGTCAGCACAACGGCGTGATGTACCTGGTCGCGCCGCTGTGGGAA",1,0,0,0,0,0,0,1,0,0,0,0,0,0,0,0,0,0,0,1,0,1,0,0,0,0,0,0,0,1,1,0,1,0,2,0,0,0,0,0,0,0,0,1,0,0,0,0,1,0,0,1,1,0,1,0,0,0,0,0,0,0,0,0,0,0,0,0,0,0,0,0,0,0,0,0,0,0,0,0,1,0
"CGTGCGGGTATCATCGGCGCCAGCTTCATCGGCCTTGAGGTGGCGGCGGCGTTGCGCGCC",0,0,0,0,0,0,0,0,0,0,0,0,0,0,0,0,0,0,0,0,0,0,0,0,0,0,0,0,0,0,0,0,0,0,0,0,0,0,0,0,0,0,0,0,0,0,0,0,0,0,0,0,0,0,0,0,0,0,0,0,0,0,0,0,0,0,0,0,0,1,0,0,0,0,0,0,0,0,0,0,0,0
"CTCGTTGGCATCGGCGTGGGCCCGCGCGACGACCTCGCGCAGGCCTCGGGGCTCGACTGC",0,0,0,0,0,0,0,0,0,0,0,0,0,0,0,0,0,0,0,0,0,0,0,0,0,0,0,0,0,0,0,0,0,0,0,0,0,0,0,0,0,0,0,0,0,0,0,0,0,0,0,0,0,0,0,0,0,0,0,0,0,0,0,0,0,0,0,0,0,0,0,0,0,0,0,0,0,0,0,0,0,0
"GAAGTGGGCATTCACACCAACAAGAGCACGACCGCGATCGTCGACGGCGAGACGTGCAAG",0,0,0,0,0,0,0,0,0,0,0,0,0,0,0,0,0,0,0,0,0,0,0,0,0,0,0,0,0,0,1,0,0,0,0,0,0,0,0,0,0,0,0,0,0,0,0,0,0,0,0,0,0,0,0,0,0,0,0,0,0,0,0,0,0,0,0,0,0,0,0,0,0,0,0,0,0,0,0,0,0,0
"GACCGCGGCATCGTCGACGAGCAGGCGGGTGTGCCGCGGGTGGCCTCGCCGGTCTACAAG",0,0,0,0,0,0,0,0,0,0,0,0,0,0,0,0,0,0,0,0,0,0,0,0,0,0,0,0,0,0,0,0,0,0,0,0,0,0,0,0,0,0,0,0,0,0,0,0,0,0,0,0,0,1,0,0,0,0,0,0,0,0,0,0,0,0,0,0,0,0,0,0,0,0,0,0,0,0,0,0,0,0
"GAGGTCGGCATCGTCGGCGACCTGAAGGGCGAGCTGGTTGTCGCCTCGCCCGTTTTCAAA",0,0,0,0,0,0,0,0,0,0,0,0,0,0,0,0,0,0,0,0,0,0,0,0,0,0,0,0,0,0,0,0,0,0,0,0,0,0,0,0,0,1,0,0,0,0,0,0,0,0,0,0,0,0,0,0,0,0,0,0,0,0,0,0,0,0,0,0,0,0,0,0,0,0,0,0,0,0,0,0,0,0
"GATATTTATGCCGTTGGGGAATGTGCTGAACACCTTGGTGTGGTTTATGGTCTTGTTAAA",0,0,0,0,0,0,0,0,0,0,0,0,0,0,0,0,0,0,0,0,0,0,0,0,0,0,0,0,0,0,0,0,0,0,0,0,0,0,0,0,0,0,0,0,0,0,0,0,0,0,0,0,0,0,0,0,0,0,0,0,0,0,0,0,0,0,0,0,0,0,0,0,0,0,0,0,0,0,0,0,0,0
"GCAATAGGTGAGATAGCAGAATACAAAGGATTTTTATATGGAATTACTGCAGCGGCCGAA",0,0,0,1,0,0,0,0,0,0,1,0,0,1,0,0,0,0,0,0,0,4,1,0,1,0,1,0,0,0,0,0,0,0,0,0,0,0,0,0,0,1,0,0,0,0,0,0,0,0,0,0,0,2,0,0,0,1,0,0,1,0,0,0,0,0,0,0,0,0,0,1,0,0,0,0,0,0,0,0,0,0
"GCAATCGGCGAGATCGCTGAACACAATGGCAAGCTTGGGATCACATCTGCAGCTGAAAAG",0,0,0,0,0,0,0,0,0,0,0,0,0,0,0,0,0,0,0,1,0,0,0,0,0,0,0,0,0,0,0,0,0,0,0,0,0,0,0,0,0,0,1,0,0,0,0,0,0,0,0,0,0,0,0,0,1,0,0,0,0,0,0,0,0,0,0,0,0,0,0,0,0,0,0,0,1,0,0,0,0,0
"GCAATTGGAGAATGCGTTCAGCATCGCGGTCAGACCTACCTTGTAGCTCCCGCATGGGAG",0,0,0,0,0,0,0,0,0,0,0,0,0,0,0,0,0,0,0,0,0,0,0,0,0,0,0,0,0,0,0,0,0,0,0,0,0,0,0,0,0,0,0,0,0,0,0,0,0,0,0,0,0,0,0,0,0,0,0,0,0,0,0,0,0,0,0,0,0,0,0,0,0,0,0,0,0,0,0,0,0,0
"GCACATGGCACGGTGGGCAACCGCGCGGGGGTGCCGGAGATTGCCTCACCCATCTACAAG",0,0,0,0,0,0,0,0,0,0,0,0,0,0,0,0,0,0,0,0,0,0,0,0,0,0,0,0,0,0,0,0,0,0,0,0,0,0,0,0,0,0,0,0,0,0,0,0,0,0,0,0,0,0,0,0,0,0,0,0,0,0,0,0,0,0,0,0,0,0,0,0,0,0,0,0,0,0,0,0,0,0
"GCACGGCACGGCATAACGCTGCACCTCGGAGCCAAGGCAGTGGCCATCGATCGTGAGGCC",0,0,0,0,0,0,0,0,0,0,0,0,0,0,0,0,0,0,0,0,0,0,0,0,0,0,0,0,0,0,0,0,0,0,0,0,0,0,0,0,0,0,0,0,0,0,0,0,0,0,0,0,0,0,0,0,0,0,0,0,0,0,0,0,0,0,0,0,0,0,0,0,0,0,0,0,0,0,0,0,0,0
"GCACTCGGCGAATGCGCCGAGCACCGTGGCACCTGCTACTTGGTCCAGCCGGCCTATGAG",0,0,0,0,0,0,0,0,0,0,0,0,0,0,0,0,0,0,0,0,0,0,0,0,1,0,0,0,0,0,0,0,0,0,0,0,0,0,0,0,0,0,0,0,0,0,0,0,0,0,0,0,0,0,0,1,0,1,0,0,0,0,0,0,0,0,0,0,1,0,0,0,0,0,0,0,0,0,0,0,0,0
"GCAGTCGGGGAGTGCGCACAGCATAGGAGTCAAGTTTATTTGGTAGCTCCTATCTGGGAG",0,0,0,0,0,0,0,0,0,0,0,0,0,0,0,0,0,0,0,0,0,0,0,0,0,0,0,0,0,0,0,0,0,0,0,0,0,0,0,0,0,0,0,0,0,0,0,0,0,0,0,0,0,0,0,0,0,0,0,0,0,0,0,0,0,0,0,0,0,0,0,0,0,0,0,0,0,0,0,0,0,0
"GCAGTCGGTGAATGCACTGAGCATCGCGAACAGGTGTACCTCGTCGCCCCTCTTCTCGAT",0,0,0,0,0,0,0,0,0,0,0,0,0,0,0,0,0,0,0,0,0,0,0,0,0,0,0,0,0,0,0,0,0,0,0,0,0,0,0,0,0,0,0,0,0,0,0,0,0,1,0,0,0,0,0,0,0,0,0,0,0,0,0,0,0,0,0,0,0,0,0,0,0,0,0,0,0,0,0,0,0,0
"GCAGTTGGTGAATGTGCTGAGCACCGTGAAATTGTTTATTTGGTAGCTCCTTTATATGAA",0,0,0,0,0,0,0,0,0,0,0,0,0,0,0,0,0,0,0,0,0,1,0,0,0,0,0,0,0,0,0,0,0,0,0,0,0,0,0,0,0,0,0,0,0,0,0,0,0,0,0,0,1,0,0,0,0,0,0,0,0,0,0,0,0,0,0,0,0,0,0,0,0,1,0,0,0,0,0,0,0,0
"GCC---GGCGAGACCGCTTCGCATGACATCGAACTGCGGCCGGCGTCATGGTGGCGCGAC",0,0,0,0,0,0,0,0,0,0,0,0,0,0,1,0,0,0,0,0,0,0,0,0,0,0,0,0,0,0,0,0,0,0,0,0,0,0,0,0,0,0,0,0,0,0,0,0,0,0,0,0,0,0,0,0,0,0,0,0,0,0,0,0,0,0,0,0,0,0,0,0,0,0,0,0,0,0,0,0,0,0
"GCCAAGGGCATCGTGGGCACCCGCGACGGGATCCCGTTCGTGGCCTCGCCACGCCACCGC",0,0,0,1,0,0,0,0,0,0,0,0,0,0,0,0,0,0,0,0,0,0,0,0,0,1,0,0,0,0,0,0,0,0,0,0,0,0,0,0,0,0,0,0,0,0,0,0,0,0,0,0,0,0,0,0,0,0,0,0,0,0,0,0,0,0,0,0,0,0,1,0,0,0,0,0,1,0,0,0,0,0
"GCCAGGGGCATGATCGGTAGCCAGAACGACGAACCGAAGGTTGCCTGTCCGTTTCACAAA",0,0,0,0,0,0,0,0,0,0,0,0,0,0,0,0,0,0,0,0,0,0,1,2,0,1,0,0,0,0,0,0,0,0,0,0,0,1,0,0,0,0,0,0,0,0,1,0,0,0,0,0,0,0,0,0,0,0,0,0,0,0,0,0,1,0,0,0,0,0,0,0,0,0,0,0,0,0,0,0,0,0
"GCCATCGGCGAAATCGCCGAGCATCGCGGCATGCTCTATGGCACAACCCCCTCGGCCAAC",0,0,0,0,0,0,0,0,0,0,0,0,0,1,0,0,0,0,0,0,0,0,0,0,0,0,0,0,0,0,0,0,0,0,0,0,0,0,0,0,0,0,0,0,0,0,0,0,0,0,0,0,0,0,0,0,0,0,0,0,0,0,0,0,0,0,0,0,0,0,0,0,0,0,0,0,0,0,0,0,0,0
"GCCATCGGCGAATGTGCTGAACATCGTCATCGCCTATACATCGTCGCACCCTTGTGGGAG",0,0,0,0,0,0,0,0,0,0,0,0,0,0,0,0,0,0,0,0,0,0,0,0,0,0,0,0,0,0,0,0,0,0,0,0,0,0,0,0,0,0,0,0,0,0,0,0,0,0,0,0,0,0,0,0,0,0,0,0,0,0,0,0,0,0,0,0,0,0,0,0,0,0,0,0,0,0,0,0,0,0
"GCCATCGGCGAGATTGCCGAACGGAACGGCAAATTATTCGGCATCACAGCGGCGGCGGAA",0,0,0,0,0,0,0,0,0,0,0,0,0,0,0,0,0,0,0,0,0,0,0,0,0,0,0,0,0,0,0,0,0,0,0,0,0,0,0,0,0,0,0,0,0,0,0,0,0,0,0,0,0,0,0,0,0,0,0,0,0,0,0,0,0,0,0,0,0,0,0,0,0,0,0,0,0,0,0,0,0,0
"GCCATCGGGGAAATTGCCGAACACCGCGGTAAAATGCTGATCACTGCGGCAGCTGAGAAG",0,0,0,0,0,0,0,1,0,1,0,0,0,0,0,0,0,1,0,0,0,0,0,0,0,0,0,0,0,0,0,0,0,0,0,0,0,0,1,0,0,0,0,0,0,0,0,0,0,0,0,0,0,0,0,0,0,0,0,0,0,0,0,0,0,0,0,0,0,0,0,0,0,0,0,0,0,0,1,0,0,1
"GCCATTGGCGAAGTAGCAGAGTTTAAGGGGGCTTTATACGGCATTACAGCCGCCGCAGAG",0,0,0,0,0,0,0,0,0,0,0,0,0,0,0,0,0,0,0,0,0,0,0,0,0,0,0,0,0,0,0,0,0,0,0,0,0,0,0,0,0,0,0,0,0,0,1,1,0,0,2,0,0,0,0,2,0,0,1,0,0,0,0,0,2,0,0,1,0,0,0,0,0,0,0,0,0,0,0,0,0,0
"GCCCGCCACCTTGCGGGCGACGCTGACGCCAGGTTCACCGGCGCCGACATGAGCACGAAG",0,0,0,0,0,0,0,0,0,1,0,0,0,0,0,0,0,0,0,0,0,0,0,0,0,0,0,0,0,0,0,0,0,0,0,0,0,0,0,0,0,0,0,0,0,0,0,0,0,0,0,0,0,0,0,0,0,0,0,0,0,0,0,0,0,0,0,0,0,0,0,0,0,0,0,0,0,0,0,0,0,0
"GCCCGCGGCATCACCGGTTCCCGGGGATCACGCGCCACCATCGCCTCGCCGTTGCACAAG",0,0,0,0,0,0,1,0,0,0,0,1,0,0,0,0,1,0,0,0,0,0,1,1,0,0,0,0,0,0,0,0,0,1,0,3,0,1,0,0,0,0,0,0,1,1,0,0,0,0,0,0,0,0,1,1,0,0,1,0,1,1,0,0,0,0,0,2,0,0,1,1,1,0,0,0,0,0,2,0,0,0
"GCCCGCGGCATTCTCGGCGACTGTAAAGGCGAGCCCAAAGTGGCATGCCCCCTGCACAAG",0,0,0,0,0,0,0,0,0,0,0,0,0,0,0,0,0,0,0,0,0,0,1,0,0,0,0,0,0,0,0,0,0,0,0,0,0,0,0,0,0,0,0,0,0,0,0,0,0,0,0,0,0,0,0,0,0,0,0,0,0,0,0,0,0,0,0,0,0,0,0,0,0,0,0,0,0,0,1,0,0,0
"GCCCGCGGCATTGTCGGAAGCAAGGCGGGCGACCCGTTCGTGGCCTCCCCGATGTACAAG",0,0,0,0,0,0,0,2,0,0,0,0,0,0,1,0,0,0,0,0,0,0,0,0,0,0,0,0,0,0,0,2,0,0,0,0,0,0,0,0,0,0,0,0,0,0,0,0,0,0,0,0,0,0,1,0,0,0,0,0,0,0,0,0,0,0,0,0,0,0,0,0,0,0,0,0,0,0,0,0,0,0
"GCCCGCGGCCTGGTCGGCAATCTGGGCGAACGCATTGTCGTCGCGTCACCGCTCTACAAG",0,0,0,1,0,0,1,0,0,0,0,1,1,0,0,0,0,0,0,1,0,0,0,0,0,0,0,0,0,1,0,0,0,0,2,1,0,0,1,0,0,0,0,0,0,0,0,1,0,0,0,0,0,1,0,0,0,1,1,0,1,1,1,0,1,0,0,1,0,0,0,0,0,1,0,0,1,0,0,0,0,0
"GCCCGCGGGATCGTGGGGCACCGAGGCGACGTGCCGTTCGTCGGATCGCCCGTGCACGGG",0,0,0,0,0,0,0,0,0,0,0,0,0,0,0,0,0,0,0,0,0,0,0,0,0,0,0,0,0,0,0,0,0,0,0,0,0,0,0,0,0,0,0,0,0,0,0,0,0,0,0,0,0,0,0,0,0,0,0,0,0,0,0,0,0,0,0,0,0,0,0,0,0,0,0,0,0,0,0,0,0,0
"GCCCGCGGGCTGGTGGGTACCCGCGGAGATGTACCGACCGTGGCGTCCCCGGTGTACAAG",0,0,0,0,0,0,0,0,0,0,0,0,0,0,1,0,0,0,1,0,1,0,0,0,2,0,0,3,0,0,1,3,0,1,1,0,0,0,0,0,0,0,0,0,1,0,1,1,0,1,0,0,0,0,0,0,0,0,0,0,0,0,0,0,0,0,0,0,1,0,0,0,0,0,0,0,1,0,0,0,0,0
"GCCCGGGGCATCGTCGGTTCGCGAGGCGACACGTTGAAGGTGACGTCACCCGTGTACAAG",0,0,0,0,0,0,0,0,0,0,0,1,0,0,0,0,0,0,0,1,0,1,0,0,0,0,1,0,0,0,0,0,0,0,0,0,0,0,0,0,0,1,0,0,3,0,1,0,0,0,0,0,0,0,1,0,1,1,0,0,0,0,0,0,0,0,0,0,0,0,0,0,0,1,0,0,0,0,0,0,0,0
"GCCCGGGGCGTCGTCGGCTGCGTCGACGGACGCGACGTCGTGGCCTCGCCGCTGCACAAG",0,0,0,0,0,0,0,0,0,0,0,0,0,0,0,0,0,0,0,0,0,0,0,0,0,0,0,0,0,0,0,0,0,0,0,0,0,0,0,0,0,0,0,0,0,0,0,0,0,0,0,0,0,0,0,0,0,0,0,0,0,0,0,0,0,0,0,0,0,0,0,0,0,0,0,0,0,0,0,0,0,0
"GCCCGGGGGATCCTTGGTATCCGCGATGGCGCGCCGATCGTCGGCTCCCCGCGGCACCGG",0,0,0,0,0,0,0,0,0,0,0,0,0,0,0,0,0,0,0,0,0,0,0,0,1,0,0,0,0,0,0,0,0,0,0,0,0,0,0,0,0,0,0,0,0,0,0,0,0,0,0,0,0,0,0,0,0,0,0,0,0,0,0,0,0,0,0,0,0,0,0,0,0,0,0,0,0,0,0,0,0,0
"GCCCGGGGTCTGGTGGGCGAACGGGACGGCGCCACCTATGTCGCATCGCCCTTGCGGAAG",0,0,0,0,0,0,0,0,0,0,0,0,0,0,0,0,0,0,0,0,0,0,0,0,0,0,0,0,0,0,0,0,0,0,0,0,0,0,0,0,0,0,0,0,0,0,0,0,0,0,0,0,0,0,0,0,0,0,0,0,0,0,0,0,0,0,0,0,0,0,0,0,0,0,0,0,0,0,0,0,0,0
"GCCCGTGGCATCGTCGGCTCGGCGGACCAGCGCGACACGGTCGCCTCACCGATGTTCAAG",0,0,0,0,0,0,0,0,0,0,0,0,0,0,0,0,0,0,0,0,0,0,0,0,0,0,0,0,0,0,0,0,0,0,0,0,0,0,0,0,0,0,0,0,0,0,0,0,0,0,0,0,0,0,0,0,0,0,0,0,0,0,0,0,0,0,0,0,0,0,0,0,0,0,0,0,0,0,0,0,0,0
"GCCCGTGGCATCGTGGGTGACAAGCGTGGCATTCCGAAAATCGCGTCTCCGATTTTCAAA",0,0,0,0,0,0,0,0,0,0,0,0,0,0,0,1,0,0,0,0,0,0,0,0,0,0,0,0,0,0,0,0,0,0,0,0,0,0,0,0,0,0,0,0,0,0,0,1,0,0,0,0,0,0,0,0,0,0,0,0,0,0,0,0,0,0,0,0,0,0,0,0,0,0,0,0,0,0,0,0,0,0
"GCCCGTGGCCTGGTAGGGGACCTGCAGGGCCAGATCGTCGTTGCATCGCCGGTCTACACA",0,0,0,0,0,0,0,0,0,0,0,0,0,0,0,0,0,0,0,0,0,0,0,0,0,0,0,0,0,0,0,0,0,0,0,0,0,0,0,0,0,0,0,0,0,0,0,0,0,0,0,0,0,0,0,0,0,0,0,0,0,0,0,0,0,0,0,0,0,0,0,0,0,0,0,0,0,0,0,0,0,0
"GCCGACGGCCTCGTCGGCCAAGAGCCCAGCGAGACGTACATCTCGTGCCCGCTCCACAAG",0,0,0,0,0,0,0,0,0,0,0,0,0,0,0,0,0,0,0,0,0,0,0,0,0,0,0,0,0,0,0,0,0,0,0,0,0,0,0,0,0,0,0,0,0,0,0,0,0,0,0,0,0,0,0,0,0,0,0,0,0,0,0,0,0,0,0,0,0,0,0,0,0,0,0,0,0,0,0,0,0,0
"GCCGGGGGCGAATGCGCACAGCATCGAGGGACGGTCTACCTCGTGGCCCCCATCCACGAT",0,0,0,0,0,0,0,0,0,1,0,0,0,0,0,0,1,0,0,0,0,0,0,0,0,0,0,0,0,0,0,0,0,0,0,0,0,0,0,0,0,0,0,0,0,0,0,0,0,0,0,0,0,0,0,0,0,0,0,1,0,0,0,0,0,0,0,0,0,0,0,0,0,0,0,0,0,0,0,0,0,0
"GCCGTAGGCGAATGCACCGAGCACCGGGGTGTTCTCTATTTAGTCGCGCCGCTGTACGAT",0,0,0,0,0,0,0,0,0,0,0,0,0,0,0,0,0,0,0,0,0,0,0,0,0,0,0,0,0,0,0,0,0,0,0,0,3,0,0,0,1,0,0,0,0,0,0,0,0,1,0,0,1,0,0,0,0,1,0,1,0,0,0,0,0,0,0,4,4,0,0,0,2,3,1,0,0,2,0,0,0,0
"GCCGTAGGTGAGTGTACGGAGCACCGCGGACAAACTTTTTTAGTTGCCCCCCTGATGGAA",0,0,0,0,0,0,0,0,0,0,0,0,0,0,0,0,0,0,0,0,0,0,0,0,0,0,0,0,0,0,0,0,0,0,0,0,0,0,0,0,0,0,0,0,0,0,0,0,0,1,0,0,0,0,0,0,0,1,0,0,0,0,0,0,0,0,0,0,0,0,0,0,0,0,0,0,0,0,0,0,0,0
"GCCGTCGGCGAATGCGCCCAGCATCGCGGGCGATTGTACCTGGTCGATCCCGTTTACGAA",0,1,1,0,6,0,0,1,0,2,0,0,0,0,0,0,0,0,0,0,0,0,0,0,0,1,0,0,0,0,2,0,0,0,1,0,0,0,0,0,0,0,0,0,1,1,1,0,0,0,0,1,0,1,0,2,0,1,0,0,0,0,0,1,0,0,2,3,1,1,0,0,1,0,1,1,0,1,1,4,1,0
"GCCGTCGGCGAATGTACCGAACACAACGGCCAGCTTTTCCTCGTCGCGCCTCTCATTGAA",0,0,0,0,0,0,0,1,0,0,0,1,0,0,0,0,0,1,0,0,0,0,0,0,0,0,1,0,0,0,0,0,0,0,0,0,0,0,0,0,0,0,0,0,0,0,0,1,0,0,0,0,0,0,0,0,0,0,0,1,0,0,1,0,0,0,0,0,0,0,0,0,0,0,0,0,0,2,0,0,0,0
"GCCGTCGGCGAATGTTGTCAACACAAGGGGATGTGCTACATCGTCGAGCCGCTGTACGAG",0,0,0,0,0,0,0,0,0,0,0,0,0,0,0,0,0,0,0,0,1,0,0,0,0,0,0,0,0,0,0,0,0,0,0,0,0,0,0,0,0,0,0,0,0,0,0,0,0,0,0,0,0,0,0,0,0,0,0,0,0,0,0,0,0,0,0,0,0,0,0,0,0,0,0,0,0,0,0,0,0,0
"GCCGTCGGCGATGCCGCCGAGGTCAACGGCAAGCTGTTTTTCGTCTCGCCGATCCGCTCC",0,0,0,0,0,0,0,0,0,0,0,0,0,0,0,0,1,0,0,0,0,0,0,0,0,0,0,0,0,0,0,0,0,0,0,0,0,0,0,0,0,0,0,0,0,0,0,0,0,0,0,0,0,0,0,0,0,0,0,0,0,0,0,0,0,0,0,0,0,0,0,0,0,0,0,0,0,0,0,0,0,0
"GCCGTCGGCGTCGTCGCCGACCATCGCGGGCGTCTCTGGCCCGCGGCCGTCGTGCAGGCG",0,0,0,0,0,0,0,0,0,0,0,0,0,0,0,0,0,0,0,0,0,0,0,0,0,0,0,0,0,0,0,0,0,0,0,0,0,0,0,0,0,0,0,0,0,0,0,0,0,0,0,0,0,0,0,0,0,0,0,0,0,0,0,0,0,0,0,0,0,0,0,0,0,0,0,0,0,0,0,0,0,0
"GCCGTCGGTGATGTCGCCGAGTTCGCCGGTCGCACATGGGGGTTGTGGCCCGTCGCCGTG",0,0,0,0,0,0,0,0,0,0,0,0,0,0,0,0,0,0,0,0,0,0,1,0,0,0,0,0,0,0,0,0,0,0,0,0,0,0,0,0,0,0,0,0,0,0,0,0,0,0,0,0,0,0,0,0,0,0,0,0,0,0,0,0,0,0,0,0,0,0,0,0,0,0,0,0,0,0,0,0,0,0
"GCCGTGGGCGACGTGATCGAGCATCGCGGGCGAGTGTATCTGGTGGCGCCGCTCCGGGAT",0,0,0,0,0,0,0,0,0,2,0,0,0,0,0,0,0,0,0,2,0,0,0,0,0,0,0,0,0,0,0,0,0,0,0,0,0,0,0,0,0,1,0,0,0,0,0,0,0,0,0,0,0,0,0,0,0,0,0,0,0,0,0,0,0,0,0,0,0,0,1,0,0,0,0,0,0,0,0,0,0,0
"GCCGTGGGCGAGTGTGCCGAGCACAGGGGCAGGGTGTACTTGGTTGCCCCGCTGTGGGAG",1,0,2,1,0,0,2,0,0,2,1,0,2,0,0,2,2,0,0,0,2,2,1,3,3,0,0,0,1,1,0,0,0,0,0,0,0,0,1,0,1,0,2,0,1,2,0,0,1,0,0,1,0,0,1,0,1,0,1,1,1,2,2,2,0,0,0,0,0,0,2,1,0,0,2,1,1,0,1,1,0,0
"GCCGTGGGGGAGGTCGCGCAGCATCGGGGGATGGTGTATCTCGTTGCGCCGTTGTATGAG",0,0,0,0,0,0,0,0,0,0,0,0,0,0,0,0,0,0,0,0,0,0,0,0,0,0,0,0,0,0,0,0,0,0,0,0,0,0,0,0,0,0,0,0,0,0,0,0,0,0,0,0,0,0,0,0,0,0,0,0,0,0,0,0,0,0,0,0,0,0,0,0,0,0,0,0,0,0,0,0,0,0
"GCCGTTGGAGAATGCGTCCAACACCGGAATACCGTTTTCCTCGTGGCGCCGCTCTGGGAA",0,1,7,0,4,2,0,0,0,0,0,0,0,0,0,0,0,0,0,0,0,0,0,0,0,0,0,0,0,0,0,0,0,0,0,0,0,0,0,0,0,0,0,0,0,0,0,0,0,0,0,0,0,0,0,1,0,0,0,0,0,0,0,0,0,1,0,0,0,1,0,1,0,0,0,0,0,0,3,0,1,0
"GCCGTTGGCGAATGCGTGGAGCATCGCGGCACCACTTACCTAGTCGCGCCTCTCTATGAG",0,0,0,0,0,0,0,1,0,0,0,0,0,0,0,0,0,0,0,0,0,0,1,0,0,0,0,0,0,0,0,0,0,0,0,0,0,0,0,0,0,0,0,0,0,0,0,0,0,0,0,0,0,0,0,0,0,0,0,0,0,1,0,0,0,0,0,0,0,0,0,0,0,1,0,1,0,0,0,0,0,0
"GCCTTGGGGGAATGTGTCGAGCACCGGAACCAGCTTTTCCTTGTCGCACCGCTTTATGAT",0,0,0,0,0,0,0,0,0,0,0,0,0,0,0,0,0,0,0,0,0,0,0,0,0,0,2,0,0,0,0,0,0,0,0,0,0,0,0,0,0,0,0,0,0,0,0,0,0,0,0,0,0,0,0,0,0,0,0,0,0,0,0,0,0,0,0,0,0,0,0,0,0,0,0,1,0,0,0,0,0,0
"GCGATCGGCGAGTGCAACGAGCACCGTGGCGCCGTCTACGTGGTCGCCCCGCTGCGCATC",0,0,0,0,0,0,0,0,0,0,0,0,0,0,0,0,0,0,0,0,0,0,0,0,0,0,0,0,0,0,0,0,0,0,0,0,0,0,0,0,0,0,0,0,0,0,0,0,0,0,0,0,0,0,0,1,0,0,0,0,0,1,0,0,0,0,0,0,0,0,0,0,0,0,0,0,0,0,0,0,0,0
"GCGATCGGCGAGTGTGCGCAGCACCGCGGGCAGCTCTACCTCGTCGCGCCGCTATGGGAG",4,2,0,3,0,3,8,10,10,4,9,7,9,8,6,6,8,12,11,3,12,7,8,8,3,5,9,11,11,6,8,8,6,9,11,9,5,4,8,4,6,9,8,5,4,9,3,3,6,2,3,5,8,5,3,7,3,3,2,4,5,4,7,7,2,5,8,2,3,0,4,5,1,6,8,2,5,4,4,3,0,5
"GCGCGACACCTGCTCGGCGAATCTCAATTGCAGTTCCTCGGCGCCGACATGAGCACCAAG",0,0,0,0,0,2,0,0,0,0,0,0,0,0,0,0,0,0,0,0,0,0,0,0,0,0,0,0,0,0,0,0,0,0,0,0,0,0,0,0,0,0,0,0,0,0,0,0,0,0,0,0,0,0,0,0,0,0,0,0,0,0,0,0,0,0,0,0,0,0,0,0,0,0,0,0,0,0,0,0,0,0
"GCGCGCGGAATCGTGGGGAATCGCGGGCCGATCCCCAAAATTGCCTCCCCGATCTTCAAA",0,0,0,0,0,0,0,0,0,0,0,0,0,0,0,0,0,0,0,0,0,0,0,0,0,0,0,0,0,0,0,0,0,0,0,0,0,0,0,0,0,0,0,0,0,0,0,0,0,0,0,0,0,0,0,0,0,0,0,0,0,0,0,0,0,0,0,0,0,0,0,0,0,0,0,0,0,0,0,0,0,0
"GCGCGCGGCAGCGTCGTGAAGCGAACCGGGGTGGCGCACGTGGTCTCGCCCATCTACCAA",0,0,0,0,0,0,0,0,0,0,0,0,0,0,0,0,0,0,0,0,0,0,0,0,0,0,0,0,0,0,0,0,0,0,0,0,0,0,0,0,0,0,0,0,0,0,0,0,1,0,0,0,0,0,0,0,0,0,0,0,0,0,0,0,0,0,0,0,0,0,0,0,0,0,0,0,0,0,0,0,0,0
"GCGCGCGGCATCGTTGGAGATCGCAAGGGCGTTCTTAAAGTGGCATCGCCCATCTACAAG",0,0,0,0,2,0,0,1,0,1,0,0,0,0,0,0,0,0,0,0,0,0,0,0,0,1,0,0,0,0,0,0,0,0,0,0,0,0,0,0,0,0,0,0,0,0,0,0,0,0,0,0,0,0,0,0,0,0,0,0,0,0,0,0,0,0,0,0,0,0,0,0,0,0,0,0,0,0,0,0,0,1
"GCGCGCGGCCTCATTGGGGACATCGGCGGTGAGTTGGTGGTGGCTTCTCCGATCTTCAAG",0,0,1,0,1,0,0,0,0,0,0,0,0,0,0,0,0,0,0,0,0,0,0,0,0,0,0,0,0,0,0,0,0,0,0,0,0,0,0,0,0,0,1,0,0,0,0,0,0,0,0,0,0,0,0,0,0,0,0,0,2,0,0,0,0,0,0,0,0,0,0,0,0,0,0,0,0,0,0,1,1,0
"GCGCGCGGCCTCGTCGGATCGGTCGGCGATGTGACGTACGTGTCGTCCCCGCTCCACAAG",0,0,0,0,0,0,0,0,0,0,0,0,0,0,0,0,0,0,0,0,0,0,1,0,0,0,0,0,0,0,0,0,0,0,0,0,0,0,0,0,0,0,0,0,0,0,0,0,0,0,0,0,0,0,0,0,0,0,0,0,1,0,0,0,0,0,0,0,0,0,0,0,0,0,0,0,0,0,0,0,0,0
"GCGCGCGGCCTCGTCGGGTCGCGCGGGCCCGACCCGTTCGTCGCCACGCCGATGGACCCG",0,0,0,0,0,0,0,0,0,0,0,0,0,0,0,0,0,0,0,0,0,0,0,0,0,0,0,0,0,0,0,0,0,0,0,0,0,0,0,0,0,0,0,0,0,0,1,0,0,0,0,0,0,0,0,0,0,0,0,0,0,0,0,0,0,0,0,0,0,0,0,0,0,0,0,0,0,0,0,0,0,0
"GCGCGCGGCCTGACCGGCATGCACACGGATGTGCTCGTCGTCGGCAACGGCATGGTCGGG",0,0,0,0,0,0,0,0,0,0,0,0,0,0,0,0,0,0,0,0,0,0,0,0,0,0,0,0,0,0,0,0,0,0,0,0,0,0,0,0,0,0,0,0,0,0,0,0,0,0,0,0,0,0,0,0,0,0,0,0,0,0,0,0,0,0,0,0,0,0,0,0,0,0,0,0,0,0,0,0,0,0
"GCGCGCGGCCTTCTCGGGTCGACCGGGGACGTCGACTACGTGGCATCTCCGTTGCTGAAA",0,4,0,0,1,0,0,0,0,0,0,0,0,0,0,0,0,0,0,0,0,0,0,0,0,0,0,0,0,0,0,0,0,0,0,0,0,0,0,0,0,0,0,0,0,0,0,0,0,0,0,0,0,0,0,0,0,0,0,0,0,0,0,0,0,0,0,0,0,0,0,0,0,0,0,0,0,0,0,2,0,0
"GCGCGCGGCTCCGGCCTCGAGCTCGATCGCGCGATCGTCGTCGATGACCAGCTGCGAACC",0,0,0,0,0,0,0,0,0,0,0,0,0,0,0,0,0,0,0,0,0,0,0,0,0,0,0,0,0,0,0,0,0,0,0,0,0,0,0,0,0,0,0,0,0,0,0,0,0,0,0,0,0,0,0,0,0,0,0,0,0,0,0,0,0,0,0,0,0,1,0,0,0,0,0,0,0,0,0,0,0,0
"GCGCGCGGCTTGATCACGCACGGCTGCGAGGTGGTGCACCTGGCGTCCACGCTGATGAAC",0,0,0,0,0,0,0,0,0,0,0,0,0,0,0,0,0,0,0,0,1,0,0,0,0,0,0,0,0,0,0,0,0,0,0,0,0,0,0,0,0,0,0,0,0,0,0,0,0,0,0,0,0,0,0,0,0,0,0,0,0,0,0,0,0,0,0,0,0,0,0,0,0,0,0,0,0,0,0,0,0,0
"GCGCGCGGGCTCACCGGCAACCTGCAGGGCGAGCGCGTGGTCGCGTCGCCTATCTACAAG",4,0,0,1,1,0,3,2,2,1,2,6,0,3,0,2,0,0,0,3,2,3,4,0,4,5,4,1,1,0,0,0,1,0,3,0,2,2,4,3,4,2,2,0,0,0,4,1,0,0,0,2,1,1,2,0,2,2,0,1,2,5,0,0,0,0,0,0,0,0,1,0,1,0,0,0,2,1,0,0,0,3
"GCGCGCGGGCTCCTCGGTTCGTTAGGAGCAGTGCTCTACGTCTCTTCACCGATGTTGAAG",0,0,0,0,0,0,0,0,0,0,0,0,0,0,0,0,0,0,0,0,0,0,0,0,0,0,0,0,0,0,0,0,0,0,0,0,0,0,0,0,0,0,0,0,0,0,0,0,0,0,0,0,0,0,0,0,0,0,0,0,0,0,0,1,0,0,0,0,0,0,0,0,0,0,0,0,0,0,0,0,0,0
"GCGCGCGGGGTCGTGAGTGAGCGCGATGACGTGCCGAACATCGCCTCGCCCATCTACGAG",0,0,0,2,0,0,0,0,0,0,0,1,0,0,0,0,0,0,0,0,0,0,0,0,0,1,0,0,0,0,0,0,0,0,0,0,0,0,0,0,0,0,0,4,0,0,0,1,0,0,0,0,1,0,0,0,0,0,2,0,0,1,0,0,0,0,0,0,0,0,0,0,0,0,0,0,0,0,0,0,0,0
"GCGCGGGGACTCGTCGGCATCCGCGGTGACGTGCTGTGCGTGGCGTCGCCGCTGCACCGG",1,0,0,2,0,0,1,0,0,0,0,0,0,1,0,0,0,0,0,0,0,0,0,0,0,2,0,0,0,0,1,0,0,0,1,1,1,0,0,0,0,0,0,0,0,1,0,0,0,0,0,0,0,0,0,0,0,0,0,0,0,0,0,0,0,0,0,0,0,0,0,0,0,0,0,0,3,0,1,0,0,0
"GCGCGGGGCATCACCGGCTCGCGCGGGGAGGTGCCGACCATCGCGTCGCCCGTCTACAAG",0,0,0,0,0,0,0,0,0,0,0,0,0,0,0,0,0,0,0,0,0,0,1,2,0,0,1,0,0,0,0,0,0,1,0,0,0,0,0,0,0,0,0,0,0,0,0,0,0,0,0,0,0,0,0,0,0,0,0,0,0,0,0,0,0,0,0,1,0,0,0,0,0,0,0,0,0,0,0,0,0,0
"GCGCGGGGCATCGTCGGCTGGCGCGACGGCGTTCCCTTCGTCGCCCCGCCCCAGCATGGT",0,0,0,0,0,0,0,0,0,0,0,0,0,0,0,0,0,0,0,0,0,0,0,0,0,0,0,0,0,0,0,0,0,0,0,0,0,0,0,0,0,0,0,0,0,0,0,0,0,0,0,0,0,0,0,0,0,0,0,0,0,0,0,0,0,0,0,0,0,0,0,0,0,0,0,0,0,0,0,0,0,1
"GCGCGGGGCATCGTGGGCCGCCGTGAGGGCGTGCCGTTCGTGGCCGGACCTGCGCACCGG",0,0,0,0,0,0,0,0,0,0,1,0,0,0,0,0,1,0,0,0,0,0,0,0,0,1,0,0,0,0,0,0,0,0,0,0,0,0,0,0,0,0,0,0,0,0,0,0,0,0,0,0,0,0,0,0,0,0,1,0,0,0,0,0,0,0,0,0,0,0,0,0,0,0,0,0,0,0,0,0,0,0
"GCGCGGGGGATCGTCGGCAGCCGCGGCGACGCCACGACCGTCGCCAGCCCGATGTACAAG",1,1,0,1,0,0,0,1,1,1,2,1,0,1,1,2,2,1,4,0,0,1,1,0,2,0,1,3,3,3,1,2,5,1,0,0,1,2,0,3,0,3,0,1,2,2,6,1,4,3,0,0,0,1,2,0,3,2,2,1,0,0,1,0,0,0,0,0,0,0,0,3,0,1,4,0,2,2,0,0,0,2
"GCGCGGGGGATCGTCGGGGATCACGCGGGCGTACCGAGAATTGCTTCGCCCATCTATCGG",0,0,0,0,0,0,0,0,0,0,0,0,0,0,0,0,0,0,0,0,0,0,0,0,0,0,0,0,0,0,0,0,0,0,0,0,0,0,0,0,0,0,0,0,0,0,0,0,0,0,0,0,0,0,0,0,0,0,0,0,0,0,0,0,0,0,0,0,0,0,0,0,0,0,0,0,0,0,0,0,0,0
"GCGCGTGGAATCGTCGGCGACCTGGCCGGGCAACCCGTCGTCGCTTCCCCGCTGTACAAG",1,0,0,0,0,0,0,0,0,0,2,0,0,0,0,0,0,0,0,0,0,0,0,0,1,0,0,0,0,0,0,0,0,0,0,0,0,0,1,0,0,0,0,2,0,0,0,0,0,0,0,0,1,0,0,0,0,0,0,0,0,0,0,0,0,1,0,0,0,0,0,0,0,0,0,0,0,1,0,0,0,0
"GCGCGTGGCATCGTCGGCAGTGTGGCAGGGGAGAGCTACGTCGCCTCACCCATGTACAAA",0,0,0,0,0,0,0,0,0,0,0,0,0,0,0,0,0,0,0,0,0,0,0,0,0,0,0,0,0,0,0,0,0,0,0,0,0,0,0,0,0,0,0,0,0,0,0,0,0,0,0,0,0,0,0,0,0,0,0,0,0,0,0,0,0,0,0,0,0,0,0,0,0,0,0,0,0,0,0,0,0,0
"GCGCGTGGCATCGTGGGCAGCCGCGGCTCGACTCCCACGGTCGCCTCGCCCTTACACAAG",0,0,0,0,0,0,0,0,0,0,0,0,0,0,0,0,0,0,0,0,0,0,0,0,0,0,0,0,0,0,0,0,0,0,0,0,0,1,0,0,0,0,0,0,0,0,0,0,0,0,0,0,0,0,0,0,0,0,0,0,0,0,0,0,0,0,0,0,0,0,0,0,0,0,0,0,0,0,0,0,0,1
"GCGCGTGGGATGATCGGAAGTACCCAATGTGAGCCTAAAGTAGCATGCCCCTTCCACAAA",0,0,0,0,0,0,0,0,0,0,0,0,0,0,0,0,0,0,0,0,0,0,0,0,0,0,0,0,0,0,0,0,0,0,0,0,0,0,0,0,0,0,0,0,0,0,0,0,0,0,0,0,0,0,0,0,0,0,0,0,0,0,0,0,0,0,0,0,0,0,0,0,0,0,0,0,0,0,0,0,0,0
"GCGCGTGTCCTCCTCGGGGATCAGCGAGGCACGCCAAAGGTCGCGTGTCCCCTGCACAAG",0,0,0,1,0,0,0,0,0,0,0,0,0,0,1,0,0,0,0,0,0,0,0,0,0,0,0,0,0,0,0,0,0,0,0,0,0,0,0,0,0,0,0,0,0,0,0,0,0,0,0,0,0,0,0,0,0,0,0,0,0,0,0,0,0,0,0,0,0,0,0,0,0,0,0,0,0,0,0,0,0,0
"GCGCTGGGCGAATGCGTTGAACACAACAAGCAGCTCTTCCTGGTGGCTCCTCTGTACGAC",0,0,0,0,0,0,0,0,0,0,0,0,0,0,0,0,0,0,0,0,0,0,0,0,0,0,0,0,0,0,0,0,0,0,0,0,0,0,0,0,0,0,0,0,0,0,0,0,0,0,0,0,0,0,0,0,0,0,0,0,0,0,0,0,0,0,0,0,0,0,0,0,0,0,0,0,0,0,0,0,0,0
"GCGGCGGGCGAACTGGCGCAATGGAAGGGACAGATGTGGGGCATTACCGCCGCCGCGGAA",0,0,0,0,0,0,0,0,0,0,0,0,0,0,0,0,0,0,0,0,0,0,0,0,0,0,0,0,0,0,0,0,0,0,0,0,0,0,0,0,0,0,0,0,0,0,0,0,0,0,0,0,0,0,0,0,0,0,0,0,0,0,0,0,0,0,0,0,0,0,0,0,0,0,0,0,0,0,0,0,0,0
"GCGGCGGGCGACGTGGCCGAGCACGCGGGGCGCGTGCACGGGCTCTCGCCGGTCGCGGTC",0,0,0,0,0,0,0,0,0,0,0,0,0,0,0,0,0,0,0,0,0,0,0,0,0,0,0,0,0,0,0,0,0,0,0,0,0,0,0,0,0,0,0,0,0,0,0,0,0,0,0,0,0,0,0,0,0,0,0,0,0,0,0,0,0,0,0,0,0,0,0,0,0,0,0,0,0,0,0,0,0,0
"GCGGTCGGCGAATGCGTTGAACATCGCGGTGCGCTTTACCTGGTGGCTCCGCTGATGGAA",0,8,2,0,4,15,0,0,0,0,2,0,0,0,1,0,0,0,0,0,1,0,1,0,3,0,0,0,0,1,1,2,0,2,0,0,1,1,4,4,1,0,1,0,0,0,0,0,0,0,0,1,1,0,3,2,3,3,0,2,2,0,2,3,6,1,1,2,1,2,0,0,0,1,1,2,1,6,0,6,6,3
"GCGGTCGGCGAGTGCGTCGAGCACGACGGCGTCTGCTACTTGGTGGCGCCGCTCATCGAG",0,0,0,1,0,0,3,2,1,2,1,0,0,0,4,3,1,0,2,0,1,2,1,1,2,0,1,1,3,1,5,2,1,1,0,0,1,3,0,1,6,1,5,0,4,2,2,1,8,3,0,2,3,2,5,3,1,7,0,0,1,1,5,1,1,0,0,1,3,0,1,4,3,4,5,0,1,2,1,0,0,0
"GCGGTCGGCGAGTGCGTCGAGCATAATGGCTTGGTTTACGTCGTCGCGCCCTTGTGGGAC",0,0,0,0,0,0,1,0,0,0,1,0,1,1,0,0,0,0,0,0,0,0,0,0,0,1,0,0,0,0,0,0,0,0,1,0,0,1,1,0,0,0,0,1,0,0,0,0,0,0,0,0,0,0,0,0,1,0,0,0,1,0,0,0,0,0,0,0,0,0,0,0,0,0,0,2,1,1,0,0,1,0
"GCGGTCGGCGATGTGGCCGAAGTGCACTCGCGCCTTTACTTCGTTTCGCCGATACGCTCG",0,0,0,0,0,0,0,0,0,0,0,0,1,0,0,2,0,0,0,0,0,0,0,0,0,1,0,0,0,0,0,0,0,0,0,0,0,0,0,0,0,0,0,0,0,0,0,0,0,0,1,0,0,0,0,0,0,0,0,0,0,0,0,0,0,0,0,0,0,0,0,0,0,0,0,0,0,0,0,0,0,0
"GCGGTCGGGGCGTGCGATCAGCATCGCGGCGTGGTATATCTGGTCGCACCACTTTACGAT",0,0,0,0,0,0,0,0,0,0,0,0,0,0,0,1,0,0,0,0,0,0,0,0,0,0,0,0,0,0,0,0,0,0,0,0,0,0,0,0,0,0,0,0,0,0,0,0,0,0,0,0,0,0,0,0,0,0,0,0,0,0,0,0,0,0,0,0,0,0,0,0,0,0,0,0,0,0,0,0,0,0
"GCGGTGGGCGAATGCGCCGAACACGACGGGAAGGTTTACATCGTCCCCCCGATCTGGGAA",2,0,0,2,0,0,0,2,1,1,1,1,0,0,1,0,2,1,3,1,0,1,4,0,1,0,2,2,1,4,1,0,0,0,0,0,1,1,1,2,0,1,1,4,0,3,1,5,0,0,0,0,1,0,0,1,1,1,1,0,0,0,0,0,1,0,0,0,0,1,1,0,3,2,1,1,0,1,2,0,0,1
"GCGGTGGGTGAATGCGCGGAACACAATGGTACGACCTACCTGGTCGCGCCCCTATACGAA",0,0,0,0,0,0,0,0,0,0,0,0,0,0,0,0,0,0,0,0,0,0,0,0,0,0,0,0,0,0,0,0,0,0,0,0,0,0,0,0,0,0,0,0,0,0,0,0,0,0,0,0,0,0,0,0,0,0,0,0,0,0,0,0,0,0,0,0,0,0,0,0,0,0,0,0,0,0,0,0,0,0
"GCGTTCGGCGAGTGCGCGGAGCATGCGGGCCGCACGTACATCGTGTCGCCGGTGTGGGAG",1,0,0,0,0,0,0,0,0,0,0,0,1,0,0,0,0,1,1,0,0,1,0,0,0,0,0,0,0,0,0,1,0,0,0,0,0,0,0,0,0,1,0,1,0,0,0,0,1,0,0,0,0,0,1,0,2,0,0,0,1,0,0,0,0,0,0,0,0,0,0,0,0,1,0,0,0,0,0,0,0,0
"GCTATTGGTGAAATAGCAGAGCACAATGGGAAGATCCTCATAACTGCGGCAGCGGAAAAA",0,0,0,1,0,0,0,0,0,0,0,1,0,0,0,0,0,0,0,0,0,0,1,0,0,0,0,0,0,0,0,0,0,0,0,0,0,0,0,0,0,0,0,0,0,0,0,0,0,0,0,0,0,0,0,0,0,0,0,0,0,2,0,0,0,0,0,0,0,0,0,0,0,0,0,0,0,0,0,0,0,1
"GCTATTGGTGAGATCGCCGAATTTGAAGGCACGCTGTATGGTATTACCGCTGCAGCGGAG",0,0,0,0,0,0,0,0,0,0,0,0,1,0,0,0,0,0,0,0,0,0,0,0,0,0,0,0,0,0,0,0,0,0,0,0,0,1,0,0,0,0,0,0,0,0,1,0,0,0,0,0,0,0,0,0,0,0,0,0,0,0,0,0,0,0,0,1,0,0,0,0,0,0,0,0,0,0,0,0,0,0
"GCTCGAGGATTGATCGGCGACATCAGGTCCGAGCGAGTGGTGGCCTCACCGATCTACAAG",0,0,0,0,0,0,0,0,0,0,0,0,0,0,0,0,0,0,0,0,0,0,0,0,0,0,0,0,0,0,0,0,0,0,0,0,0,0,0,0,0,0,0,0,0,0,0,0,0,0,0,0,0,0,0,0,0,0,0,0,0,0,0,0,0,0,0,0,0,0,0,0,0,0,0,0,0,0,0,0,0,0
"GCTCGCGGCCTTCTGGGCTCCAGTGGAACCACCCAGTATGTGGCGTCGCCGATGCACAAG",0,0,0,0,0,0,0,0,0,0,0,0,0,0,0,0,0,0,0,0,0,0,0,0,0,0,0,0,0,0,0,0,0,0,0,0,0,0,0,0,0,0,0,0,0,0,0,0,0,0,0,0,0,0,0,0,0,0,0,0,0,0,0,0,0,0,0,2,0,0,0,0,0,1,0,0,0,0,0,0,0,0
"GCTCGCGGTATCGTCGGGAGCTCAGGGGAGCGGGTCACTGTCGCCTCGCCCATGTACAAG",0,0,0,0,0,0,1,1,0,0,0,1,0,0,4,1,0,0,0,0,0,0,0,0,0,0,0,0,0,0,1,0,0,0,0,0,0,0,0,0,0,1,0,0,0,0,0,0,0,0,0,0,0,0,0,0,0,0,0,0,0,0,0,0,0,0,0,0,0,0,0,0,0,0,0,0,0,0,0,0,0,0
"GCTCGTGGTCTGGTGGGCACGCGTCAGGGCACACCGACGGTCGCCTCGCCGATGCACAAG",0,0,0,0,0,0,0,0,0,0,0,0,0,0,0,0,0,0,0,0,0,0,1,0,0,0,0,0,0,0,0,0,0,0,0,0,0,0,0,0,0,0,0,0,0,0,0,0,0,0,0,0,0,0,0,0,0,0,0,0,0,0,0,0,0,0,0,0,0,1,0,0,0,0,0,0,0,0,0,0,0,0
"GCTGTCGGTGAGATTGCTGAGCATGAAGGAAACCTGTATGGCTTCACTGCCGCTGCCGAA",0,0,0,0,0,0,0,0,0,0,0,0,0,0,0,0,0,0,0,0,0,0,0,0,0,0,0,0,0,0,0,0,0,0,0,0,0,0,0,0,0,0,0,0,0,0,0,1,0,0,0,0,0,0,0,0,0,0,0,0,0,0,0,0,1,0,0,0,0,0,0,0,0,0,0,0,0,0,0,0,0,0
"GGAAACGGCATGGTCGGCCATCGCTTTTGCGAGCGGTTGGTGGCTCATGACGTTGACCGC",0,0,0,0,0,0,0,0,0,0,0,0,0,0,0,0,0,0,0,0,0,0,0,0,0,0,0,0,0,0,0,0,0,0,0,0,0,0,0,0,0,0,0,0,0,0,0,0,0,0,0,0,0,0,0,0,0,0,0,0,0,0,0,0,0,0,0,0,0,0,0,0,0,0,0,0,0,0,0,0,0,0
"GGACGGGGGATTGTCTGCGATGTGGGCGGGGAAGTGGTGGTGGCCTCGCCGATCTTTAAG",0,0,0,0,0,0,0,0,0,0,0,0,0,0,0,0,0,0,0,0,0,0,0,0,0,0,0,0,0,0,0,0,0,0,0,0,0,0,0,0,0,0,0,0,0,0,0,0,0,0,0,0,0,0,0,0,0,0,0,0,0,0,0,0,0,0,0,0,0,0,0,0,0,0,0,0,0,0,0,0,0,0
"GGCAACGGCATGGTAGGCTACAAGTTCTGCGAGAAATTGGTAGCCAAACAAAAAAATGGA",0,0,0,0,0,0,0,0,0,0,0,0,1,0,0,0,0,0,0,0,0,0,0,0,0,0,0,0,0,0,0,0,0,0,0,0,0,0,0,0,0,1,0,0,0,0,0,0,0,0,0,0,0,0,0,0,0,0,0,0,0,0,0,0,0,0,0,0,0,0,0,0,0,0,0,0,0,0,0,0,0,0
"GGCAACGGCATGGTCGGCCACCGCTTCGTCGAGGCCGTCGTCGCCAGCGGCGCGGCCCAG",0,0,0,0,0,0,0,0,0,0,0,0,0,0,0,0,0,0,0,0,0,0,0,0,0,0,0,0,0,0,0,0,0,0,0,0,0,0,0,0,0,0,0,0,0,0,0,0,0,0,0,0,0,0,0,0,0,0,0,0,0,0,0,0,0,0,0,0,0,0,0,0,0,0,0,0,0,0,0,0,0,0
"GGCAACGGCATGGTCGGCCAGCGCTTCCTCGAGCAGCTGGTGCGCCATGCCAAGGACAAG",0,0,0,0,0,0,1,0,0,0,0,0,0,0,0,0,0,0,0,0,0,1,1,0,0,0,0,0,0,0,0,0,0,0,0,0,0,0,0,0,0,0,0,0,0,0,0,0,0,0,0,0,0,0,0,0,0,0,0,0,0,0,0,0,0,0,0,0,0,0,0,0,0,0,0,0,0,0,0,0,0,0
"GGCAACGGCATGGTGGGACACCACTTTGTGGAGTCACTGGTCAATGCGGGGCTCAAGGAC",0,0,0,0,0,0,0,0,0,5,0,0,0,0,0,0,0,0,1,0,0,0,0,0,0,0,0,0,0,0,0,0,0,0,0,0,0,0,0,0,0,0,0,0,0,0,0,0,0,0,0,0,0,0,0,0,0,0,0,0,0,0,0,0,0,0,0,0,0,0,0,0,0,0,0,0,0,0,0,0,0,0
"GGCAACGGCATGGTGGGCCAGCGGTTTTGCGAGCGGCTCGTCGAATTCGACATTGCGAAG",0,0,0,0,0,0,0,0,0,0,0,0,0,0,0,0,0,0,0,0,0,0,0,1,0,0,0,0,0,0,0,0,0,0,0,0,0,0,0,0,0,0,0,0,0,0,0,0,0,0,0,0,0,0,0,0,0,0,0,0,0,0,0,0,0,0,0,0,0,0,0,1,1,0,0,0,0,0,0,0,0,0
"GGCAACGGCATGGTTGGTCACAAGTTCCTTGATCTGTTGATT---AGCCGAGAAGCCCAG",0,0,0,0,0,0,0,0,0,0,0,0,0,0,0,0,0,0,0,0,0,0,0,0,0,0,0,0,0,0,0,0,0,0,0,0,0,0,0,0,0,0,0,0,0,0,0,0,0,0,0,0,0,0,0,0,0,0,0,0,0,0,0,0,0,0,0,0,0,0,0,0,0,0,0,0,0,0,0,0,0,0
"GGCAACGGCATGGTTGGTCATCGGTTTCTGGATTTGCTGATCCGACGCGGTGCGACCAAG",0,0,0,0,0,0,0,0,0,0,0,0,0,0,0,0,0,0,0,0,0,0,0,0,0,0,0,0,0,0,0,0,0,0,0,0,2,0,0,0,0,0,0,0,0,0,0,0,0,0,0,0,0,0,0,0,0,0,0,0,0,0,0,0,0,0,0,0,0,0,0,0,0,0,0,0,0,0,0,0,0,0
"GGCAACGGGATGGCGGCCGGGCGTCTGGAGGAGCTGTTCGTCCGCGCGCCGGATCGCTAC",0,0,0,0,0,0,0,0,0,0,0,0,0,0,0,0,0,0,0,0,0,0,0,0,0,0,0,0,0,0,0,0,0,0,0,0,0,0,0,0,0,0,0,0,0,0,0,0,0,0,0,0,0,0,0,0,0,0,0,0,0,0,0,0,0,0,0,0,0,0,0,0,0,0,0,0,0,0,0,0,0,0
"GGCAACGGGATGGTGGGGCACCGTTTCCTCGAGCTGCTGGTCGAGAGCGAG---CAGCGG",0,0,0,0,0,0,0,0,0,0,0,0,0,0,0,0,0,0,0,0,0,0,0,0,0,0,0,0,0,0,0,0,0,0,0,0,0,0,0,0,0,0,0,0,0,0,0,0,0,0,0,0,0,0,0,0,0,0,0,0,0,0,0,0,0,0,0,0,0,0,0,0,0,0,0,0,0,0,0,0,0,0
"GGCAACGGTATGGTCGGTCACCGCTTCTGCGAGCAACTGATTGCGCTGGACGCGGCAAAA",0,0,0,0,0,0,0,0,0,0,0,0,0,0,0,0,0,0,0,0,0,0,0,0,0,0,0,0,0,0,0,0,0,0,0,0,0,0,0,0,0,0,0,0,0,0,0,0,0,0,0,0,0,0,0,0,0,0,0,0,0,0,0,0,0,0,0,0,0,0,0,0,0,0,0,0,0,0,0,0,0,0
"GGCAATGGCATGGTAGGTCACAAGTTCCTAGAGTTAATGGTGAGCTCGGATGCTACCAAA",0,0,0,0,0,0,0,0,0,0,0,0,0,0,0,0,0,0,0,0,0,0,0,0,0,0,0,0,0,0,0,0,0,0,0,0,0,0,0,0,0,0,0,0,0,0,0,0,0,0,0,0,0,0,0,0,0,0,0,0,0,0,0,0,0,0,0,0,0,0,0,0,0,0,0,0,0,0,0,0,0,0
"GGCAATGGTATGGTAGGCTATAAATTTTGTGAGAAATTACTGGCATCCTCCCTGGCAAGC",0,0,0,0,0,0,0,0,0,0,0,0,0,0,0,0,0,0,0,0,0,0,0,0,0,0,0,0,0,0,0,0,0,0,0,0,0,0,0,0,0,0,0,0,0,0,0,0,0,0,0,0,0,0,0,0,0,0,0,0,0,0,0,0,0,0,0,0,0,0,0,0,0,0,0,0,0,0,0,0,0,0
"GGCATCGGCCTGATCCCC------AACGACGAGCTGGCGCGCGCTGCCGGCCTCGAGTGC",0,0,0,0,0,0,0,0,0,0,0,0,0,0,0,0,0,0,0,0,0,0,0,0,0,0,0,0,0,0,0,0,0,0,0,0,0,0,0,0,0,0,0,0,0,0,0,0,0,0,0,0,0,0,0,0,0,0,0,0,0,0,0,0,0,0,0,0,0,0,0,0,0,0,0,0,0,0,0,0,0,0
"GGCCACGGCATGGTCGCTCACCGGCTGGCGACCCTGCGCGAGCTCGATCCGGACAAGCGC",0,0,0,0,0,0,0,0,0,0,0,0,0,0,0,0,0,0,0,0,0,0,0,0,0,0,0,0,0,0,0,0,0,0,0,0,0,0,0,0,0,0,0,0,0,0,0,0,0,0,0,0,0,0,0,0,0,0,0,0,0,0,0,0,0,0,0,0,0,0,0,0,0,0,0,0,0,0,0,0,0,0
"GGCCACGGCATGGTCGGCCACAAGTTCCTCGAGACGCTGTTCGCCGACCCGGCGGCAGCG",0,0,0,0,0,0,0,0,0,0,0,0,0,0,0,0,0,0,0,0,0,0,0,0,0,0,0,0,0,0,0,0,0,0,0,0,0,0,0,0,0,0,0,0,0,0,0,0,0,0,0,0,0,0,0,0,0,0,0,0,0,0,1,1,0,0,0,0,0,0,0,0,0,0,0,0,0,0,0,0,0,0
"GGCCGCGGATTGCTCGGCACCGACGACGGCGTGCCGAAGGTCGCGTGTCCGATGCACAAG",0,0,0,0,0,0,0,0,1,1,1,0,0,1,0,0,1,0,1,0,0,0,1,1,0,0,0,1,0,1,0,2,0,1,0,0,2,0,0,0,0,0,0,0,0,0,0,0,1,0,0,0,1,0,0,0,0,0,0,0,1,1,0,0,0,0,0,0,0,0,0,0,0,0,0,0,3,0,0,0,0,0
"GGCCGCGGCATCGTGGGCACCCGCGGCGACGTCCCGTTCGTGGCCTCCACGACCGCACGG",1,0,0,0,0,0,0,0,0,0,0,0,1,0,0,0,0,0,0,0,0,0,0,0,0,0,0,0,0,0,0,0,0,0,0,1,1,0,2,0,0,0,0,0,1,0,0,0,0,0,0,0,0,0,0,0,0,0,0,0,0,0,0,0,0,0,0,0,0,0,0,0,0,0,0,0,0,0,0,0,0,0
"GGCCGCGGGCTCCTCGGTTCGCACTGTGGGGTACCGAAGGTCGCCTGCCCTCTCCACAAG",0,0,0,0,0,0,0,0,0,0,0,0,0,1,0,0,0,0,0,0,0,0,0,0,0,0,0,0,0,0,0,0,0,0,1,0,0,0,0,0,0,0,0,0,0,0,0,0,0,0,0,0,0,0,0,0,0,0,0,0,0,0,0,0,0,0,0,0,0,0,0,0,0,0,0,0,0,0,0,0,0,0
"GGCCGTGGCCTGATCGGCGATCAGCAGGGAGTGCCCAAGGTAGCCTGCCCGCTCCACAAG",0,0,0,0,0,0,0,0,0,0,0,0,0,0,0,0,0,0,0,0,0,0,0,0,0,0,0,0,1,0,0,0,0,0,0,0,0,0,0,0,0,0,0,0,0,0,0,0,0,0,0,0,0,0,0,0,0,0,0,0,0,0,0,0,0,0,0,0,0,0,0,0,0,0,0,0,0,0,0,0,0,0
"GGCGCTGGGTTCATCGGCCTGGAGGCTGTCGAGGCCCTCGTCGCCCGCGGCCTCGAGGTC",0,0,0,0,0,0,0,0,0,1,0,0,0,0,0,0,0,0,0,0,0,0,0,0,0,0,0,0,0,0,0,0,0,0,0,0,0,0,0,0,0,0,0,0,0,0,0,0,0,0,0,0,0,2,0,0,0,0,0,0,0,0,0,0,0,0,0,0,0,0,0,0,0,0,0,0,0,0,0,0,0,0
"GGCGGAGGATTACTTGGCCTTGAAGCTGCAAAAGCTATGGTGGACCTGGGAATGAAAAAA",0,0,0,0,0,0,0,0,0,0,0,0,0,0,0,0,0,0,0,0,0,0,0,0,0,0,0,0,0,0,0,0,0,0,0,0,0,0,0,0,1,0,0,0,0,0,0,0,0,0,0,0,0,0,0,0,0,0,0,0,0,0,0,0,0,0,0,0,0,0,0,0,0,0,0,0,0,0,0,0,0,0
"GGCGGCGGCATCATCGGCCTGGAGATGGCCACCGTGTACGACGCGCTCGGCGTCAAAGTG",1,0,0,1,0,0,1,0,1,0,0,2,1,1,0,3,0,0,0,4,2,1,0,2,0,0,0,3,0,6,0,1,0,1,0,0,0,0,0,1,0,0,2,0,0,0,0,0,0,0,0,1,1,0,1,0,0,0,0,0,0,2,0,0,0,0,0,0,0,0,1,0,0,0,0,0,0,0,0,0,0,0
"GGCTCCGGCTTCATCGGT---------------CTCGAGGTCGCAGCTTCCCTCAAAAAG",0,0,0,0,0,0,0,0,0,0,0,0,0,0,0,0,0,0,0,0,0,0,0,0,0,0,0,0,0,0,0,0,0,0,0,0,0,0,0,0,0,0,0,0,0,0,0,0,0,0,0,0,0,0,0,0,0,0,0,0,0,0,0,0,0,0,1,0,0,0,0,0,0,0,0,0,0,0,0,0,0,0
"GGGAATGGCATGGTCGGTCACAAATTGATTGACCTATTGATCCGGCGTGAT---GCTACT",0,0,0,0,0,0,0,0,0,0,0,0,0,0,0,0,0,0,0,0,0,0,0,0,0,0,0,0,0,0,0,0,0,0,0,0,0,0,0,0,0,0,0,0,0,0,0,0,0,0,0,0,0,0,0,0,0,0,0,0,0,0,0,0,0,0,0,0,0,0,0,0,0,0,0,0,0,0,0,0,0,0
"GGGCAGGGCCTCCTCAAGGAGAGGATCGAGCAGCTCGGGGTGCACGTCCACGTCTCGAAG",0,0,0,0,0,0,0,0,0,0,0,0,0,0,0,0,0,0,0,0,0,0,0,0,0,0,0,0,0,1,0,0,0,0,0,0,0,0,0,0,0,0,0,0,0,0,0,0,0,0,0,0,0,0,0,0,0,0,0,0,0,0,0,0,0,0,0,0,0,0,0,0,0,0,0,0,0,0,0,0,0,0
"GGGGCCGGGATGGTCGGCCACCGGTTCGTGGAGGAGCTCGTCGCACGGGAC---CGGAAG",0,0,0,0,0,0,0,0,0,0,0,0,0,0,0,0,0,0,0,0,0,0,0,0,0,0,0,0,0,0,0,0,0,0,0,0,0,0,0,0,0,0,0,0,0,0,0,0,1,1,0,0,0,0,0,0,0,0,0,0,0,0,0,0,0,0,0,0,0,0,0,0,0,0,0,0,0,0,0,0,0,0
"GGTCACGGCATGGTCAGTCACCACTTTCTTGAACAGCTGGTTGCCCGCGAACTGCATCAG",0,0,0,0,0,0,0,0,0,0,0,0,0,0,0,0,0,0,0,0,0,0,0,0,0,0,0,0,0,0,0,0,0,0,0,0,0,0,0,0,0,0,0,0,0,0,0,0,0,0,0,0,0,0,0,0,0,0,0,0,0,0,0,2,1,0,0,0,0,0,0,0,0,0,0,0,0,0,0,0,0,0
"GGTCGCGGGCTGATCGGCAGCATCAAGGGCGATCTGGTGATTGCCTCGCCACTCTACAAA",0,0,0,0,0,0,0,2,0,0,0,0,0,0,0,0,0,0,0,0,0,0,0,0,0,0,0,0,0,0,0,0,0,0,0,0,0,0,1,1,0,0,0,1,0,0,0,0,0,0,0,0,0,0,0,0,0,0,0,1,0,1,0,0,0,0,0,0,0,0,0,0,0,0,0,0,0,0,0,0,0,0
"GTCGTAGGCGAGTGCGCACAGCATCGAGGCAGGCTATATCTGGTTCAACCGCTCTGGGAA",0,0,0,1,0,0,0,0,0,0,0,0,0,1,0,0,0,0,0,0,0,0,0,0,0,0,0,0,0,0,0,0,0,0,0,0,0,0,0,0,0,0,0,0,0,0,0,0,0,0,1,0,0,0,0,2,0,0,0,0,0,0,0,1,0,0,0,0,0,3,0,0,0,0,0,0,0,0,2,0,0,0
"GTCGTAGGCGAGTGCGCGCAGCACGATGGAAAATTCTACCTGGTAGCCCCGCTTTGGGAC",0,0,1,0,0,1,0,1,0,0,0,0,3,0,0,0,0,0,0,1,0,0,0,0,0,0,1,0,0,0,0,0,0,0,0,0,0,0,0,0,0,0,0,0,0,0,0,0,0,0,0,2,0,0,0,0,0,0,0,0,0,0,0,0,2,0,0,0,1,2,2,0,0,0,0,2,0,0,3,0,0,0
"GTGGTCGGCGAATGTGCGGAACACGATGGTCGTGTTTACCTTGTCGCGCCACTTTGGGAT",0,0,0,0,0,0,0,0,0,0,0,0,0,0,0,0,0,0,0,0,0,0,0,0,0,0,0,0,0,0,0,0,0,0,0,0,0,0,0,0,0,0,0,0,0,0,0,0,0,0,0,0,0,0,0,0,0,0,0,0,0,0,0,0,0,0,0,0,0,0,0,0,0,0,0,0,0,0,0,0,0,0
"GTGGTCGGGATCGGCGTCGCGCCCGACGACCGGCTCGCGCGAGCGGCCGGGCTCGCCGCA",0,0,0,0,0,0,0,0,0,0,0,0,0,0,0,0,0,0,0,0,0,0,0,0,0,0,0,0,0,0,0,0,0,0,0,2,0,0,0,0,0,0,0,0,0,0,0,0,0,0,0,0,0,0,0,0,0,0,0,0,0,0,0,0,0,0,0,0,0,0,0,0,0,0,0,0,0,0,0,0,0,0
"GTGGTTGGCGAATGCGCGCAACATCGTGGTGTGACGTATTTGGTCGCCCCGTTGTGGGAA",1,0,0,1,0,0,0,0,1,0,1,1,1,0,0,0,0,0,0,1,0,0,0,0,2,0,0,0,0,0,1,0,2,1,0,0,0,0,0,1,0,0,0,0,0,0,0,0,0,0,0,0,0,0,0,0,0,0,0,0,0,0,0,0,0,0,0,0,0,0,0,0,0,0,0,0,0,0,0,0,0,0
"GTTCGCGGCTTCGTCACCGGCGAGCCAGCTCAGGTTCCGCTGGCAGGACCAGCGAACCGC",0,0,0,0,0,0,0,0,0,0,0,0,0,0,0,0,0,0,0,0,0,0,0,0,0,0,0,0,0,0,0,0,0,0,0,0,0,0,0,0,0,0,0,0,0,0,0,0,0,0,0,0,0,0,0,0,0,0,0,0,0,0,0,1,0,0,1,0,0,0,0,0,0,0,0,0,0,0,0,0,0,0
"GTTGTGGGCGAATGTGCCCAGCATCAGGGAAAAGTCTATCTCGTGGCGCCATTGTGGGAG",0,0,0,0,0,0,0,2,0,0,0,0,0,0,0,1,0,0,1,0,0,0,0,1,0,1,0,0,0,0,0,0,0,0,0,0,0,0,0,0,0,0,0,0,0,0,0,1,0,1,3,0,0,0,0,0,1,0,0,0,0,0,0,4,2,1,2,0,0,0,0,0,0,0,0,2,0,0,0,0,0,1
"TACCGCCGAATCGTCGAACACCACGGCGGCGAAGTCGAGGTCGCATCGCCTCTCTACAAG",0,0,0,0,0,0,0,1,0,0,0,0,0,0,0,0,0,0,0,0,0,0,0,0,0,0,0,0,0,0,0,0,0,0,0,0,0,0,0,0,0,0,0,0,0,0,0,0,0,0,0,0,0,0,0,0,0,0,0,0,0,0,0,0,0,0,0,0,0,0,0,0,0,0,0,0,1,0,0,0,0,0
"TCAAGAGGAATGATCGGATCTCATGGAAACGATTGTAAAGTTGCCTGTCCTTTTCACAAG",0,0,0,0,0,0,0,0,0,0,0,0,0,0,0,0,0,0,0,0,0,0,0,0,0,0,0,0,0,0,0,0,0,0,0,0,0,0,0,0,0,0,0,0,0,0,0,0,0,0,0,0,0,0,0,0,0,0,0,0,0,0,0,0,0,0,0,0,0,0,0,0,0,0,0,0,0,0,0,0,0,0
"TCAAGAGGAATGATTGGTTCTGCTGATGAAATTCCTAAAATAGCCTGTCCAATGCACAAG",0,0,0,0,0,0,0,0,0,0,0,0,0,0,0,0,0,0,0,0,0,0,0,0,0,0,0,0,0,0,0,0,0,0,0,0,0,0,0,0,0,0,0,0,0,0,0,0,1,0,0,0,0,0,0,0,0,0,0,0,0,0,0,0,0,0,0,0,0,0,0,0,0,0,0,0,0,0,0,0,0,0
"TCAAGAGGTATGATTGGAAGTACCGGTGATGAACCTAAGGTTGCTTGCCCTTTTCACAAA",1,0,0,0,0,0,1,0,2,1,0,0,0,0,0,0,0,0,1,0,0,0,0,0,0,0,0,0,0,0,0,0,0,1,0,0,0,0,0,0,0,0,0,0,0,0,0,0,0,0,0,0,0,0,0,0,0,0,1,0,1,1,0,0,0,0,0,0,0,0,0,0,0,0,0,0,0,0,0,0,0,0
"TCACAGGGGATTGTAGGGGATGAAAATGGAGTTTTGAAAGTGAGTTGCCCCATGCATAAG",0,0,0,0,0,0,0,0,0,0,0,0,0,0,0,0,0,0,0,0,0,0,0,0,0,0,0,0,0,0,0,0,0,0,0,0,0,0,0,0,0,0,0,0,0,0,0,0,0,0,0,0,0,0,0,0,0,0,0,0,0,0,0,0,0,0,0,0,0,0,0,0,0,0,0,0,0,0,0,0,0,0
"TCACGAGGGATCGTCGGCACGCGCGGCGGAATCCCGTTCGTGGCCTCGCCGATGCACAAG",2,0,0,3,0,1,5,2,3,0,3,1,3,3,0,1,6,0,2,1,1,1,1,5,3,3,5,1,1,0,1,5,8,5,0,2,2,3,1,1,3,0,2,0,1,0,2,0,1,5,3,0,0,3,3,2,1,0,5,1,0,3,0,0,1,3,4,1,0,0,0,3,2,0,0,4,0,0,1,0,2,5
"TCACGCGGAATCATCGGCGACCACGCGGGCATTCCCAAGGTAGCGTGCCCCCTGCACAAG",5,1,1,3,0,0,0,4,2,4,4,0,5,2,5,1,3,2,1,6,1,4,2,0,3,2,3,1,0,1,3,1,4,1,4,0,1,1,0,4,3,3,2,4,2,1,3,5,8,3,3,2,5,1,3,4,2,11,2,4,11,1,5,5,9,6,4,3,7,7,3,5,9,4,7,5,2,4,7,4,4,1
"TCACGCGGAATCGTTGGCTCAAAAGGTCACCACCACACCATCGCCTCGCCGTTGCACAAA",0,0,0,0,0,0,0,0,0,0,0,0,0,0,0,0,0,0,0,0,0,0,0,0,0,0,0,0,0,0,0,0,0,0,0,0,0,0,0,0,0,0,0,0,0,0,0,0,0,0,0,0,0,0,0,0,0,0,0,0,0,0,0,0,0,0,0,0,0,0,0,0,0,0,0,0,0,0,0,0,0,0
"TCACGCGGACTGCTTGGCGACCAAAATGGGACCCCGAAGGTCGCATGTCCATTGCACAAA",0,0,0,0,0,0,0,0,0,0,0,0,0,0,0,0,0,0,0,0,0,0,0,0,1,0,0,0,0,0,0,0,0,0,0,0,0,0,0,0,0,1,0,0,0,0,0,0,0,0,0,0,0,0,0,0,0,0,0,0,0,0,0,0,0,0,0,0,0,0,0,0,0,0,0,0,0,0,0,0,0,0
"TCACGCGGCATCATTGGTGATTTACAAGGTGAGCGCGTCGTCGCTTCACCCATTTATAAG",0,0,0,0,0,0,0,0,0,0,0,0,0,0,0,0,0,0,0,0,0,0,0,0,0,0,0,0,0,0,0,0,0,0,0,0,0,0,0,0,0,0,0,0,0,0,0,0,0,0,0,1,0,0,0,0,0,0,0,0,1,0,0,0,0,0,0,0,0,0,0,0,0,0,0,0,0,0,0,0,0,0
"TCACGCGGCATTATCGGCAGCCAGGAAGGCAAATTACAAGTCGCCTGCCCTCTCCATAAG",0,0,0,0,0,0,0,0,0,0,0,0,0,0,0,0,0,0,0,0,1,0,0,0,0,0,0,0,0,0,0,0,0,0,0,0,1,0,0,0,0,0,0,1,0,0,0,0,0,0,0,0,0,0,0,0,0,0,0,0,0,0,0,0,0,0,0,0,0,0,0,0,0,0,0,0,0,0,0,0,0,0
"TCACGCGGCATTATTGCTGAACATCAGGATGCGCTCTGGGTTGCCAGCCCGCTGAAAAAG",0,0,0,0,0,0,0,0,0,0,0,0,0,0,0,0,0,2,0,0,0,0,0,0,0,0,0,0,0,0,0,0,0,0,0,0,0,0,0,0,0,0,0,0,0,0,0,0,0,0,1,0,0,0,0,0,0,0,0,0,0,0,0,0,1,0,0,0,0,0,0,0,0,0,0,0,0,0,0,0,0,0
"TCACGCGGCGTCCTGGACCAGCGAGGCGGAATCGTCAAAGTGGCCTCGCCAATCTATAAA",0,0,0,0,0,0,0,0,0,0,0,0,0,0,0,0,0,0,0,0,0,0,0,0,0,0,0,0,0,0,0,0,0,0,0,0,0,0,0,0,0,0,0,0,0,0,0,0,0,0,0,0,0,0,0,0,0,0,0,0,0,0,0,0,0,0,0,0,0,0,0,0,0,0,0,0,0,0,0,0,0,0
"TCACGCGGGATCGTCGGGTCGGTTGGTGACCGGGTGACGGTTGCATCGCCGATCTACAAG",0,0,0,0,0,0,0,0,0,0,0,0,0,0,0,0,0,0,0,0,0,0,0,0,0,0,0,0,0,0,0,0,0,0,0,0,0,0,0,0,1,0,0,2,1,0,0,0,0,0,0,0,0,0,0,0,0,0,0,0,0,0,0,0,0,0,0,0,0,0,0,0,0,0,0,0,0,0,0,0,0,0
"TCACGCGGGCTGCTCGGCGCCTCCGGGGACGTCCACTACGTGGTGTCGCCCCTGCACAAG",0,0,0,0,0,0,0,0,0,0,0,0,0,0,0,0,0,0,0,0,0,0,0,0,0,0,0,0,0,0,0,0,0,0,0,0,0,0,0,0,0,0,0,0,0,0,0,0,0,0,0,0,0,0,0,0,0,0,0,0,0,0,0,0,0,0,0,0,0,0,0,0,0,0,0,0,0,0,0,0,1,0
"TCACGCGGTATTGTAGGCGATCGCGCCGGGATGGTGAAGGTGGCTTCACCGATTTATAAG",0,0,0,0,0,0,0,0,0,0,0,1,0,0,0,0,0,0,1,0,0,0,0,0,0,0,0,0,0,0,0,0,0,0,0,0,0,0,0,0,0,0,0,0,0,0,0,0,0,0,0,0,0,0,0,0,0,0,0,0,0,0,0,0,0,0,0,0,0,0,0,0,0,0,0,0,0,2,0,0,0,0
"TCACGCGGTATTGTCGGCGACCGTGGCGGGATTCCCATCATCCAGTCGCCGTTGAAGAAG",0,1,0,0,0,0,0,0,0,0,0,0,0,0,0,0,0,0,0,0,0,0,0,0,0,0,0,0,0,0,0,0,0,0,0,1,0,0,0,0,0,0,0,0,0,0,0,0,0,0,0,0,0,0,0,0,0,0,0,0,0,0,0,0,0,0,0,1,0,0,0,0,0,0,0,2,0,0,0,0,0,0
"TCACGGGGAATCGTGGGATCGCGCGGCGACCGCGCGACCATCGCGTCGCCGCTGAACAAG",1,0,0,0,0,0,0,0,0,2,0,1,0,0,0,0,0,0,0,0,0,0,0,1,2,3,2,0,0,0,1,0,0,0,0,3,1,2,0,0,1,1,0,3,0,0,0,0,0,0,0,0,0,0,0,0,0,2,1,0,0,0,1,1,0,0,0,0,0,0,0,0,0,0,1,0,0,0,0,1,0,1
"TCACGGGGAATGATCGGTGAGGAGCAGTGTGAGCCCAAGTTGGCCTGCCCTTTTCATAAA",0,0,0,0,0,0,0,0,0,0,0,0,0,0,0,0,0,0,0,0,0,0,0,0,0,0,0,0,0,0,0,0,0,0,0,0,0,0,0,0,0,0,0,0,0,0,0,0,0,0,0,0,0,0,0,0,0,0,0,0,0,0,0,0,0,0,0,0,0,0,0,1,0,0,0,0,0,0,0,0,0,0
"TCACGGGGGACTATTGGGGATCGAAAAGGTGTAATGAAAATCGCTTCCCCTGTTCATAAA",0,0,0,0,0,0,0,0,0,0,0,0,0,0,0,0,0,0,0,0,0,0,0,0,0,0,0,0,0,0,0,0,0,0,0,0,0,0,0,0,0,0,0,0,0,0,0,0,0,0,0,0,0,0,0,0,0,0,0,0,0,0,0,0,0,0,0,0,0,0,0,0,0,0,0,0,0,0,0,0,0,0
"TCACGGGGGATCGTGGGGGATCGTGAGGGGCGGCCCGTCGTCGCGTCACCCGTCTACAAA",0,0,0,0,0,0,0,0,0,0,0,0,0,0,0,0,0,0,0,0,0,0,0,0,0,0,0,0,0,0,0,0,0,0,0,0,0,0,0,0,0,0,0,0,0,0,0,0,0,0,0,0,0,0,0,0,0,0,0,0,0,2,0,0,0,0,0,0,0,0,0,0,0,0,0,0,0,0,0,0,0,0
"TCACGTGGACTCGTCGGCGATCTTGGTGGCGATCCTGTGGTGGCTTCGCCCATTTACAAG",0,0,0,0,1,0,0,0,0,0,0,0,0,0,0,0,0,0,0,0,0,0,0,0,0,0,0,0,0,0,0,1,0,0,0,0,0,1,0,0,1,0,0,0,1,3,1,0,0,1,0,2,0,0,0,0,0,0,2,0,0,0,0,0,1,1,0,0,0,0,0,0,2,0,1,0,0,0,0,0,0,0
"TCCAGAGGCATGATCGGTTCGCTACAGGGCGAACCCAAAGTGGCGTGCCCGTTTCATAAG",0,0,0,0,0,0,0,0,0,0,0,0,0,0,0,0,0,0,0,0,0,0,0,0,2,0,0,0,0,0,0,0,0,0,0,1,0,0,0,0,0,1,0,0,0,0,0,0,0,0,0,0,0,0,0,0,0,0,0,0,0,0,0,0,0,0,0,0,0,0,0,0,0,0,0,0,0,0,0,0,0,0
"TCCAGGGGCATCGTCGGCAGCCGAGGTGACATCCCGACGGTAGCGTCGCCACTCCACAAG",0,0,0,1,0,0,0,0,0,0,1,0,0,0,0,0,0,0,0,0,1,1,1,0,0,0,0,0,0,0,0,2,0,0,0,1,0,0,0,0,0,0,0,0,0,2,1,0,0,0,0,0,0,0,0,0,0,0,1,1,0,0,0,1,0,0,0,1,0,0,1,1,0,0,0,0,0,0,0,0,3,1
"TCCATTGGCGAAGCGGCATCGCACCAAGGCATGATTTATTTGGTTGCGCCAGGTTACGAA",0,0,0,0,0,0,0,0,0,0,0,0,0,0,0,0,0,0,0,0,0,0,0,0,0,0,0,0,1,0,0,0,0,0,0,0,0,0,0,0,0,0,0,0,0,0,0,0,0,0,0,0,0,0,0,0,0,0,0,0,0,0,0,0,0,0,0,0,0,0,0,0,0,0,0,0,0,0,0,0,0,0
"TCCCGAGGCATCGTGGGTGATAGCCACGGCATACCGAAGATATCGTCACCCCTCTACAAG",0,1,0,0,0,0,0,0,0,0,0,0,0,0,0,0,0,0,0,0,0,0,0,0,0,0,0,0,0,0,0,0,0,0,0,0,0,0,0,0,0,0,0,0,0,0,0,0,0,0,0,0,0,0,0,0,0,0,0,0,0,0,0,0,0,0,0,0,0,0,0,0,0,0,0,0,0,0,0,0,0,0
"TCCCGAGGCATGATCGGCGATCAAAACGGCAAACCCATCGTCGCCTGCCCAGTACACAAG",0,0,0,0,0,2,0,0,0,0,0,0,0,0,0,0,0,0,0,0,0,0,0,0,0,0,0,1,0,0,0,0,0,0,0,0,0,0,0,0,1,1,0,0,1,0,0,0,0,1,1,0,0,0,0,1,0,1,1,0,0,0,0,0,0,0,0,1,0,2,0,0,1,0,0,0,0,1,1,0,2,0
"TCCCGCCGCCTGACCGCAACCCACCAGGGACGGCCGTACGTGGCCTCAACGCAGCAGAAC",0,0,0,0,0,0,0,0,0,0,0,0,0,0,0,0,0,0,0,0,0,0,0,0,0,0,0,0,0,0,0,0,0,0,0,0,0,0,0,0,0,0,0,0,0,0,0,0,0,0,0,0,0,0,0,0,0,0,0,0,0,0,0,0,0,0,0,0,0,0,0,0,0,0,0,0,0,0,0,0,0,0
"TCCCGCGGAATCGTTGGAACCCAAGGCGAATCGCCAAAGGTCGCCTGTCCGCTCCACAAG",2,0,0,0,0,0,1,0,0,0,0,0,0,0,1,0,0,0,1,3,1,0,0,5,1,0,0,1,0,1,0,0,1,1,0,0,0,0,1,0,0,0,0,0,0,0,0,0,0,0,0,3,0,2,2,0,0,0,0,2,0,1,1,0,0,0,0,0,0,0,0,0,1,0,0,0,1,0,0,0,0,0
"TCCCGCGGACTGCTCGGCAGCCGGGGCGAGACCCCTGTGGTGATCTCGCCGATGCTGAAG",0,0,0,0,0,0,0,0,0,0,0,0,0,0,0,0,0,1,0,0,0,0,0,0,0,0,0,0,0,0,0,0,0,0,0,0,0,0,0,0,0,0,0,0,0,0,0,0,0,0,0,0,0,0,0,0,0,0,0,0,0,0,0,0,0,0,0,0,0,0,0,0,0,0,0,0,0,0,1,0,0,0
"TCCCGCGGCATCGTCGGAACTCGTGACCACACTCCTGTCGTCGCGTCGCCGATGTTCAAG",0,0,0,0,0,0,0,0,0,0,0,1,0,0,0,1,0,0,0,0,0,0,0,0,1,0,0,0,0,0,0,0,0,0,0,2,0,0,0,0,0,1,0,0,1,1,1,1,0,0,3,0,0,0,5,2,0,0,2,2,0,0,0,0,0,2,1,2,3,0,0,1,1,0,4,2,0,0,0,1,0,0
"TCCCGCGGCATCGTCGGCGACCGCGCCGGGTACCCCGTCGTGCAATCACCACTGAAAAAA",0,0,0,0,3,0,0,0,0,0,0,0,0,0,0,0,0,0,0,0,0,0,0,0,0,0,0,0,0,0,0,0,0,0,0,0,0,0,0,0,0,0,0,0,0,0,0,0,0,0,0,0,0,0,0,0,0,0,0,1,0,0,0,0,0,0,0,0,0,0,0,0,0,0,0,0,0,0,0,0,0,0
"TCCCGCGGCATCGTCGGCTCGAGGGGAGACACCGATGTCGTGTTCTCGCCCATGTACAAG",0,0,0,0,0,0,0,0,0,0,0,0,0,0,0,0,0,0,0,0,0,0,0,0,0,0,0,0,0,0,0,0,0,0,0,0,0,0,0,0,0,0,0,0,0,0,0,0,0,0,0,0,0,0,0,0,0,0,0,0,0,0,0,0,0,0,0,0,0,0,0,0,0,1,0,0,0,0,0,0,0,0
"TCCCGCGGCATTACCGGGGATAAAGAAGGAGAGCCGAAAGTGGCCTGTCCTTTCCACAAA",0,7,3,0,2,8,0,1,0,1,0,0,0,0,0,0,0,0,0,0,0,0,0,0,1,0,0,0,0,0,0,0,0,0,0,0,0,1,0,0,2,0,0,2,1,1,1,0,0,0,0,0,1,0,1,2,0,0,0,0,0,0,1,2,2,0,0,0,0,0,0,1,0,2,1,0,0,1,0,4,6,0
"TCCCGCGGCCTGATCGGCTCCACCGGCGGGGTGGACTACGTCGCCTCGCCGATGTTCAAG",0,12,26,0,4,8,0,0,0,0,0,3,0,0,1,0,0,0,0,0,0,0,0,0,0,0,0,0,0,0,0,1,0,0,0,0,0,0,1,0,0,0,0,0,0,1,2,2,0,1,3,8,3,1,0,0,0,1,0,1,0,0,2,1,1,8,0,4,3,3,1,1,3,0,2,6,0,6,4,8,7,0
"TCCCGCGGCTTCATCGGCCAGCGCGACGGCCGGCCGACGATCTCCTCGCCGGTGCACCGC",0,0,0,0,0,1,0,0,0,0,0,0,0,0,0,0,0,0,0,0,0,0,0,0,0,0,0,0,0,0,0,0,0,0,0,0,0,0,0,0,0,0,0,0,0,0,0,0,0,0,0,0,0,0,0,0,0,0,0,0,0,1,0,0,0,0,0,0,0,0,0,0,0,0,0,0,0,0,0,0,0,0
"TCCCGCGGGATCGTCGGCAGTCGCGGGGACGTACCCGTGGTCAGCTCGCCGATGTACCAG",0,0,0,0,0,0,0,0,0,0,0,0,0,0,0,0,0,0,0,0,0,0,0,0,0,0,0,0,0,0,0,0,0,0,0,0,0,0,0,0,0,0,0,0,0,0,0,0,0,0,0,0,0,0,0,0,0,0,0,0,0,0,0,0,0,0,0,0,0,0,0,0,0,0,0,0,0,0,0,0,0,0
"TCCCGCGGTGTCCTCGGCGATATAGACGGCCGCCTGGTGGTGTCGTCGCCGCTGTACAAA",1,0,0,0,0,0,0,0,0,0,0,0,0,0,0,1,0,0,0,0,0,0,0,0,0,0,0,0,0,0,0,0,0,0,0,0,0,0,0,0,0,0,0,0,0,0,0,0,0,0,0,0,0,0,0,0,0,0,0,0,0,0,0,0,0,0,0,0,0,0,0,0,0,0,0,0,0,0,0,0,0,0
"TCCCGGGGACTGGTCGGCGACCGGCACGGTGAACCCACCGTTGCGTCGCCACTGCTCAAG",0,0,0,0,0,1,0,0,0,0,0,2,0,0,2,0,0,0,0,0,0,0,0,0,0,0,0,0,2,0,0,1,0,0,0,0,0,0,0,0,0,0,0,0,0,0,0,0,0,0,0,0,1,0,0,0,2,0,0,1,0,0,0,0,0,0,0,0,0,0,1,2,0,0,0,0,0,2,0,0,0,0
"TCCCGGGGCCACGTCGGCACCCGGGGGCCTACGCCGACCGGCGCGTCGCCGATGCAAAAG",0,0,0,0,0,0,0,0,0,0,0,0,0,0,0,0,0,0,0,0,0,1,0,0,0,0,0,0,0,0,0,0,0,0,0,0,0,0,0,0,0,0,0,0,0,0,0,0,0,0,0,0,0,0,0,0,0,0,0,0,0,0,0,0,0,0,0,0,0,0,0,0,0,0,0,0,0,0,0,0,0,0
"TCCCGGGGCCTGACCGGGATGTCCGACGGCACCGCGACCGTGGCCTCGCCCATGTACAAA",0,0,0,0,0,0,0,0,0,0,0,0,0,0,0,0,0,0,0,0,0,0,0,0,0,0,0,0,0,0,0,0,0,0,0,0,0,0,0,0,0,0,0,0,0,0,0,1,0,1,0,0,0,0,0,0,0,0,0,0,0,0,0,0,0,0,0,0,0,0,0,0,0,0,0,0,0,0,0,0,0,0
"TCCCGGGGCCTGGTGGGCTCAGTGGAACAGGTTGACTACGTCGCCTCCCCTCTGCACAAG",0,0,0,0,1,0,0,0,0,0,0,0,0,0,0,0,0,0,0,0,0,0,0,0,0,0,0,0,0,0,0,0,0,0,0,0,0,0,0,0,0,0,0,0,0,0,0,0,0,0,0,0,0,0,0,0,0,0,0,0,0,0,0,0,0,0,0,0,0,0,0,0,0,0,0,0,0,0,0,0,0,0
"TCCCGGGGGATCGTCGGGTCGCGCGGCGACCGGGACGTGCTGATGAGCCCGATGCACAAG",2,0,0,0,0,0,0,0,0,1,1,0,0,0,1,0,0,1,0,0,0,0,0,0,0,0,1,0,0,1,1,0,0,0,0,1,0,0,0,1,0,3,0,2,2,1,0,2,1,0,2,0,0,0,0,0,0,1,4,0,1,0,0,0,0,0,0,0,1,0,1,1,0,3,1,1,1,0,0,1,0,4
"TCCCGGGGGCTCATAGGGGACTCTTGTGGTGAACCTAAAGTAGCATGTCCTTTTCATAAA",0,0,0,0,0,0,0,0,1,0,0,0,0,0,0,0,0,0,0,0,0,0,0,0,0,0,0,0,0,0,0,0,0,0,0,0,0,0,0,0,0,0,0,0,0,0,0,0,0,0,0,0,0,0,0,0,0,0,0,0,0,0,0,0,0,0,0,0,0,0,0,0,0,0,0,0,0,0,0,0,0,0
"TCCCGGGGGCTGGTCGGATGCCTGGGCGGGCGGGACACGGTGGCGTCACCGCTGCTGAAG",0,0,0,0,0,0,0,0,0,0,0,0,0,0,0,0,0,0,0,0,0,0,1,0,0,0,0,0,0,0,0,0,0,0,1,0,0,0,0,0,0,1,1,0,0,0,0,0,0,0,0,0,0,0,0,0,0,0,0,0,0,0,0,0,0,0,0,0,0,0,0,0,0,0,0,0,0,0,0,0,0,0
"TCCCGGGGGCTGGTGGGCTCCAAGGGGGCGGTCCCGGTGGTGTGGTCCCCCATGTACAAG",0,0,0,0,0,0,0,0,0,0,0,0,0,0,0,0,0,0,0,0,0,0,0,0,0,0,0,0,0,0,0,0,0,0,0,0,0,0,0,0,0,0,0,0,0,0,0,0,0,0,0,0,0,0,0,0,0,0,0,0,0,0,0,0,0,0,0,0,0,0,0,0,0,0,0,0,0,0,0,0,0,0
"TCCCGGGGTATGACGGCCGGTGACAACAACGAACCCAAAGTCGCCTGCCCGTTTCATAAA",0,0,0,0,0,0,0,0,0,0,0,0,0,0,0,0,0,0,0,0,0,0,0,0,0,0,0,0,0,0,0,0,0,0,0,0,0,0,0,0,0,0,0,0,0,0,0,0,0,0,0,0,0,0,0,0,0,0,0,0,0,0,0,0,0,0,0,0,0,0,0,0,0,0,0,0,0,0,0,0,0,0
"TCCCGTGGACGTCTGGGCTCGACCGACGAGGTCGACTATGTCGCTTCACCCATACACAAG",0,1,0,0,0,0,0,0,0,0,0,0,0,0,0,0,0,0,0,0,0,0,0,0,0,0,0,0,0,0,0,0,0,0,0,0,0,0,0,0,0,0,0,0,0,0,0,0,0,0,0,0,0,0,0,0,0,0,0,0,0,0,0,0,0,0,0,0,0,0,0,0,0,0,0,0,0,0,0,0,0,0
"TCCCGTGGCATCGTGGGTACTAAAGACAACGTCCCTACTGTCGCGTCCCCGCTGCACAAG",0,0,0,0,1,0,0,0,0,0,0,0,0,0,0,0,0,0,0,0,0,0,0,0,0,0,0,0,0,0,0,0,0,0,0,0,0,0,0,0,0,0,0,0,0,0,0,0,0,0,0,0,0,0,0,0,0,0,0,0,0,0,0,0,0,0,0,0,0,0,0,0,1,0,0,0,0,0,2,0,2,0
"TCCCGTGGTATTCTTGGCGATGCCAATGGTAGCCCCAAAATCGCCTGCCCACTGCACAAA",0,0,0,1,0,0,0,0,0,0,0,0,0,0,0,0,0,0,0,0,0,0,0,0,0,0,0,0,0,0,0,0,0,3,0,0,0,0,1,0,0,1,0,0,0,0,0,0,0,0,0,0,0,0,0,0,0,0,0,0,0,0,0,0,0,0,0,0,0,0,0,0,0,0,0,0,0,0,0,0,0,0
"TCCGATGGCCTCATCGGAGACAAAGACGATAAACTATGGGTATCGTGTCCTTATCACAAG",0,0,0,0,0,0,0,0,0,0,0,0,0,0,0,0,0,0,0,0,0,0,0,0,0,0,0,0,0,0,0,0,0,0,0,0,0,0,0,0,0,0,0,0,0,0,0,0,0,0,0,0,0,0,0,0,0,0,0,0,0,0,0,0,0,0,0,0,0,0,0,0,0,0,0,0,0,0,0,0,0,0
"TCCGTCGGCGTC------CAGCCGCGCGACGAGCTGGCCGTCGCGTGCGGGCTGCAGCGA",0,0,0,0,0,0,0,0,0,0,0,0,0,0,0,0,0,0,0,0,0,0,0,0,0,0,0,0,0,0,0,0,0,0,0,0,0,0,0,0,0,0,0,0,0,0,0,0,0,0,0,0,0,0,0,0,0,0,0,0,0,0,0,0,0,0,0,0,0,0,0,0,0,0,0,0,0,0,0,0,0,0
"TCCTGTGGTATTTTGCCCAAT------AAAGAACTGGCGGTTGAGTGCGGCCTGAAAGTC",0,0,0,0,0,0,0,0,0,0,0,0,0,0,0,0,0,0,0,0,0,0,0,0,0,0,0,0,0,0,0,0,0,0,0,0,0,0,0,0,0,0,0,0,0,0,0,0,0,0,0,0,0,0,0,0,0,0,0,0,0,0,0,0,0,0,0,0,0,0,0,0,0,0,2,0,0,0,0,0,0,0
"TCGAAGTTCTTCGAGGGGGAGGACGCCGGAGCGCTGGCGCTCGCCTCGGCCGAGAAGTAC",0,0,0,0,0,0,0,0,0,0,0,0,0,0,0,0,0,0,0,0,0,0,0,0,0,0,0,0,0,0,0,0,0,0,0,0,0,0,0,0,0,0,0,0,0,0,0,0,0,0,0,0,0,1,0,0,0,0,0,0,0,0,0,0,0,0,0,0,0,0,0,0,0,0,0,0,0,0,0,0,0,0
"TCGAGAGGACTGACCGGTGACCACGGCGGGGAGCCGACCGTGGCCTCACCCCTGCTCAAG",0,0,0,0,0,0,0,0,0,0,0,0,0,0,0,0,0,0,0,0,0,0,0,0,0,0,0,0,0,0,0,0,0,0,0,0,0,0,0,0,0,0,0,0,0,0,0,0,0,0,0,0,0,0,0,0,0,0,0,0,0,0,0,0,0,0,0,0,0,0,0,0,0,0,0,0,0,0,0,0,0,0
"TCGAGAGGCATCGTCGGATCCAAAGGGGACGTCGTCAAAGTGACGTCGCCACTTTACAAA",1,0,0,0,0,0,0,0,0,0,0,1,0,0,3,0,0,1,0,0,0,0,0,0,2,0,1,0,2,0,0,0,1,0,2,1,1,2,1,0,0,1,0,0,0,0,0,0,0,0,0,0,0,0,0,0,0,0,0,0,0,0,0,0,0,0,0,0,0,0,0,0,0,0,0,0,0,0,0,0,0,0
"TCGAGGGGCATCGTGGGATCGATCGGGGACGCACCGGTCGTCGCATCGCCGATCTTCAAG",2,0,0,0,0,0,0,0,0,0,0,0,0,0,0,0,0,0,0,0,0,2,0,0,0,0,3,1,0,0,0,1,0,0,0,0,0,0,0,0,0,0,0,0,0,0,0,0,0,0,0,0,0,0,1,0,0,0,0,0,0,0,0,0,0,0,0,0,0,0,0,0,0,0,0,0,0,0,0,0,0,0
"TCGAGGGGGATTGTCGGCGACCGGGGCGGTGTCCCGGTCGCCGTGTCGCCGGTGTACAAG",0,0,0,0,0,0,0,0,0,0,0,0,0,0,0,0,0,0,0,0,1,0,0,0,0,0,0,0,0,0,0,0,0,0,0,0,0,0,0,0,0,0,0,1,0,0,0,0,0,0,0,1,0,0,0,0,1,0,1,0,0,0,0,0,0,0,0,0,0,0,0,0,0,0,0,0,0,0,0,0,0,0
"TCGAGGGGGATTGTCGGTTCGGACGGTGACATTGACTATGTCGCTTCTCCACTTCAGAAG",0,0,0,0,0,0,0,0,0,0,0,0,0,0,0,0,0,0,0,0,0,0,0,0,0,0,0,0,0,0,0,0,0,0,0,0,0,0,0,0,0,0,0,0,0,0,0,0,0,0,0,0,0,0,0,0,0,0,0,0,0,0,0,0,0,0,0,0,0,0,0,0,0,0,0,0,0,0,0,0,0,0
"TCGCGAGGCATCCTCGGCGATGTGCACGGCGAGCCGGTCGTGGCCTCGCCGGTCTACAAG",4,2,1,6,3,4,1,4,7,6,3,2,1,1,0,0,3,4,5,3,3,4,1,13,2,8,1,6,5,1,3,1,3,8,6,0,3,0,7,7,5,2,6,4,1,4,2,4,1,2,0,7,1,2,1,1,1,0,3,3,3,3,1,2,1,0,2,3,6,4,4,2,1,2,0,3,7,2,0,2,3,4
"TCGCGAGGCATTATCGGTACAGCCAACGATCAACCGAAGGTCGCCTGCCCCTTGCACAAG",0,0,0,0,0,0,0,0,0,0,0,0,0,0,0,1,0,0,0,0,0,0,0,0,0,0,0,0,0,0,0,0,0,0,0,0,0,0,0,0,0,0,0,0,0,0,0,0,0,0,0,0,0,0,0,0,0,0,0,0,0,0,0,0,0,0,0,0,0,0,0,0,0,0,0,0,0,0,0,0,0,0
"TCGCGAGGGTTTCTTATGTCAGCACGACAACGCTTGGTAATCGTCGGTGGCATGGTCGGT",0,0,0,0,0,0,0,0,0,0,0,0,0,0,0,0,0,0,0,0,0,0,0,0,0,0,0,0,0,0,0,0,0,0,0,0,0,0,0,0,0,0,0,0,0,0,0,0,0,0,0,0,0,0,0,0,0,0,0,0,0,0,0,0,0,0,0,0,0,0,0,0,0,0,0,0,0,0,0,0,0,0
"TCGCGAGGTTTGCTCGGCGACGCGGACGACAAGCCCAAGGTGGCCTGTCCGCAACATAAG",0,1,2,0,1,2,0,1,4,0,1,1,0,2,0,0,1,0,2,1,0,0,0,1,0,0,1,0,0,2,1,0,0,1,1,0,0,0,0,0,0,1,6,0,0,0,1,0,1,0,2,1,1,1,0,0,0,1,0,5,2,1,2,2,0,1,4,1,0,2,2,4,1,1,0,2,0,0,0,1,3,1
"TCGCGCGGAATTGTCGGCGATAAAAACGGCAAGCCAAAAGTCGCTTCGCCGGTTTATAAG",0,0,0,0,0,0,0,0,0,0,0,0,0,0,0,0,0,0,0,0,0,0,0,0,0,0,0,0,0,0,0,0,0,0,0,0,0,0,0,0,0,0,0,0,0,0,0,0,0,0,0,0,0,0,0,0,0,0,0,0,0,0,1,0,0,0,0,0,0,0,0,0,0,0,0,0,0,0,0,0,0,0
"TCGCGCGGATTGACCGGGTCGGTCGGCGATGCTCCGAAGGTCGTCTCGCCCGTGTTCAAG",0,0,0,0,0,0,0,0,0,0,0,0,0,0,0,0,0,0,0,0,0,0,0,0,0,0,1,0,0,0,0,0,0,0,0,0,0,0,0,0,0,0,0,0,0,0,0,0,0,0,0,0,0,0,0,0,0,0,0,0,0,0,0,0,0,0,0,0,0,0,0,0,0,0,0,0,0,0,0,0,0,0
"TCGCGCGGCACCGTGGCCGAGCGCGCCGGGGTCGCAAAAGTTTCCTCCCCGGTTTACAAA",0,0,0,0,0,0,0,0,0,0,0,0,0,0,0,0,0,0,0,0,0,0,1,0,0,0,0,0,0,0,0,0,0,0,0,0,0,0,0,0,0,0,0,0,0,0,0,0,0,0,0,0,0,0,0,0,0,0,0,0,0,0,0,0,0,0,0,0,0,0,0,0,0,0,0,0,0,0,0,0,0,0
"TCGCGCGGCATCATCGGATCCGCGGGCCACCGGCCCGGGGTCGTGTCCCCCGTCTTCAAG",0,0,0,0,0,0,0,0,0,0,0,0,0,0,0,0,0,0,0,0,0,0,0,0,0,0,0,0,0,0,0,0,0,0,0,0,0,0,0,0,0,0,0,0,0,0,0,0,0,0,0,0,0,0,0,0,0,0,0,0,0,0,0,0,0,0,0,0,0,0,0,0,0,0,0,0,0,0,0,0,0,0
"TCGCGCGGCATCATCGGCACCGCGGTCGAGGTGCCCAAAGTTGCCTTCCCACTTCACAAG",0,0,0,0,0,0,1,0,0,0,1,0,0,0,0,0,1,0,0,0,1,0,2,0,0,0,0,0,1,0,2,0,1,0,0,0,0,0,0,0,0,0,0,0,0,0,0,0,0,0,0,0,0,2,0,0,0,0,0,0,1,0,0,0,0,0,0,0,0,0,0,0,0,0,0,0,0,0,0,0,0,0
"TCGCGCGGCATCATCGGGCACCGCGACGGCGTCCCCTTCGTGGGTTCACCGCGGCACCGG",0,0,0,0,0,0,0,0,0,0,0,0,0,0,0,0,0,0,0,0,0,0,0,0,0,0,0,0,0,0,0,0,0,1,1,0,0,0,0,0,0,0,0,0,0,0,0,0,0,0,0,0,0,0,0,0,0,0,0,0,0,0,0,0,0,0,0,0,0,0,0,0,0,0,0,0,0,0,0,0,0,0
"TCGCGCGGCATCATCGGTGCGCGCGGTGGCGCCCCGACCGTGACCTCACCCAGTCAGCGG",0,0,0,0,0,0,0,0,0,0,0,0,0,0,0,0,0,0,0,0,0,0,0,0,0,0,0,0,0,0,0,0,0,0,0,0,0,0,0,0,0,0,0,0,0,0,0,0,0,0,0,0,0,1,0,0,0,0,0,0,0,0,0,0,0,0,0,0,0,0,0,0,0,0,0,0,0,0,0,0,0,0
"TCGCGCGGCATCATCGGTTCCGTCGGCGAGACCGTCACCGTGGCATCGCCCGTGTACAAG",0,0,0,2,0,1,0,0,0,0,0,0,1,0,0,0,0,0,0,0,1,0,0,0,0,0,0,1,0,0,0,0,0,0,0,0,0,0,0,0,1,1,0,0,0,0,0,0,0,0,0,0,0,1,0,0,1,0,0,0,1,0,0,0,0,0,0,0,0,0,0,0,0,0,0,0,1,0,0,0,0,0
"TCGCGCGGCATCGTCGGAGACATCAAGGGCGAATGCGTCGTCGCCTCACCACTCTACAAA",0,0,0,2,2,0,0,0,0,0,0,1,0,2,0,2,0,0,0,3,2,1,0,0,0,2,0,0,0,0,0,1,0,0,3,1,1,2,0,1,0,0,0,0,0,1,0,3,1,4,2,0,0,0,0,1,1,1,0,0,3,0,0,0,0,0,1,0,1,1,0,0,0,0,0,2,0,0,0,0,0,2
"TCGCGCGGCATCGTCGGCGATCGCGCCGGACGCCCCAAGATCGCCTCGCCGATCTACAAG",0,4,0,2,5,0,5,2,5,6,5,3,3,11,1,3,2,9,6,5,4,6,2,2,0,1,3,1,2,3,5,2,2,5,2,4,5,8,3,8,2,2,5,1,5,1,1,0,0,2,3,5,5,3,2,1,3,2,1,2,1,7,3,0,1,1,1,0,5,5,9,2,3,1,1,3,2,1,0,1,0,6
"TCGCGCGGCATCGTCGGCTCGCGAGGGGACGCCCCGACTGTGGCGTCCCCGCTGTTCAAA",1,0,0,0,0,0,0,1,0,1,2,0,5,0,0,0,2,1,1,2,0,0,2,0,1,1,0,0,3,2,1,1,4,0,0,1,3,1,0,0,3,1,1,0,6,3,2,2,2,1,3,0,1,1,3,1,4,0,4,1,2,2,0,1,1,1,1,0,3,1,2,1,5,4,1,1,2,0,0,0,0,1
"TCGCGCGGCATCGTGGGCGCCCGCAACGGCCGGCCCACCATCGCCTCGCCCACCCTGCGC",0,0,0,0,0,0,0,0,0,0,0,0,0,0,0,0,0,1,0,0,0,0,0,0,0,0,0,0,0,0,0,0,0,0,0,0,0,0,1,0,0,0,0,1,0,0,0,0,0,0,0,0,0,0,0,0,0,0,0,0,0,0,0,0,0,0,0,0,0,0,0,0,0,0,0,0,0,0,0,0,0,0
"TCGCGCGGCATTCTTGGTTCAATTGGCGATGAAGTAGTTGTTGCATCGCCACTTTACAAA",0,0,0,0,0,0,0,0,0,0,0,0,0,0,0,0,0,0,0,0,0,0,0,0,0,0,0,0,0,0,0,0,0,0,0,0,0,0,0,0,0,0,0,0,0,0,0,0,0,0,0,0,0,0,0,0,0,0,0,0,0,2,0,0,0,0,0,0,0,0,0,0,0,0,0,0,0,0,0,0,0,0
"TCGCGCGGCCTCGTGGGCAGCCGGGGCTCGCTGATGACGGTGGCGAGTCCGCTGCACAAG",0,0,0,0,0,0,0,0,1,0,0,0,0,0,0,0,0,0,0,0,0,0,0,0,0,0,0,0,0,0,0,0,0,0,0,0,0,0,0,0,0,0,0,0,0,0,0,0,0,0,0,0,0,0,0,0,0,0,0,0,0,0,0,0,0,0,0,0,0,0,0,0,0,0,0,0,0,0,0,0,0,0
"TCGCGCGGCCTGACCGCGCAGGGCCAGGAGCGCTACAAGGTGGCCTCGCCCCTGCTGCGG",0,0,0,0,0,0,0,0,0,0,0,0,0,0,0,0,0,0,0,0,0,0,0,0,0,0,0,0,0,0,0,0,0,0,0,0,0,0,0,0,0,0,0,0,0,0,0,0,0,0,0,0,0,0,0,0,0,0,0,0,0,0,0,0,0,0,0,0,0,0,0,0,0,0,0,0,0,0,0,1,0,0
"TCGCGCGGCCTGACCGGCAGTTACCAGACGCGGCTGAAGGTCGCCTCCCCCCTGCTGAAA",0,0,0,0,0,0,0,0,0,0,0,0,1,0,0,0,0,0,0,0,0,0,3,0,0,0,0,0,0,0,0,0,0,0,1,0,0,0,0,0,0,0,0,0,0,0,0,0,1,0,0,0,0,0,0,0,0,0,0,0,0,0,0,0,0,0,0,0,0,0,0,0,0,0,0,0,0,0,0,0,0,0
"TCGCGCGGCCTGCTCGGCAGCCACGGTGAGCGGCTGAAAATCATCAGCCCGCTGCTCAAG",0,0,0,0,0,0,0,0,0,0,0,0,0,0,0,0,0,0,0,0,1,0,0,0,0,0,0,0,0,0,1,0,0,0,0,0,0,0,0,0,0,0,0,0,0,0,0,0,0,0,0,0,0,0,0,0,0,0,0,0,0,0,0,0,0,0,0,0,0,0,0,0,0,0,0,0,0,0,0,0,0,0
"TCGCGCGGCCTGGTCGACGACGTCTCGGGCGAGCCGCGCGTCGAGTCGCCGGTCTACCGG",0,0,0,0,0,0,0,0,0,0,0,0,0,0,0,0,0,0,0,0,0,0,0,0,0,0,0,0,0,0,0,0,0,0,0,0,0,0,0,0,0,0,0,0,0,0,0,0,0,0,0,0,0,0,0,0,0,0,0,0,0,0,0,0,0,0,0,0,0,0,0,0,0,0,0,0,0,0,0,0,0,0
"TCGCGCGGCCTGGTGACCGCGCGCAACGGTGCGCTGGCGGTGGCCTCGCCGCTCCACAAG",0,0,0,0,0,0,0,0,0,0,0,0,0,0,0,0,0,0,0,0,0,0,0,0,0,0,0,0,0,0,0,0,0,0,0,0,0,0,0,0,0,0,0,0,0,0,0,0,0,0,0,0,0,0,0,0,0,0,0,0,0,0,0,0,0,0,0,0,0,0,0,0,0,0,0,0,0,0,0,0,0,0
"TCGCGCGGCCTGTCGGGCGATCTGCAGGGCCCGGTGGTGGTGGCCTCGCCGGTGTGCATC",0,0,0,0,0,0,0,0,0,0,0,0,0,0,0,0,0,0,0,0,0,0,0,0,0,0,0,0,0,0,0,1,0,0,0,0,0,0,0,0,0,0,0,0,0,0,0,0,0,0,0,0,0,1,0,0,0,0,0,0,0,0,0,0,0,0,0,0,0,0,0,0,0,0,0,0,0,0,0,0,0,0
"TCGCGCGGCCTTCTGGGAGATCAGGCCGGGACGCCGAAGGTGGCCTGCCCGCACCACAAG",0,0,0,2,0,0,3,0,0,0,0,0,1,0,0,0,0,1,1,0,0,1,0,1,0,1,0,1,2,0,3,0,0,0,0,1,0,0,0,1,1,2,0,0,0,1,1,0,0,1,4,0,3,3,0,1,2,0,0,0,1,0,0,0,0,0,0,0,0,0,1,0,0,0,0,0,0,1,0,0,0,1
"TCGCGCGGCGTCACAGGCTCGCGTGACGGCGTCGCGACCGTCGCCTCTCCGATGTACAAG",0,0,0,1,0,0,0,0,1,0,0,0,0,0,0,0,0,0,0,1,0,0,0,0,0,0,0,0,0,0,0,0,0,0,0,0,0,0,0,0,0,0,0,0,0,0,1,1,0,0,0,1,0,0,0,1,0,0,0,0,0,0,0,0,0,1,3,4,0,1,1,0,1,0,0,1,0,4,1,1,1,0
"TCGCGCGGGACCATCGGTGATCTGCGCGGCGAACCGAAGGTCGCGTGTCCTTTACACAAG",0,0,0,0,0,0,0,0,0,0,0,0,0,0,0,0,0,0,0,0,0,0,0,0,0,0,0,0,0,0,0,0,0,0,0,0,0,0,0,0,0,0,0,0,0,0,0,0,0,0,0,0,0,0,0,0,0,0,0,0,0,0,0,0,0,0,0,0,0,0,0,0,0,0,0,0,0,0,0,0,1,0
"TCGCGCGGGATCGTGGGCACCAAGGGCGACGTCCCCAAGGTGGCCTCGCCCATCTTCAAG",4,2,0,0,0,1,0,1,1,2,0,3,3,1,8,2,2,2,0,1,0,0,0,0,4,0,1,1,0,4,2,0,2,0,2,4,3,2,2,0,1,3,0,3,5,3,1,1,1,2,1,0,2,2,1,2,7,0,2,3,0,1,1,2,0,1,2,0,0,0,2,0,0,2,2,1,1,0,3,0,0,0
"TCGCGCGGGATCGTGGGTTCGGTGGCGGGAACGGTGGTGGTCTCCTCGCCCGTCTACAAG",0,0,0,0,0,0,0,0,0,0,0,0,0,0,0,0,0,0,0,0,0,0,0,0,1,0,0,0,0,0,0,0,0,0,0,0,0,0,0,0,0,0,0,0,0,0,0,0,0,0,0,0,0,0,0,0,0,0,0,0,0,0,0,0,0,0,0,0,0,0,0,0,0,0,0,0,0,0,0,0,0,0
"TCGCGCGGGATCGTTGGCGACCGCGGTGGTCGGGCGACCGTGCAGTCGCCGATCAAGAAG",2,0,0,0,0,0,0,0,0,0,0,0,0,1,0,0,0,0,0,1,0,0,1,0,0,0,0,0,1,1,0,0,0,0,0,0,0,0,0,0,0,0,0,0,0,1,0,0,0,0,0,0,0,2,0,1,0,0,0,0,0,0,0,0,0,0,0,0,0,0,0,1,0,0,0,0,0,0,0,0,0,0
"TCGCGCGGGATTGTGGGCGATCAAAATGTCGTTCACAATGTGTCCTGTCCGCTCCACAAG",0,0,0,0,0,0,0,0,0,0,0,0,0,0,0,0,0,0,0,0,1,0,0,0,0,0,0,0,0,0,0,0,0,0,0,0,0,0,0,0,0,0,0,0,0,0,0,0,0,0,0,0,0,0,0,0,0,1,0,0,0,0,0,0,0,1,0,0,0,0,0,0,1,0,0,0,0,0,0,0,0,0
"TCGCGCGGGATTGTGGGTGACGTGAAAGGGGAAATCGTCGTGGCTTCGCCCGTGTACAAG",0,0,2,2,0,2,4,0,1,0,0,1,0,3,1,7,5,0,1,0,2,2,0,2,1,3,2,2,1,2,2,0,0,3,0,1,1,3,1,4,0,0,1,1,0,1,1,1,0,2,3,1,2,1,2,0,0,1,0,1,0,1,1,1,2,0,1,3,1,2,1,2,1,0,0,0,0,1,5,1,4,1
"TCGCGCGGGCTCACTGGCGACAGGCAGAGCGAGCCGACTGTCGCCTCGCCACTGCTGAAG",0,0,0,0,0,0,0,0,0,0,0,0,0,0,0,0,0,0,0,0,0,0,0,0,0,0,0,0,0,0,0,0,2,0,0,0,0,0,0,0,0,0,0,0,0,0,0,0,0,0,0,0,0,0,2,0,0,0,0,0,0,0,0,0,0,0,0,0,0,0,0,0,0,0,0,0,0,0,0,0,0,0
"TCGCGCGGGCTGGTCGGCGACAAAAATGGAGTCATCAAAATTGCCTCCCCCATCTATAAG",0,0,0,0,0,0,0,1,0,0,1,0,0,0,0,0,0,0,0,1,0,0,0,0,0,0,0,0,0,0,0,0,0,0,0,1,1,0,0,0,0,0,0,1,0,0,0,0,1,0,0,0,0,0,0,0,0,0,0,0,0,0,0,0,0,0,0,0,0,0,0,0,0,0,0,0,0,0,0,0,0,1
"TCGCGGGGAATTGTGGGTGATCGCAATGGTGAAATCAAGGTTGCGTCGCCGATTTATAAG",0,0,0,0,0,0,0,0,0,0,0,0,0,0,0,0,1,0,0,1,0,0,1,0,0,2,0,0,0,0,0,0,0,0,0,0,0,0,0,0,0,0,0,0,2,0,0,0,0,0,0,0,1,0,0,0,1,0,0,1,0,0,0,0,0,0,0,0,0,0,1,0,0,0,0,0,1,0,0,0,0,2
"TCGCGGGGACTCGTCGGCGACCGGGCCGGGCGCGCCTGCGTGCAGAGCCCCATCAAGAAA",0,0,0,0,0,0,0,0,0,0,0,0,0,0,0,0,0,0,0,0,0,0,0,0,0,0,0,0,0,0,0,0,0,0,0,0,0,0,0,0,0,0,0,0,0,0,0,0,0,0,0,0,0,0,0,0,0,0,0,0,0,0,0,0,0,0,0,0,0,0,0,0,0,0,0,0,0,0,0,0,0,0
"TCGCGGGGACTTTTGGGCTCGCACGGCGAGACTCCCAAAGTCGCCTGCCCGATGCACAAG",3,0,0,0,0,1,0,0,2,0,0,0,0,0,1,0,0,0,0,0,0,0,0,0,0,0,0,0,0,1,0,0,1,0,0,1,0,0,0,1,0,0,0,2,0,0,0,0,0,0,0,0,0,0,0,0,0,0,0,0,0,0,0,0,0,0,0,0,0,0,0,0,0,0,0,0,0,0,0,0,0,0
"TCGCGGGGCATCGTCGGGTCGGCTGGGCCCGAGGTCTACGTGGCGTCGCCGATGCACAAG",0,1,0,0,0,0,0,0,0,0,0,0,0,0,0,0,0,0,0,0,0,0,0,0,0,0,0,0,0,0,0,0,0,0,0,0,0,0,0,0,0,0,0,0,0,0,0,0,0,0,0,0,0,0,0,0,0,0,0,0,0,0,0,0,0,0,0,0,0,1,0,0,0,0,0,0,0,0,0,0,1,0
"TCGCGGGGCATCGTGGGCGACGCCAGCGGCGTGCCGAAGGTCGCCTGCCCGCTGCACAAA",1,0,1,0,2,0,0,1,6,3,0,1,1,1,2,0,0,1,2,1,3,1,0,1,0,2,0,2,1,1,0,4,2,1,1,0,4,5,2,1,4,2,2,2,0,3,3,3,0,7,2,0,3,2,2,1,0,1,2,3,3,3,1,0,1,2,1,0,3,2,0,1,2,0,0,0,1,1,2,0,0,1
"TCGCGGGGCCTGGTCGGGCTGCACGCGGGCGTGCCCACCGTCGAATCCCCGGTCTACAAG",0,0,0,0,0,0,0,0,0,0,0,0,0,0,0,0,0,0,0,0,0,0,0,0,0,0,0,0,0,0,1,0,0,0,0,0,0,0,0,0,0,0,0,0,0,0,0,0,0,0,0,0,0,0,0,0,0,0,0,0,0,0,0,0,0,0,0,0,0,0,0,0,0,0,0,0,0,0,0,0,0,0
"TCGCGGGGGATCGCCGGGGATCGGGCGGGCGTTCCGAAGGTGGCGTCGCCGCTTTACAAA",0,0,2,0,0,0,1,0,0,0,0,0,0,0,0,0,0,0,0,0,0,0,0,0,0,0,0,0,0,0,0,0,0,0,0,1,0,0,0,0,1,0,0,0,0,0,0,1,0,0,0,0,0,0,0,0,0,0,0,0,0,0,0,0,0,0,0,0,0,1,0,0,0,0,0,0,1,0,0,0,0,0
"TCGCGGGGTATCATAGGCGATCGCAACGGTATTCCTAAAGTTGCCGCCCCAATTTATAAG",0,0,0,0,0,0,0,0,0,0,0,0,0,0,0,0,0,0,0,0,0,0,0,0,0,1,0,0,0,0,0,0,0,0,0,0,0,0,1,0,0,0,0,0,0,0,0,0,0,0,0,0,0,0,0,0,0,0,0,0,0,0,0,0,0,0,0,0,0,0,0,0,0,0,0,0,0,0,0,0,0,0
"TCGCGGGGTCTGGTCGGGTCCGTCGAGGGCACCGCGTACGTCGCGTCGCCGTTGCGCAAG",0,0,0,0,0,0,0,0,0,0,0,0,0,0,0,0,0,0,0,0,0,0,0,0,0,0,0,0,0,0,0,0,0,0,0,0,0,0,0,0,0,0,0,0,0,0,0,0,0,0,0,0,0,0,0,0,0,0,0,0,0,0,0,0,0,0,0,0,0,0,0,0,0,0,0,0,0,0,0,0,0,0
"TCGCGTGGAATGATAGGCTCTAAGGAAGGAGATCCAAAAATTGCTTGCCCATTTCATAAA",2,1,0,0,1,0,1,0,0,0,0,0,1,2,0,0,0,2,2,1,0,1,0,0,0,1,0,0,0,0,0,0,1,0,0,0,1,0,0,0,1,0,1,1,0,0,0,0,3,0,0,0,0,1,0,0,0,0,0,1,0,0,0,0,0,0,0,0,0,0,1,0,0,0,0,0,0,0,0,1,1,2
"TCGCGTGGAATTCTGGGAAGCGCGGCTGATGAACCGAAGGTCGCTTGTCCGCTGCACAAA",0,0,0,0,0,0,0,0,0,0,0,0,0,0,0,1,0,0,1,0,1,0,1,0,0,0,0,0,0,0,0,0,0,0,0,0,0,0,0,0,0,0,0,0,0,0,0,0,0,0,0,0,0,0,0,0,0,0,0,1,0,0,0,0,0,0,0,0,0,0,0,0,0,0,0,0,0,0,0,0,0,0
"TCGCGTGGCATCGTCGGGGACACCGGAGACTCGCTCTTCGTCGCCTCCCCGATGTACAAG",0,0,0,0,0,0,0,0,0,0,0,0,0,0,0,2,0,0,0,0,0,0,0,0,0,0,0,0,0,0,0,0,0,0,1,0,0,0,0,1,1,0,0,0,0,0,0,0,0,0,0,0,0,0,0,0,0,0,1,0,0,0,0,0,0,0,0,0,0,0,0,0,0,0,0,0,1,0,2,0,0,0
"TCGCGTGGCTTGGTGGGGAGCCTCGGCGAGCGCGTGGTGGTGGCCTCGCCGATCCACAAG",0,1,1,0,7,0,0,1,0,0,2,0,1,0,0,0,0,0,1,2,0,0,2,0,0,0,0,0,1,1,1,1,1,2,3,2,0,2,0,0,1,0,1,1,5,0,2,3,4,1,2,0,0,1,1,4,2,0,1,2,1,1,1,4,8,0,5,0,3,3,2,0,0,4,1,0,0,2,0,7,2,0
"TCGCGTGGTCTGGTTGGTGATCTCAAAGGAGAGCACGTAGTTGCCTCGCCACTGTACAAG",0,0,0,0,0,0,0,0,0,0,0,0,0,0,0,0,0,0,0,0,0,0,0,0,0,0,0,0,0,1,0,0,0,0,0,0,0,0,0,0,0,0,0,0,0,0,0,0,0,0,0,0,0,0,0,0,0,0,0,0,0,0,0,0,0,0,0,0,0,0,0,0,0,0,0,0,0,0,0,0,0,0
"TCGCGTGGTGTCGTGGGCGAGCGGAACGGCCAACCATTCGTCATCTCACCTGTCAGTCGG",0,0,0,0,0,0,0,0,0,0,0,0,0,0,0,0,0,0,0,0,0,0,0,0,0,0,0,0,0,0,0,0,0,0,0,0,0,0,0,0,0,0,0,0,0,0,0,0,0,0,0,0,0,0,0,0,0,0,0,0,0,0,0,0,0,0,0,0,0,0,0,0,0,0,0,0,0,0,0,0,0,0
"TCGCTCGGCATGATCTGCGACGTGAACGGAAAGCCGAAGGTGGCTTGTCCGGTCCACAAA",0,0,0,0,0,0,0,0,0,0,0,0,0,0,0,0,0,0,0,0,0,0,0,0,0,0,0,0,0,0,0,0,0,0,0,0,0,0,0,0,0,0,0,0,0,0,0,0,0,0,0,0,0,0,0,0,0,0,0,0,0,0,0,0,1,0,0,0,0,0,0,0,0,0,0,0,0,0,0,0,0,0
"TCGCTTGGTGAATGCGCAGAACACCGAGGGCAGCTCTATCTTGTGGATCCCATCTGGGAG",0,0,0,1,0,0,1,0,0,0,0,0,0,0,0,3,1,0,0,0,1,0,0,0,0,0,0,0,2,2,0,0,0,0,0,0,0,0,1,1,0,0,0,0,0,0,0,0,0,1,0,0,0,0,0,0,0,0,0,0,0,0,0,0,0,0,0,0,0,0,0,0,0,0,0,0,0,0,0,0,0,0
"TCGGCCGGGTGGTATACTGAAAATAATATTACCCTATACCTGGGAGATCCGGTAAAAAGC",0,0,0,0,0,0,0,0,0,0,0,0,0,0,0,0,0,0,0,0,0,0,0,0,0,0,0,0,0,0,0,0,0,0,0,0,0,0,0,0,0,0,0,0,0,0,0,0,0,0,0,0,0,0,0,0,0,0,0,0,0,0,0,0,0,0,0,0,0,0,0,0,0,0,0,0,0,0,0,0,0,0
"TCGGGGGGCTTGGTCGTAACTATGGTGGAGGCCCCGATATTGGCCTCGCCTTTGTACATG",0,0,0,0,0,0,0,0,0,0,0,0,0,0,0,1,0,0,0,0,0,0,0,0,0,0,0,0,0,0,0,0,0,0,0,0,0,0,0,0,0,0,0,0,0,0,0,0,0,0,0,0,0,0,0,0,0,0,0,0,0,0,0,0,0,0,0,0,0,0,0,0,0,0,0,0,0,0,0,0,0,0
"TCGGTGGGTGAATGCGTGGAGCATCGGCACAAACTTTACTTAGTCGAGCCGATTTGGGAA",0,0,0,1,0,0,0,0,0,0,1,0,1,0,0,0,1,0,0,0,0,0,0,0,0,1,0,1,0,0,0,0,0,0,0,0,0,0,0,0,0,0,0,0,0,0,0,0,0,0,0,0,0,0,0,0,0,0,0,0,0,0,0,0,0,0,0,0,0,0,0,0,0,0,0,0,0,0,0,0,0,0
"TCGGTTGGCGAATGCACAGAGCATCGCGGACAAACCTTCCTGGTGGCGCCGCTGTTCGAA",1,0,0,0,0,0,1,0,0,0,1,2,0,0,4,0,0,4,1,0,1,0,0,1,0,0,0,0,0,1,0,4,1,2,0,1,1,1,0,0,1,2,1,0,0,1,3,3,1,3,3,1,1,0,0,2,2,3,3,1,2,0,1,2,1,7,4,0,1,2,3,0,0,0,1,1,2,0,0,0,0,0
"TCGGTTGGGGAGTGCGTGGAGCACCGCGGTCGCGTTTATCTCGTGGCTCCCCTCTGGCAC",0,0,0,0,0,0,0,0,0,0,0,0,0,0,0,0,0,0,0,0,0,0,0,0,0,0,0,0,0,0,0,0,0,0,0,0,0,0,0,0,0,0,0,0,0,0,0,0,0,0,0,0,0,0,0,0,0,0,0,0,0,0,0,0,0,0,0,0,0,0,0,0,0,0,0,0,0,0,0,0,0,0
"TCTATCGGCGAATGCGTCGAGCACATGGGCGCGCTCTACCTCGTCGCACCGCTCTACGAG",0,0,0,0,0,0,0,0,0,0,0,0,0,0,0,0,0,0,0,0,0,1,0,0,0,0,0,0,0,0,0,0,0,0,0,0,0,0,0,0,0,0,0,0,0,0,0,0,0,0,0,0,0,0,0,0,0,0,0,0,0,0,0,0,0,0,0,0,0,0,0,0,0,0,0,0,0,0,0,0,0,0
"TCTCGATGCATCGTCGGCCGGGTGGGGGAAGTGCCCACCATCGCATCCCCCATGTACCGC",0,0,0,0,0,0,0,0,0,0,0,0,0,0,0,0,0,0,0,0,0,0,0,0,0,0,0,0,0,0,0,0,0,0,0,0,0,0,0,0,0,0,0,0,0,0,0,0,0,0,1,0,0,0,0,0,0,0,0,0,0,0,0,0,0,0,0,0,0,0,0,0,0,0,0,0,0,0,0,0,0,0
"TCTCGCGGCCTCCTGGGCAGCCGCGGCGATGTGGTGAAGGTGGCTTCGCCTGTTTACAAA",0,0,0,0,0,0,0,0,0,0,0,0,0,0,0,0,0,0,0,0,0,0,0,0,0,0,0,0,0,0,0,0,0,0,0,1,0,0,0,0,0,0,0,0,0,0,0,0,0,0,0,0,0,0,0,0,0,0,0,0,0,0,0,0,0,0,0,0,0,0,0,0,0,0,0,0,0,0,0,0,0,0
"TCTCGGGGGATCATCGGGTCAGTCGGAGAAGACACCTATGTCGCCTCCCCGATGCACAAG",0,0,0,0,0,0,0,0,0,1,0,0,0,0,0,0,0,0,0,0,0,0,0,0,0,0,0,0,0,0,0,0,0,0,0,0,0,0,0,0,0,0,0,0,0,0,0,0,0,0,0,0,0,0,0,0,0,0,0,0,0,0,0,0,0,0,0,0,0,3,0,0,0,0,0,0,0,0,0,0,0,0
"TCTCGTGGAATCGTAGGCGATCTCCACTCGGAAAAAGTCGTCGCCTCGCCCATCTACAAG",0,0,0,0,0,0,0,0,0,0,0,0,0,0,0,0,0,0,0,0,0,0,0,0,0,0,0,0,0,0,0,0,0,0,0,0,0,0,0,0,0,0,0,0,0,0,0,0,0,0,0,0,0,0,0,0,0,0,0,0,0,0,0,0,0,0,0,0,0,0,1,0,0,0,0,0,0,0,0,0,0,0
"TCTCGTGGCATCGTGGGCTCTCGCGGGGACCGTCTCAAGGTGGCGTCTCCCGTTTATAAG",0,0,0,0,0,0,0,0,0,0,0,0,0,0,1,0,0,0,0,0,0,0,0,0,0,0,0,0,0,0,0,1,0,0,0,0,0,0,0,0,0,0,0,0,0,0,0,0,0,0,0,0,0,0,0,0,0,1,0,0,0,0,0,1,1,2,0,0,0,0,0,0,0,0,0,0,0,0,0,0,0,0
"TGCCACGGCCTGCTCGGCTCGGTCCAGGACCGCACCTACGTCGCCTCGCCGCTGCTCAAG",0,0,0,0,0,0,0,0,0,0,0,0,0,0,0,0,0,0,0,0,0,0,0,0,0,0,0,0,0,0,0,0,1,0,0,1,0,0,0,0,0,0,0,0,0,0,0,0,0,0,0,0,0,0,0,0,0,0,0,0,0,0,0,0,0,0,0,0,0,0,0,0,0,0,0,0,0,0,0,0,0,0
"TGCCACGGGATCGTCGGCGACCGGTCGGGGGCGCCGACGGTGGCCAGCCCGCTCGGCAAG",0,0,0,0,0,0,0,0,0,0,0,0,0,0,0,0,0,0,0,0,0,0,0,0,0,0,0,0,0,0,0,0,0,0,0,0,0,0,0,0,0,0,0,0,0,0,0,0,0,0,0,0,0,0,0,0,0,0,0,0,0,0,0,0,0,0,0,2,2,0,0,0,2,0,0,0,0,0,0,0,0,0
"TGGCGCGGGATTGTTGGTGATCTCAAGGGTCGGTTGGTGGTGGCCTCGCCAATCTACAAA",0,0,0,0,0,0,0,0,0,0,0,0,0,0,0,0,0,0,0,0,0,0,0,0,0,0,0,0,0,0,0,0,0,0,0,0,0,0,0,0,0,0,0,0,0,0,0,0,0,0,0,1,0,0,0,0,0,0,0,0,0,0,0,0,0,0,0,0,0,0,0,0,0,0,0,0,0,0,0,0,0,0
"TGTCGCGGGATCGTCGGTTGCTCGGCCGGCCGCTGCAAGGTCGTGTCGCCCATCTACAAG",0,0,0,0,0,0,0,0,0,0,0,0,0,0,0,0,0,0,0,0,0,0,0,0,0,0,0,0,0,0,0,0,0,0,0,0,0,0,0,0,0,0,0,0,0,0,0,0,0,0,0,0,0,0,0,0,0,0,0,0,0,0,0,0,0,0,0,0,0,0,0,0,0,0,0,0,0,0,0,0,0,0
"TNGCGCGGCATCGTNNGCGACNTNNGCGGCGAAGTCGTNGTCGCCNCGCCTGTGTACAAG",0,0,0,0,0,0,0,0,0,0,0,0,0,0,0,0,0,0,0,0,0,0,0,0,0,0,0,0,0,0,0,0,0,0,0,0,0,0,0,0,0,0,0,0,0,0,0,0,0,0,0,0,0,0,0,0,0,0,0,0,0,0,0,0,0,0,0,0,0,0,0,0,0,0,0,0,0,1,0,0,0,0
