"","0_SD7449_H041_pH7","100_SD7551_S153","101_SD7552_S154","106_SD7557_S159","109_SD7560_S162","10_SD7461_H054_pH7","113_SD7564_S166","116_SD7567_S169","11_SD7462_H055_pH7","121_SD7572_S174","122_SD7573_S175","12_SD7463_H056_pH7","13_SD7464_H057_pH7","14_SD7465_H058_pH7","16_SD7467_H061_pH6.5","17_SD7468_H062_pH6.5","18_SD7469_H063_pH6.5","19_SD7470_H065_pH6.5","1_SD7450_H042_pH7","20_SD7471_H067_pH6.5","21_SD7472_H068_pH6.5","22_SD7473_H069_pH6.5","23_SD7474_H070_pH6.5","24_SD7475_H071_pH6.5","25_SD7476_H072_pH6.5","26_SD7477_H073_pH6.5","27_SD7478_H074_pH6.5","28_SD7479_H075_pH6.5","2_SD7451_H043_pH7","30_SD7481_H077_pH6.5","31_SD7482_H078_pH6.5","32_SD7483_H079_pH6.5","33_SD7484_H080_pH6.5","34_SD7485_H081_pH6","35_SD7486_H082_pH6","36_SD7487_H085_pH6","37_SD7488_H086_pH6","38_SD7489_H087_pH6","39_SD7490_H089_pH6","3_SD7452_H044_pH7","40_SD7491_H090_pH6","41_SD7492_H091_pH6","42_SD7493_H092_pH6","43_SD7494_H093_pH6","44_SD7495_H094_pH6","45_SD7496_H095_pH6","46_SD7497_H096_pH6","47_SD7498_H097_pH6","48_SD7499_H098_pH6","49_SD7500_H099_pH6","4_SD7453_H045_pH7","50_SD7501_H100_pH6","51_SD7502_H101_pH5.5","52_SD7503_H102_pH5.5","53_SD7504_H103_pH5.5","54_SD7505_H104_pH5.5","55_SD7506_H105_pH5.5","56_SD7507_H106_pH5.5","57_SD7508_H107_pH5.5","58_SD7509_H109_pH5.5","59_SD7510_H110_pH5.5","5_SD7454_H046_pH7","60_SD7511_H111_pH5.5","61_SD7512_H113_pH5.5","62_SD7513_H114_pH5.5","63_SD7514_H115_pH5.5","64_SD7515_H116_pH5.5","65_SD7516_H117_pH5.5","66_SD7517_H119_pH5.5","67_SD7518_H120_pH5.5","68_SD7519_S121","69_SD7520_S122","6_SD7455_H048_pH7","70_SD7521_S123","71_SD7522_S124","72_SD7523_S125","73_SD7524_S126","74_SD7525_S127","75_SD7526_S128","76_SD7527_S129","77_SD7528_S130","78_SD7529_S131","79_SD7530_S132","7_SD7456_H049_pH7","80_SD7531_S133","81_SD7532_S134","82_SD7533_S135","83_SD7534_S136","84_SD7535_S137","85_SD7536_S138","86_SD7537_S139","87_SD7538_S140","8_SD7458_H051_pH7","91_SD7542_S144","92_SD7543_S145","94_SD7545_S147","97_SD7548_S150","98_SD7549_S151","9_SD7460_H053_pH7"
"ACCGCCTTCCCCGCCGGCGGCTATGCCCATTCCTTCGGATTGGAGACGTACTGCCAGGAT",9,3,2,6,4,7,8,2,7,4,4,3,3,3,5,2,4,0,1,2,3,3,1,5,4,6,1,2,4,1,3,1,6,1,5,2,3,5,2,3,2,2,1,1,1,5,2,3,3,4,3,1,1,2,1,2,3,4,2,2,1,2,3,2,0,3,3,4,0,1,1,0,6,1,1,1,2,0,0,2,1,0,2,4,2,1,2,0,0,1,2,0,7,2,0,2,3,2,4
"ACCGCTCTTCCGATCGGGCGGTTCGTCCACAGTCACGGGCTCGAGGCGCTCGTTGCCTCG",0,0,0,1,0,0,0,0,0,0,0,0,0,0,0,0,0,0,0,0,0,0,0,0,0,0,0,0,0,0,0,0,0,0,0,0,0,0,0,0,0,0,0,0,0,0,0,0,0,0,0,0,0,0,0,0,0,0,0,0,0,0,0,0,0,0,0,0,0,0,0,0,0,0,0,0,0,0,0,0,0,0,0,0,0,0,0,0,0,0,0,0,0,0,0,0,1,0,0
"ACGGCGCTGCCAATTGGGGCGTTTGCCTTCTCGAACGGGCTGGAGACGTACGCACAGCAG",0,0,0,0,0,1,0,0,0,0,0,2,0,0,0,0,1,0,0,0,0,0,0,0,0,0,0,0,0,0,0,1,0,0,0,0,0,0,0,0,0,0,1,0,0,1,0,0,0,0,1,0,0,0,0,0,0,0,0,0,0,0,0,0,1,0,0,0,0,0,0,0,1,0,0,0,2,0,0,0,0,0,0,1,0,0,0,0,0,0,0,0,0,0,0,0,0,0,0
"AGCACATACCCTGCCGGCGGATTTGCACACAGCTGGGGGCTGGAGACGGCTGTCGCCGAA",0,0,0,0,0,0,0,0,0,0,0,0,0,0,0,0,0,0,0,0,0,0,0,0,0,0,0,0,0,0,0,0,0,0,0,0,0,0,0,0,0,0,0,0,0,0,0,0,0,0,0,0,0,0,0,0,0,0,0,0,0,0,0,0,0,0,0,0,0,0,0,0,0,0,0,0,0,0,0,0,0,0,0,0,1,0,0,0,0,0,0,0,0,0,0,0,0,0,0
"AGCCGTTTTCCGACCGGCGCACATGCCCACAGTGCCGGCGTGGAAGCGAGCTCCGCACGT",0,0,0,1,0,0,0,0,0,0,0,0,0,0,0,0,0,0,0,0,0,0,0,0,0,0,0,0,0,0,0,0,0,0,0,0,0,0,0,0,0,0,0,0,0,0,0,0,0,0,0,0,0,0,0,0,0,0,0,0,0,0,0,0,0,0,0,0,0,0,0,0,0,0,0,0,0,0,0,0,0,0,0,0,0,0,0,0,0,0,0,0,0,0,0,0,0,0,0
"AGCCTGTTTCCAATCGGTTCGTTTGCTCATTCCGATGGCCTCGAAGCGGCGACGACGCGG",1,0,2,0,0,0,0,0,1,0,0,1,1,0,5,0,1,1,2,2,1,2,2,0,0,1,3,2,1,1,1,2,2,1,1,1,2,1,2,4,2,2,1,1,1,1,1,0,0,2,3,2,0,3,0,0,1,1,1,1,1,2,2,1,0,0,1,0,0,1,1,1,4,0,2,0,2,0,0,2,0,0,0,1,2,0,1,0,0,0,0,2,0,0,0,0,0,0,1
"AGCGCCCTGCCGGTCGGCGCTGCCGCTCATTCGTTCGGCCTGGAAAGCCTGATCGAAGAT",0,2,2,7,5,0,0,1,0,4,5,0,0,0,0,2,0,1,2,1,0,1,1,0,0,2,1,1,3,1,0,2,1,2,2,1,1,5,2,6,3,0,7,0,2,3,1,2,2,3,0,0,2,2,1,3,1,2,3,2,6,0,10,1,2,4,5,2,4,1,1,6,0,1,2,6,5,5,4,3,2,2,8,1,2,7,5,7,1,1,3,2,0,6,5,6,6,7,2
"AGCGCGGTGCCTATTGGGTCAGTGGCCCACTCATTCGGCGTCGAGACGCTGACCGCGACG",0,0,0,0,0,0,0,0,0,0,0,0,0,0,0,0,0,0,0,0,0,0,0,0,0,0,0,0,0,0,0,0,0,0,0,0,0,0,0,0,0,0,0,0,0,0,0,0,0,0,0,0,0,0,0,0,0,0,0,0,0,0,0,0,1,0,0,0,0,0,0,0,0,0,0,0,0,0,0,0,0,0,0,0,0,0,0,0,0,0,0,0,0,0,0,0,0,0,0
"AGCGCGTTCCCAGCCGGAGGGTTCGCGTTTTCGTGGGGGATCGAAGGTCTCGCTATGGAC",0,0,0,0,0,0,0,0,0,0,0,0,0,0,0,0,0,0,1,0,0,0,0,0,0,0,0,0,0,0,0,0,0,0,0,0,0,0,0,0,0,0,1,0,0,0,0,0,0,0,0,0,0,0,0,0,0,0,0,0,0,0,0,0,0,1,0,0,0,0,0,0,0,0,0,0,0,0,0,0,0,0,0,0,0,0,0,0,0,0,0,0,0,0,0,0,0,0,0
"AGCGCTCTTCCGACGGGCGGCTTTGTCGCATCTTCCGGCCTCGAATCTGCCGCTCAGCAA",0,0,0,0,0,0,0,0,0,1,1,0,0,0,0,1,0,0,0,0,0,0,0,0,0,0,0,0,0,0,0,0,0,0,0,0,0,0,0,0,0,0,0,0,0,0,0,0,0,0,0,0,0,0,1,0,0,0,0,0,0,0,0,0,0,0,0,0,0,0,0,0,0,0,0,0,0,0,0,0,0,0,0,0,0,0,0,0,0,0,0,0,0,0,0,0,0,0,0
"AGCGGGTTTCCGACGGGTGCGTACACGCTCTCCGGAGGCGTCGAGACGCTCGTCGAGGAA",0,0,0,0,0,0,0,0,0,0,0,0,0,0,0,0,0,0,0,0,0,1,0,0,0,0,0,0,0,0,0,0,0,0,0,0,0,0,0,0,1,0,0,0,0,1,1,0,0,0,0,0,1,0,0,0,0,0,0,0,0,0,0,0,0,0,0,0,0,0,0,0,0,0,0,1,0,0,0,0,1,0,1,0,0,0,0,0,0,0,0,0,0,0,0,0,0,1,0
"AGCGGTACTCCCACCGGCGCCTTCACCGCCTCCAACGGCTGGGAGGTGGCGGCGCGACGC",0,0,0,0,0,0,0,0,0,0,0,0,0,0,0,0,0,0,0,0,0,0,0,0,0,0,0,0,0,0,0,0,0,0,0,0,0,0,0,0,0,0,0,0,0,0,0,0,0,0,0,1,0,0,0,0,0,0,0,0,0,0,0,0,0,0,0,0,0,0,0,0,0,0,0,0,0,0,0,0,0,0,0,0,0,0,0,0,0,0,0,0,0,0,0,0,0,0,0
"AGCTCCTTCCCAAGTGGCGCATTCGCACACTCATCGGGGCTCGAAGCCGCCCTGGTGCTC",0,0,0,0,0,0,0,0,0,0,0,0,0,0,0,1,0,0,0,0,0,0,0,0,0,0,0,0,0,0,0,0,0,0,0,0,0,0,0,0,0,0,0,1,0,0,0,0,0,0,0,0,0,0,0,0,0,0,0,0,0,0,0,1,0,0,0,0,0,0,1,0,0,0,0,0,0,0,0,0,0,0,0,0,0,0,0,0,0,0,0,0,0,0,0,0,0,0,0
"AGCTTCTTCCCATCAGGCGCTGTGTCCTTCTCGTGGGGGCTGGAGGGCCTTTTCGACAGC",0,0,0,0,0,0,0,0,0,0,0,0,1,0,0,0,0,0,0,0,0,0,0,0,0,0,0,0,0,0,0,0,0,0,0,0,0,0,0,0,0,0,0,0,0,0,0,0,0,0,0,0,0,0,0,0,0,0,0,0,1,0,0,0,0,0,0,0,0,0,1,0,0,0,0,0,0,0,0,0,0,0,0,0,1,0,0,0,0,0,1,0,0,0,0,0,0,0,0
"AGCTTCTTTCCTTCGGGAGGCTATGCCTTCTCGTCGGGACTTGAGGCGGCGGTGCAGGGA",1,1,0,0,0,0,0,1,0,0,0,1,2,1,2,2,0,0,0,0,3,2,0,4,0,1,4,4,0,3,2,3,0,0,1,5,1,0,3,1,4,1,1,1,0,1,1,2,1,2,0,0,0,0,2,0,3,1,0,0,0,0,0,2,0,1,0,1,1,0,0,2,1,0,1,0,0,1,0,3,0,0,0,1,2,0,1,1,0,0,0,0,2,0,0,1,0,0,0
"AGTAGCTTCCCGTCCGGTGGATTTGCTTTCTCGTCCGGTCTTGAAGGATTTTTCATCGAT",0,0,0,0,0,0,0,0,0,0,0,0,0,0,0,0,0,0,0,0,0,0,0,0,0,0,0,0,0,0,0,0,0,0,0,0,0,0,0,0,0,0,0,0,0,0,0,0,0,0,0,1,0,0,0,0,0,0,0,0,0,0,0,0,0,0,0,0,0,0,0,0,0,0,0,0,0,0,0,0,0,0,0,0,0,0,0,0,0,0,0,0,0,0,0,0,0,0,0
"AGTGCGCTGCCTATCGGATCGCTATCGCATTCGTTCGGGCTTGAATCGATTATTTTCGAC",0,0,0,0,0,0,0,0,0,0,0,0,0,0,0,0,0,0,0,0,0,0,0,0,0,0,0,0,0,0,0,0,0,0,0,0,0,0,0,0,0,0,0,0,0,0,0,0,0,0,0,0,0,2,2,0,0,0,0,0,0,0,1,0,0,0,3,0,0,0,0,1,0,0,0,0,1,0,0,0,0,0,0,0,0,0,0,1,0,0,0,0,0,0,0,0,0,0,0
"AGTGGGCTTCCAATCGGTGGGTTTGCACACAGTTCAGGTTTGGAAGCAGCACTCCACAGT",0,0,0,0,0,0,0,0,1,0,0,0,0,0,0,0,0,0,0,0,0,0,0,0,0,0,0,0,0,0,0,0,0,0,0,0,0,0,0,0,0,0,0,0,0,0,0,0,0,0,0,0,0,0,0,0,0,0,0,0,0,0,0,0,0,0,0,0,0,0,0,0,0,0,0,0,0,0,0,0,0,0,0,0,0,0,0,0,0,0,0,0,0,0,0,0,0,0,0
"AGTTTCTTTCCTAGCGGGGCGGTCTCCTTTTCCTGGGGACTTGAAGCACTGCGTGCGGAT",0,1,1,0,3,0,0,0,0,0,0,0,0,0,0,0,0,0,0,0,0,0,0,0,0,0,0,0,0,0,0,0,0,0,1,0,0,0,0,0,0,0,0,0,1,0,0,0,1,0,0,0,0,0,0,0,0,0,1,0,0,0,0,2,3,0,0,0,0,0,0,0,0,0,0,0,1,1,0,0,4,0,0,0,0,0,0,0,0,0,0,0,0,1,2,1,0,0,0
"CAGTTCTTCCCGACCGGAGGGTATGCCTTTTCACACGCACTTGAGACCTACATTGCCGAA",0,0,0,0,0,0,0,0,1,0,0,1,0,0,0,0,0,0,0,0,0,0,0,1,0,0,0,0,0,0,0,0,0,0,0,0,0,0,0,0,0,0,0,0,1,0,0,0,0,0,0,0,0,1,0,0,0,0,0,0,0,0,0,0,0,0,0,0,0,0,0,0,0,0,2,0,0,0,0,2,0,0,0,0,0,0,0,0,0,0,0,0,0,0,0,0,0,0,0
"CCAACTTTTCCAATCGGTGGCTTTGCTTATTCACATGGTCTTGAACAAGCCATTGCGGAT",0,0,0,0,0,0,0,0,0,0,0,0,0,0,0,0,0,0,0,0,0,0,0,0,0,0,0,0,0,0,0,0,0,0,0,0,0,0,0,0,0,1,0,0,1,0,1,0,1,0,0,0,0,0,0,0,0,0,0,1,0,0,0,0,0,0,0,0,0,0,0,0,0,0,0,0,0,0,0,0,0,0,0,0,0,0,0,0,1,0,0,0,0,1,0,0,0,0,0
"CCAGCTCTGCCCGTGGGCGGTTTTTCTTACTCAGAAGGCCTTGAAGCCGGCGTAGACCGG",0,0,0,0,0,0,0,0,0,0,0,0,0,0,0,3,0,0,0,2,0,0,0,0,0,0,3,3,1,0,2,0,0,0,0,0,0,0,0,0,1,0,0,1,0,0,1,0,0,0,1,0,0,0,0,0,0,0,0,1,0,0,0,0,0,1,0,0,0,0,0,0,0,0,0,0,0,0,0,0,0,0,0,0,0,0,0,0,0,0,0,0,0,0,0,0,0,0,0
"CCAGCTTTGCCTATAGGCAGCTACGCACACTCAGCCGGTCTTGAAACTTATGTGCTGCAA",1,1,0,0,0,1,0,0,2,0,0,0,0,0,3,0,0,1,0,1,0,3,1,0,3,1,0,1,1,0,2,2,0,0,0,0,2,0,0,0,1,0,0,0,2,1,3,0,0,2,0,0,0,0,1,0,0,1,0,0,0,2,0,0,0,0,0,0,1,0,0,1,0,0,0,0,0,0,0,0,0,0,0,1,1,0,1,0,0,0,0,0,1,0,0,1,0,0,1
"CCCACCATAACCGTCGGCTCCAACACCAAATCAACCGGCAATTCATGGGGGGTCGAGGCC",0,0,0,0,0,0,0,0,0,0,0,0,0,0,0,0,0,0,0,0,0,0,0,0,0,0,0,0,0,0,0,0,0,0,0,0,0,0,0,0,0,0,0,0,0,0,0,0,0,0,0,0,0,0,0,0,0,0,0,0,0,0,0,0,0,0,0,0,0,0,0,0,0,0,0,0,0,0,0,0,0,0,0,0,0,0,0,0,0,0,0,0,0,0,0,0,0,0,0
"CCCGCCTATCCGATCGGTGCCTTCAGCTATAGCCATGGCGTGGAGACCGCCGTCGAACAG",0,2,6,0,2,2,0,2,1,0,0,3,1,1,0,4,1,0,1,0,2,4,0,2,0,0,4,4,1,0,1,2,3,1,1,4,4,6,3,1,1,4,4,2,1,2,4,2,1,1,3,2,1,2,5,2,3,4,4,0,3,1,3,1,3,6,1,1,2,1,3,2,0,0,0,1,0,1,1,4,0,0,4,1,0,2,0,2,2,0,2,2,4,2,0,2,0,1,3
"CCCGCGTTCCCTGCGGGTTTTTACAGCTATTCCCATCGTCTCGAATGGGCTGTCGAAGCA",0,0,0,0,0,0,0,0,0,0,1,0,0,1,0,0,0,0,0,0,0,1,0,1,0,0,0,1,0,0,0,0,0,0,0,0,0,0,0,0,1,0,0,0,1,0,0,0,0,0,0,0,0,0,1,0,1,0,1,1,0,0,1,0,1,0,0,0,0,0,0,0,0,0,1,0,0,0,0,0,0,0,0,0,0,1,0,1,1,0,1,0,0,0,0,0,0,0,0
"CCCGGGTTTGCGATTGGGGCTTTCAGTTTTTCGCACGGGCTCGTATCGGCGCTGGAGGGT",0,0,0,0,0,0,0,0,0,0,0,0,0,0,0,0,0,0,0,0,0,0,0,0,1,0,0,0,0,0,0,0,0,0,0,0,0,0,0,0,0,0,0,0,0,0,0,0,0,0,0,0,0,0,0,0,0,0,0,0,0,0,0,0,0,0,0,0,0,0,0,0,0,0,0,0,0,0,0,0,0,0,0,0,0,0,0,0,0,0,0,0,0,0,0,0,0,0,0
"CCGGCATTGCCAATTGGTGGGTACAACTTCTCGCAAGGCATGGAATACGCGATCGAAGCG",1,3,6,3,6,1,2,5,0,0,0,1,1,1,2,4,0,2,2,0,1,3,1,3,5,1,2,2,1,2,4,3,0,2,0,2,1,3,1,2,0,4,2,1,2,1,1,1,1,1,1,0,0,2,4,2,3,0,1,0,3,4,1,0,1,1,2,0,1,2,0,1,2,1,2,1,1,2,1,0,1,4,1,0,2,2,0,4,4,2,3,1,0,4,3,3,8,2,2
"CCGGCCTATCCGGTCGGCGCCTTTTCGTACTCCAGCGGGCTCGAATGGGCGGTGGAAGCG",13,15,15,16,10,4,11,19,6,11,12,6,13,14,11,9,16,17,6,12,13,8,12,11,12,10,13,5,4,15,6,13,14,16,5,10,16,9,14,12,16,9,11,11,10,8,9,14,13,9,6,11,18,11,14,13,16,13,19,13,15,12,12,16,12,18,14,16,15,20,18,11,10,23,20,17,13,18,25,22,20,27,16,11,12,18,12,10,15,29,14,24,12,9,12,16,13,18,12
"CCGTCGTTCCCGGTCGGCAGCTTCGCCTTCAGTCATGGCATCGAGTGGGCTGTGTCGACC",0,0,0,0,0,0,0,0,0,0,0,0,0,0,0,0,0,0,0,0,0,0,0,0,0,0,0,0,0,0,0,0,0,0,0,0,0,0,0,0,0,0,0,0,0,0,0,0,0,0,0,0,0,0,0,0,0,0,0,1,0,0,0,0,0,0,0,0,0,0,0,0,0,0,0,0,0,0,0,0,0,0,0,0,0,0,0,0,0,0,0,0,0,0,0,0,0,0,0
"CCTACGCTACCGGTCGGCGCGTACAGCTATTCGGGTGGGCTTGAGTCCGCGATCGAGAAT",8,7,6,4,2,8,4,6,8,7,4,14,8,5,2,4,6,9,9,9,8,6,10,7,5,7,4,5,12,6,10,5,7,5,7,6,5,3,6,7,4,8,6,8,5,8,6,7,9,4,13,10,9,11,5,9,5,3,4,4,0,7,5,6,7,8,6,6,4,5,2,4,3,1,3,1,3,3,1,0,6,1,5,9,1,5,6,2,4,6,3,5,8,4,2,4,3,3,8
"CCTACGCTGCCCATCGGGACCTTCGCGTACTCGCAGGGGCTCGAGCCCGCCGTGAGCGCC",1,0,0,0,1,1,0,0,2,0,0,0,0,3,0,0,2,2,2,0,1,0,1,0,1,0,1,0,0,2,1,1,1,0,2,0,1,0,1,1,0,1,2,1,3,0,1,1,1,1,2,1,0,2,1,0,1,1,1,1,0,2,0,1,0,1,1,0,1,1,0,3,3,0,2,1,0,0,0,2,0,2,0,1,2,0,0,0,0,1,0,0,2,1,0,0,0,2,1
"CCTGCATTGGCAGTAGGTGGGTTTTCGCTTTCTGCAGGCGTGGAAACCTATGTGCAGATG",0,0,0,0,0,0,0,0,0,0,0,1,0,0,0,0,0,0,0,0,0,0,0,0,0,0,0,1,1,0,0,0,0,0,0,0,1,0,1,0,0,0,0,0,0,0,0,0,0,0,0,0,0,0,1,0,0,0,0,0,0,0,0,0,0,0,0,0,0,0,0,0,0,0,0,0,0,0,1,0,0,0,0,0,0,0,0,0,0,0,0,0,0,0,0,0,0,0,0
"CGCGCGTTCCCGACCGGGGGCTTCGTCCATTCGCATGGGCTGGAGTGGCTGCTCAAGCAA",0,0,0,0,3,0,0,0,1,2,0,2,0,0,1,0,1,0,2,0,0,0,0,1,1,1,1,0,0,0,0,0,0,0,1,1,0,1,3,0,0,0,1,0,1,0,0,1,1,3,0,1,0,0,0,2,1,1,0,0,0,0,0,0,2,0,1,0,0,0,0,1,0,0,0,2,0,1,0,0,1,0,0,0,0,1,0,0,0,0,0,0,0,0,0,0,2,0,0
"CGGGCTTTGCCGCTCGGCGGCTTCTCCTTCTGCCACGGGGTGGTTCGCGCGGGCCATGTC",0,0,0,0,0,0,1,0,0,0,0,0,0,0,0,0,0,1,0,0,0,0,0,0,0,0,0,0,0,1,0,0,0,0,0,0,0,0,0,1,0,0,0,0,0,0,0,0,0,0,0,0,0,0,0,0,0,0,0,0,0,0,0,0,0,0,0,0,0,0,1,0,0,0,0,0,0,0,0,0,0,0,0,0,0,0,0,0,0,0,0,0,0,0,0,0,0,0,0
"CNGATGCTNCNNGNGGGCGCGTTCANNTANTCNCAAGGGCNGGAGTGGGCGGTGGAATCG",0,0,0,0,0,1,0,0,0,0,0,0,0,0,0,0,0,0,0,0,0,0,0,0,0,0,0,0,0,0,0,0,0,0,0,0,0,0,0,0,0,0,0,0,0,0,0,0,0,0,0,0,0,0,0,0,0,0,0,0,0,0,0,0,0,0,0,0,0,0,0,0,0,0,0,0,0,0,0,0,0,0,0,0,0,0,0,0,0,0,0,0,0,0,0,0,0,0,0
"GCA------CCTGTGGGAGCTTATAGTTATTCTGAGGGAATCGAAAGTCTGGTAGAAACT",0,0,0,0,0,0,0,0,0,0,0,0,0,0,0,0,0,0,0,0,0,0,0,0,0,0,0,0,0,0,0,0,0,0,0,0,0,0,0,0,0,0,0,0,0,0,0,0,0,0,0,0,0,0,0,0,0,0,0,0,0,0,0,0,0,0,0,0,0,0,0,0,0,0,0,0,0,0,0,0,0,0,0,0,0,0,0,0,0,0,0,0,0,0,0,0,0,0,0
"GCCAGCCTCCCGACGGGAAGTTTAAGCCATTCCCAGGGGCTTGAGAGTGCATTCTATTAT",0,0,0,0,0,0,0,0,0,0,0,0,0,0,0,0,0,0,0,0,0,0,0,0,0,0,0,0,0,0,0,0,0,0,0,0,0,0,0,0,0,0,0,0,0,0,0,0,0,0,0,0,0,0,0,0,0,0,0,0,0,0,0,0,0,0,0,0,0,0,0,0,0,0,0,0,0,0,1,0,0,0,0,0,0,0,0,0,0,0,0,0,0,0,0,0,0,0,0
"GCCCGCATCCCCTCCGGAGATCCGGCCCACAGCGGCGGCATGGAAGCCGCGTGCGCGGTG",0,0,0,0,1,0,0,0,0,0,2,0,0,0,0,0,0,0,0,0,0,0,0,0,0,0,0,0,0,0,0,0,0,0,0,0,0,0,0,0,0,0,0,0,0,0,0,0,0,0,0,0,0,0,0,0,0,0,0,0,0,0,0,0,0,0,0,0,0,0,0,0,0,0,0,0,0,0,0,0,0,0,0,0,0,0,0,0,0,0,0,0,0,0,0,0,0,0,0
"GCCGCCCAGCCGGCAGGCGGCTATGGACATAGTTTCGGCATCGAACGCATGGTACGGGGC",0,0,0,0,0,0,0,0,0,0,0,0,0,0,0,0,0,0,0,0,0,0,0,0,0,0,0,0,0,0,0,0,0,0,0,0,0,0,0,0,0,0,0,0,0,0,0,0,0,0,0,0,0,0,0,0,0,0,0,0,0,0,0,0,0,0,0,0,0,0,0,0,0,0,0,0,0,0,0,0,0,0,0,0,0,0,0,0,0,0,0,0,0,0,0,0,0,0,0
"GCGAGCCTGCCGGTAGGGGCCTTCGCCTATTCCGAGGGCCTCGAGACGCTGGTCTCGCGC",0,0,0,0,0,0,0,0,0,0,0,0,0,0,0,0,0,0,0,0,0,0,0,0,0,0,0,0,0,0,1,0,0,0,0,0,0,1,0,0,0,0,0,1,0,0,0,0,0,0,0,1,0,0,0,0,0,0,0,0,0,0,0,0,0,0,0,0,0,0,0,0,1,0,0,0,0,0,0,0,0,0,0,0,0,0,1,1,0,0,0,0,0,0,0,0,0,0,1
"GCGCGCCTGCCGACAGCCGGGCACACCCAGTCCGGCGGTCTTGAACCGGCCATCGTCGAC",0,0,1,1,1,0,0,0,0,0,0,1,0,0,0,0,0,0,0,1,0,0,0,0,0,0,0,0,0,0,0,1,0,0,2,0,0,0,0,0,0,0,0,0,0,0,0,1,1,0,0,2,0,0,1,0,0,0,0,1,0,0,0,0,0,0,0,0,1,0,0,0,0,2,0,0,0,0,0,0,2,0,0,1,0,0,3,0,0,1,0,0,0,1,0,0,1,1,0
"GCGCTCTTTCCGACTGGTGCGTACGCGCACTCCCTGGGATTTGAGGAAGCGGTACGACTG",0,0,0,0,0,0,1,0,0,0,2,1,4,1,2,2,0,0,1,0,0,0,1,1,0,1,0,1,0,0,0,0,0,1,0,3,2,0,0,0,1,0,0,0,1,0,1,0,1,3,0,0,0,1,0,1,0,0,1,0,0,1,0,0,0,0,0,0,0,0,0,0,1,1,0,0,0,0,0,0,1,1,0,0,0,0,1,0,0,0,0,1,1,0,0,0,0,0,1
"GCTTCGTTCCCGACGGGAGCTTTCAATCACTCATTTGGCTTCGAGACCTGGATCGATGCT",0,0,0,0,0,0,0,0,0,0,0,0,0,0,0,0,0,0,0,0,0,0,0,0,0,0,0,0,0,1,0,0,0,0,0,0,0,0,0,0,0,0,0,0,0,0,1,0,0,0,1,0,0,0,1,0,0,0,0,0,0,0,0,0,0,0,0,1,0,0,0,0,0,0,0,0,0,0,0,0,0,0,0,0,0,0,0,0,1,0,0,0,0,1,0,0,2,0,0
"GGACTCTTCCCCGCGGGAGCCTATGCGCATTCGTTTGGCCTCGAGTCTTGCGTACAATCC",0,0,1,3,5,0,3,5,0,8,3,0,0,0,1,2,0,0,0,0,1,0,0,1,1,0,0,1,0,0,0,0,0,3,0,0,1,0,1,0,2,0,0,0,0,0,1,1,0,0,0,0,3,1,0,0,0,0,0,1,0,0,0,0,1,1,0,0,0,0,2,1,1,0,0,0,0,0,2,1,0,0,3,2,0,0,1,1,0,0,4,2,0,2,0,3,2,1,0
"GGCCGCACGCCGACGGGTGGGCTTTCGCACTCGGGTGGGGTCGAAGAGGCGGTGCGCGCT",0,0,0,1,0,0,0,1,0,0,1,1,0,0,0,0,0,0,0,0,0,0,0,0,0,0,0,0,0,1,0,0,0,0,0,0,1,0,0,0,0,0,0,0,0,0,1,0,0,0,0,0,0,0,0,0,0,0,0,0,0,0,2,1,0,0,0,0,0,0,0,0,0,0,0,0,0,1,0,0,1,0,0,0,0,0,0,3,0,1,0,0,0,0,0,0,0,0,0
"GGCGCTTTTCCGAGCGGGTCCTTTGCATTTTCCTACGGTATCGAGGGCCTGCTGAGCTGG",0,0,0,0,0,0,0,0,0,0,0,0,0,0,0,0,0,0,0,0,0,0,0,0,0,0,0,0,0,0,0,0,0,0,0,0,0,0,0,0,0,0,0,0,0,0,0,0,0,0,0,0,0,0,0,0,0,0,0,0,0,0,0,0,0,0,0,0,0,0,0,0,0,0,0,0,0,0,0,0,0,0,0,0,0,0,0,0,0,0,0,0,0,0,0,0,0,0,0
"GGGCGGTTCCCTGCGGGTGGCCACGCCCACAGTGCCGGTGTCGAGTCGGCGGTGGCCGAC",0,2,0,0,0,1,2,1,3,4,7,1,0,2,2,2,1,1,1,0,2,2,3,0,1,0,0,1,2,1,0,0,2,1,2,1,0,1,1,1,0,0,0,0,3,0,0,1,3,0,0,3,0,0,0,0,3,0,0,1,1,2,2,3,0,0,1,0,1,0,3,0,1,1,0,1,2,0,1,0,1,0,0,0,5,0,0,1,0,0,1,3,2,1,2,1,5,0,1
"TCAATGTTCCCGATCGGGAGTTTTTCGTTTTCGTGCGGCCTGGAATCCGCGATTCAAAAG",0,3,0,0,0,3,1,0,0,0,0,0,0,1,1,1,2,1,1,2,1,1,1,1,4,0,0,0,1,3,1,0,0,1,1,1,0,0,2,2,2,3,0,3,0,0,3,1,1,0,0,1,2,3,0,1,0,3,3,2,1,0,0,1,4,1,1,0,1,0,0,0,1,1,2,0,2,0,0,1,0,2,0,5,1,0,0,1,0,0,1,0,1,1,0,0,0,0,1
"TCAGCCCTTCCCCTAGGCTCCTTTGCTTTCAGCAGCGGCCTAGAGTCCTACTTGATCCAT",0,0,0,0,0,0,0,0,0,0,0,0,0,0,0,0,0,0,0,0,0,0,0,0,0,0,0,0,0,0,0,0,0,0,0,0,0,0,0,0,0,0,0,0,0,0,0,0,0,0,0,0,0,0,0,0,0,0,0,0,0,0,0,0,0,0,0,0,0,1,0,1,0,0,0,0,0,0,0,0,0,0,0,0,0,0,0,0,0,0,0,0,0,0,0,0,0,0,0
"TCATTCTACCCGACCGGGAGTTACGCGCACTCATTCGGGCTCGAAGGGCTCGTGCACGAG",0,1,0,0,0,0,0,0,2,0,0,1,1,0,0,0,1,2,2,0,0,1,1,0,1,1,1,3,0,0,1,1,3,0,1,1,1,0,0,1,0,1,0,1,1,2,0,0,0,3,1,0,1,0,0,0,0,2,0,1,0,0,0,0,0,0,0,1,0,0,1,1,1,1,0,1,0,1,1,0,0,0,0,0,0,0,0,0,0,0,0,0,0,0,0,2,0,0,1
"TCATTGTTTCCTGTTGGTGGTTACGCCTACTCGGATGGATTGGAGACCGCTGCGGCTTCT",0,0,0,0,0,0,0,0,0,0,0,0,0,0,0,0,0,0,0,1,0,0,0,0,0,0,0,0,0,0,0,0,0,0,0,0,0,0,0,0,0,0,0,0,0,0,0,0,0,0,0,0,0,0,0,0,0,0,0,0,0,0,0,0,0,0,0,0,0,0,0,0,0,0,0,0,0,0,0,0,0,0,0,0,0,0,0,0,0,0,0,0,0,0,0,0,0,0,0
"TCATTTTTTCCTTCTGGCATGTTTGGATTGTCCAACGGTCTAGAATCTCTTGTAAAACAT",0,0,0,0,0,0,0,0,0,0,0,0,0,0,0,0,0,0,0,0,0,0,1,0,0,0,0,0,2,0,0,0,0,0,0,0,0,0,0,0,0,0,0,0,0,0,0,0,0,0,1,0,0,0,0,0,0,0,0,0,0,0,0,0,0,0,0,0,0,0,0,0,0,0,0,0,0,0,0,0,0,1,0,0,0,0,0,0,0,0,0,0,0,0,0,0,0,0,0
"TCCAGCTACCCCACTGGCGCGTACGTCCACTCGGCCGGGCTCGAGGCG---CTCGCCCCT",0,0,0,0,0,0,0,0,0,0,0,0,0,0,0,0,0,0,0,0,0,0,0,0,0,0,0,0,0,0,0,0,0,0,0,0,0,0,0,0,0,0,0,0,0,0,0,0,0,0,0,0,0,0,0,0,0,0,0,1,0,0,0,0,0,0,0,0,0,0,0,0,0,0,0,0,0,0,0,0,0,0,0,0,0,0,0,0,0,1,0,0,0,0,0,0,0,0,0
"TCCAGCTTTCCCGCGGGAGGCTTCGCGTTCAGTAACGGTCTGGAGAGCTTGGCCAAGTCG",0,0,0,0,0,0,0,0,0,0,0,0,0,0,0,0,1,2,0,0,0,0,0,0,0,0,0,0,0,0,0,0,0,0,0,0,0,0,0,0,0,0,1,0,0,0,0,0,1,0,0,0,0,0,0,0,0,0,1,0,0,0,0,0,0,0,0,1,0,3,0,0,0,0,0,1,0,0,0,0,0,0,0,0,0,0,0,0,0,0,0,0,0,0,0,0,0,2,0
"TCCCGCTTCCCATCGGGCTCCTACGCCCACTCGCTCGGCCTGGAGCAAGCGGTCAACGAC",0,0,0,0,0,0,0,0,0,0,0,0,0,0,0,0,0,0,0,0,0,0,0,0,0,0,0,0,0,0,0,0,0,0,1,0,0,0,0,0,0,0,0,0,0,0,0,0,0,0,0,0,0,0,0,0,0,0,0,0,0,0,0,0,0,0,0,0,0,0,0,0,0,0,0,0,0,0,0,0,0,0,0,0,0,0,0,0,0,0,0,0,0,0,0,0,0,1,0
"TCCCGGTTTCCGGGTGGTGGGCATGTGCATTCCGGCGGGCTTGAGGAGGTCGTCGCACGC",0,0,0,0,1,0,0,1,1,0,0,1,0,0,0,1,0,0,0,1,0,0,0,0,0,0,0,0,0,1,0,0,0,0,0,0,0,0,1,0,0,0,0,0,0,0,0,0,0,0,0,0,0,0,0,0,0,0,0,0,0,0,0,0,0,0,0,0,0,1,0,0,0,0,0,0,1,0,0,0,0,0,0,0,0,0,0,0,0,0,0,0,0,0,0,0,0,0,1
"TCCGCCTTCCCGTCCGGCAGCTTCACCTGCTCCTGGGGCGTCGAAGCCTGCGTGCAGCGT",1,0,0,0,0,0,0,0,0,0,0,0,0,0,0,0,0,0,0,0,0,0,0,0,0,0,0,1,0,0,0,0,0,0,1,0,0,0,1,0,1,0,2,0,0,0,0,0,0,1,0,0,0,0,0,0,0,0,0,1,0,0,0,0,0,0,0,0,1,0,0,0,0,0,0,0,0,0,0,0,1,0,0,0,0,0,0,1,0,0,0,1,0,0,0,1,0,0,0
"TCCTTTCTGCCTGTCGGCGCATTCTCCTTCTCAAACGGACTGGAGTCCGCTGTCCAGATA",1,0,1,1,0,1,0,1,0,0,0,0,1,0,2,0,1,1,0,1,0,0,2,0,1,1,1,0,0,0,0,1,1,1,1,1,0,0,0,2,0,2,0,0,0,0,0,1,0,1,4,0,0,0,0,1,0,2,1,2,2,0,0,0,0,0,1,1,0,2,2,2,0,0,2,1,4,6,0,0,2,2,1,3,0,0,3,2,3,1,1,1,0,0,2,0,0,0,2
"TCGAATCTCCCAACGGGCGGCTTCGTATCTTCCTCAGGCCTAGAGTCATATGTCAAACAC",0,0,0,0,0,0,0,0,0,0,0,0,0,0,0,0,0,0,0,0,0,0,0,0,0,0,0,0,0,0,0,0,0,0,0,0,0,0,0,0,0,0,0,0,0,0,0,0,0,0,0,0,0,0,0,0,0,0,0,0,0,0,0,0,0,0,0,0,0,0,0,0,0,0,0,0,0,0,0,0,1,0,0,0,0,0,2,0,0,0,1,0,0,0,0,0,0,0,0
"TCGCAGTTTCCGGTCGGAGCGTTCGCACATTCGAGCGGCGTCGAAACCTACGCCGCGCTT",0,0,1,0,0,3,1,1,0,0,0,0,1,1,3,1,2,0,3,3,1,2,1,5,2,4,1,4,3,0,3,3,2,5,0,3,0,3,1,1,1,0,0,3,0,2,2,1,1,0,0,2,0,0,0,1,0,0,0,1,1,1,2,4,0,0,0,1,1,2,0,0,1,0,0,0,0,0,3,0,0,1,2,1,2,0,0,0,1,0,0,2,2,1,0,0,0,0,0
"TCGCGGGCGCCGGCCGGGGCCCACCACCACTCCGGTGGCATGGAGGCCGCGGTCATGACC",1,1,1,1,0,1,0,0,0,0,2,0,0,0,0,0,0,1,0,0,1,0,0,0,0,0,0,0,0,0,0,0,2,0,0,0,1,1,0,0,0,0,0,0,0,1,0,1,0,0,1,0,1,0,1,2,1,2,0,1,0,0,0,1,2,0,0,0,0,1,1,1,0,0,1,0,4,3,1,1,1,1,0,0,1,1,0,0,0,0,1,1,0,3,2,0,3,5,0
"TCGCTCTTCCCGATCGGCGGATTTGCGTACTCCGACGGTTTGGAGAGGGCGACCAGCGAC",0,0,1,0,0,0,1,2,1,0,0,0,1,0,0,0,1,0,0,0,0,2,2,0,1,0,0,0,0,0,2,0,1,2,2,1,0,0,0,0,1,1,2,0,0,1,0,0,0,0,0,2,0,0,0,0,2,0,0,1,0,2,0,0,2,0,1,2,1,0,0,0,0,0,0,0,0,0,0,0,0,0,0,0,0,0,0,0,0,0,2,0,0,1,1,0,0,0,0
"TCGGCCATTCCCACCGGCTCCTTCGCCTATTCCTACGGCCTGGAAAGCAGCATCACCTTC",0,0,0,0,0,0,0,0,0,0,0,0,0,1,0,0,0,0,0,0,0,0,0,0,0,0,0,0,1,0,1,0,0,0,0,0,0,0,0,0,0,0,0,0,0,0,1,0,0,0,0,0,0,0,0,0,0,0,0,1,0,0,0,0,0,0,0,0,0,0,0,0,0,1,0,0,2,0,0,0,0,0,0,0,0,0,0,0,1,0,0,0,1,0,1,0,0,0,0
"TCGGCCCTGCCGATCAGCGGCTACACGCATTCGTGGGGGTTGGAAGGGGCGATCGCGCGC",2,0,1,2,4,1,3,0,0,2,5,0,1,0,0,1,0,1,0,1,0,0,0,0,0,2,0,1,0,1,0,0,0,2,1,0,0,1,2,1,0,0,0,2,1,2,0,0,1,0,0,0,3,0,1,1,0,2,0,0,2,1,1,0,0,0,1,3,0,0,1,1,5,3,1,2,0,1,2,1,0,0,2,0,0,2,2,1,4,0,4,1,1,0,5,0,1,1,0
"TCGGCGTTCCCGTCGGGCGGGTTCGCGCATTCGGGCGGGCTCGAGGCCGCGTGGCAGGCC",9,8,2,2,0,13,12,2,9,4,1,6,10,14,8,8,8,4,11,8,11,6,8,7,7,11,9,7,11,9,8,6,4,5,9,7,6,8,2,3,6,11,6,6,9,8,7,8,7,10,6,7,5,7,6,7,4,5,1,6,8,10,5,3,4,3,5,7,9,6,7,6,8,0,7,6,2,3,1,4,0,2,1,7,7,5,6,3,5,3,3,0,6,7,9,6,0,1,8
"TCGGCGTTTCCCGCCGGAGGCTTCGCGCACACCGCAGCGCTGGAGCAGCTCGTGCGCGAT",0,0,0,0,0,0,0,0,0,0,0,0,0,0,0,0,0,0,0,1,0,0,0,0,0,0,0,0,0,0,0,0,0,0,0,0,0,0,0,0,0,0,0,0,0,0,0,0,0,0,0,1,0,0,0,0,0,0,0,0,0,0,0,0,0,0,0,0,0,0,0,0,0,0,0,0,0,0,0,0,0,0,0,0,0,0,0,0,0,0,0,0,0,0,0,0,0,0,0
"TCGGCGTTTCCCGTGGGCGCTTACGCCACGTCACGCGGATGGGAAACGCTCGTGACAGAG",0,0,0,0,0,0,0,0,0,0,0,1,0,0,0,0,1,0,0,0,0,0,0,0,0,0,0,0,0,0,0,0,0,0,0,0,0,0,0,0,0,0,0,0,0,0,0,0,0,0,0,0,0,0,0,0,0,0,0,0,0,0,0,0,0,0,0,0,0,0,1,0,0,0,0,0,0,1,0,0,0,0,0,0,0,0,0,0,0,0,0,0,0,1,0,0,0,0,0
"TCGGCTCTTCCCATTGGCGGCACAGCGCACTCCTTTGGAATCGAAACTCTGGCCGATGAA",0,0,0,0,0,0,0,0,2,2,0,0,0,0,0,0,0,0,2,1,0,0,1,0,0,0,0,0,0,0,0,0,0,0,0,0,1,1,1,0,0,0,1,2,1,2,0,1,0,0,1,0,1,0,0,3,1,2,6,3,4,0,0,3,2,1,3,0,5,2,3,4,0,13,1,7,3,2,5,2,4,3,3,0,6,5,2,8,7,3,3,2,0,0,3,1,0,2,0
"TCGGGCTTCCCCACGGGCGGATTCGCCTGCAGCCACGTCCTCGAATGGCTCGCGAGCCGC",0,0,0,0,0,0,0,0,0,0,0,0,0,0,0,0,0,0,0,0,0,0,0,0,0,0,0,0,0,0,0,0,0,0,0,0,0,0,0,0,0,0,0,0,0,0,0,0,0,0,0,0,0,0,0,0,0,0,0,0,0,0,0,0,0,0,0,0,0,0,0,0,0,0,0,0,0,0,0,0,0,0,0,0,0,0,0,0,0,0,0,0,0,0,0,0,0,0,0
"TCGTTCTTTCCCACTGGAATGTTCACCCAATCGCATGGCCTCGAAGGCTTTGTCGCGGCC",1,0,1,0,0,0,0,0,1,0,0,1,0,0,0,0,0,0,1,1,0,0,0,0,0,0,1,0,1,0,0,2,0,1,3,0,0,1,0,1,0,0,0,4,2,0,1,0,0,0,0,0,2,0,1,0,1,1,0,0,1,1,0,1,0,0,0,2,0,0,0,0,0,0,0,0,0,0,0,0,0,0,0,0,0,0,0,0,0,0,0,0,0,0,1,0,0,0,0
"TCGTTGTTCCCGAGTGGCGGATTCACACTGTCCCACGGGCTGGAGACCCTCGCCGAGCGC",0,0,0,1,2,1,0,0,0,0,0,0,1,1,0,0,0,2,0,0,1,1,0,0,0,0,0,0,0,0,0,0,0,0,0,0,0,0,0,0,0,0,0,0,0,0,0,0,0,0,2,1,0,0,0,0,0,0,0,0,0,0,0,0,1,0,0,0,1,0,0,0,0,0,0,0,0,0,0,0,0,0,0,0,0,0,0,0,0,0,0,0,0,0,0,0,0,0,0
"TCTAATTTCCCTACAGGGGCTTTTAGTCATTCGTACGGTCTTGAGAGCTATATTCAAGGA",0,0,0,0,0,0,0,0,0,0,0,0,0,0,0,0,0,0,0,0,0,0,0,0,0,0,0,0,0,0,1,0,0,0,0,0,0,0,0,0,0,0,0,0,0,0,0,1,0,0,0,0,0,0,0,0,0,0,0,0,0,0,0,0,0,0,0,0,0,0,0,0,0,0,0,0,0,0,0,0,0,0,0,0,0,0,0,0,0,0,0,0,0,0,0,0,0,0,0
"TCTGCACTCCCTACTGGAGGCTTTGCACATAGCAACGGGTTGGAGTCTGCCCTTGCTTGC",0,0,0,0,0,0,0,0,0,0,0,0,0,0,0,0,0,1,0,0,0,0,0,0,0,0,0,0,0,0,0,0,0,0,0,0,0,0,0,0,0,0,0,0,0,0,0,0,0,0,0,0,0,0,0,0,0,0,0,0,0,0,0,0,0,0,0,0,0,0,0,0,0,0,0,0,0,0,0,0,0,0,0,0,0,0,0,0,0,0,0,0,0,0,0,0,0,0,0
"TCTGCGTTTCCTAGCGGGAGCTATGCGTATTCTGGCGGGTTGGAGACTCTTTATGGGGAG",0,0,0,0,0,0,0,0,0,0,0,0,0,0,0,0,0,0,0,0,0,1,0,0,0,0,0,0,0,1,0,1,1,0,0,0,0,0,0,0,0,0,0,0,0,0,0,0,0,0,0,0,0,0,0,0,0,0,0,0,0,0,0,0,1,0,0,0,0,0,0,0,0,0,0,0,0,0,0,0,0,1,1,0,0,0,0,0,0,0,0,0,0,0,0,0,0,0,0
"TCTTTGGTCCCGTCAGGTGCCTTTGCGCATTCGTATGGCCTCGAGCAACTGGCGCGCGAG",0,0,0,0,0,0,0,0,0,0,0,1,0,0,0,0,0,0,0,0,0,0,0,0,0,0,0,0,0,0,0,0,0,0,0,0,0,0,0,0,0,0,0,0,0,0,0,0,0,0,0,0,0,0,0,0,0,0,0,0,0,0,0,0,0,0,0,0,0,0,0,0,0,0,0,0,0,0,0,0,0,0,0,0,0,0,0,0,0,0,0,0,0,0,0,0,0,0,0
"TCTTTTTTTCCAAGTGGTATGTATACAACATCCAGTGGTTTGGAGGCTTACTACAGTAAT",0,0,0,0,0,0,0,0,0,1,0,0,0,0,0,0,0,0,0,0,0,0,0,0,0,0,0,0,0,0,0,0,0,0,0,0,0,0,0,0,0,0,0,0,0,0,0,0,0,0,0,0,0,0,0,0,0,0,0,0,0,0,0,0,0,0,0,0,0,0,0,0,0,0,0,0,0,0,0,0,0,0,0,0,0,0,0,0,0,0,0,0,0,1,0,0,0,0,0
"TGCGCGCTGCCCGTGGGCGGCATGGCGCTTTCGTTTGGCCTCGTGTCGCTGGTGGTACTC",0,0,0,0,0,0,0,0,1,0,0,0,0,0,0,0,0,0,0,0,0,0,0,0,0,0,0,0,0,0,0,0,0,0,0,0,0,0,0,0,0,0,0,0,0,0,0,0,0,0,0,0,0,0,0,0,0,0,0,0,0,0,0,0,0,0,0,1,0,0,0,0,0,0,0,0,0,0,0,0,0,0,0,0,0,0,1,0,0,0,0,0,0,0,0,0,0,0,0
