"","0_SD7449_H041_pH7","100_SD7551_S153","101_SD7552_S154","102_SD7553_S155","104_SD7555_S157","106_SD7557_S159","108_SD7559_S161","109_SD7560_S162","10_SD7461_H054_pH7","111_SD7562_S164","112_SD7563_S165","113_SD7564_S166","114_SD7565_S167","115_SD7566_S168","116_SD7567_S169","117_SD7568_S170","11_SD7462_H055_pH7","120_SD7571_S173","121_SD7572_S174","122_SD7573_S175","12_SD7463_H056_pH7","13_SD7464_H057_pH7","14_SD7465_H058_pH7","16_SD7467_H061_pH6.5","17_SD7468_H062_pH6.5","18_SD7469_H063_pH6.5","19_SD7470_H065_pH6.5","1_SD7450_H042_pH7","20_SD7471_H067_pH6.5","21_SD7472_H068_pH6.5","22_SD7473_H069_pH6.5","23_SD7474_H070_pH6.5","24_SD7475_H071_pH6.5","25_SD7476_H072_pH6.5","26_SD7477_H073_pH6.5","27_SD7478_H074_pH6.5","28_SD7479_H075_pH6.5","2_SD7451_H043_pH7","30_SD7481_H077_pH6.5","31_SD7482_H078_pH6.5","32_SD7483_H079_pH6.5","33_SD7484_H080_pH6.5","34_SD7485_H081_pH6","35_SD7486_H082_pH6","36_SD7487_H085_pH6","37_SD7488_H086_pH6","38_SD7489_H087_pH6","39_SD7490_H089_pH6","3_SD7452_H044_pH7","40_SD7491_H090_pH6","41_SD7492_H091_pH6","42_SD7493_H092_pH6","43_SD7494_H093_pH6","44_SD7495_H094_pH6","45_SD7496_H095_pH6","46_SD7497_H096_pH6","47_SD7498_H097_pH6","48_SD7499_H098_pH6","49_SD7500_H099_pH6","4_SD7453_H045_pH7","50_SD7501_H100_pH6","51_SD7502_H101_pH5.5","52_SD7503_H102_pH5.5","53_SD7504_H103_pH5.5","54_SD7505_H104_pH5.5","55_SD7506_H105_pH5.5","56_SD7507_H106_pH5.5","57_SD7508_H107_pH5.5","58_SD7509_H109_pH5.5","59_SD7510_H110_pH5.5","5_SD7454_H046_pH7","60_SD7511_H111_pH5.5","61_SD7512_H113_pH5.5","62_SD7513_H114_pH5.5","63_SD7514_H115_pH5.5","64_SD7515_H116_pH5.5","65_SD7516_H117_pH5.5","66_SD7517_H119_pH5.5","67_SD7518_H120_pH5.5","68_SD7519_S121","69_SD7520_S122","6_SD7455_H048_pH7","70_SD7521_S123","71_SD7522_S124","72_SD7523_S125","73_SD7524_S126","74_SD7525_S127","75_SD7526_S128","76_SD7527_S129","77_SD7528_S130","78_SD7529_S131","79_SD7530_S132","7_SD7456_H049_pH7","80_SD7531_S133","81_SD7532_S134","82_SD7533_S135","83_SD7534_S136","84_SD7535_S137","85_SD7536_S138","86_SD7537_S139","87_SD7538_S140","88_SD7539_S141","8_SD7458_H051_pH7","90_SD7541_S143","91_SD7542_S144","92_SD7543_S145","93_SD7544_S146","94_SD7545_S147","95_SD7546_S148","97_SD7548_S150","98_SD7549_S151","99_SD7550_S152","9_SD7460_H053_pH7"
"AAACTCAGTCAATTTGGTGCTACCGCCTGCAAAGCGCTATATCAATGCAATGATTGCAGG",0,0,0,0,0,0,0,0,0,0,0,0,0,0,0,0,0,0,0,0,0,0,0,0,0,0,0,0,0,0,0,0,0,0,0,0,0,0,0,0,0,0,0,0,0,0,0,0,0,0,0,0,0,0,0,0,0,0,0,0,0,0,0,0,0,0,0,0,0,0,0,0,0,0,0,0,0,0,0,0,0,0,0,0,0,0,0,0,0,0,0,0,0,0,0,0,0,0,0,0,0,0,0,0,0,0,0,0,0,0,0,0,0
"AAATTTAAAACTGCTACCCATTCTCAAATCTCCTCTGAAAAAAATTGTATCGATTGCCAT",0,0,0,0,0,0,0,0,0,0,0,0,0,0,0,0,0,0,0,0,0,0,0,0,0,0,0,0,0,0,0,0,0,0,0,0,0,0,0,0,0,0,0,0,0,0,0,0,0,0,0,0,0,0,0,0,0,0,0,0,0,0,0,0,0,0,0,0,0,0,0,0,0,0,0,0,0,0,0,0,0,0,0,0,0,0,0,0,0,0,0,0,0,0,0,0,0,0,0,0,0,0,0,0,0,0,0,0,0,0,0,0,0
"AACTATCAGGAATGGCGCCACAGCGCGTTCGACGAACGCCGGAGTTGCCAGAGCTGTCAC",0,0,0,1,0,1,1,0,0,0,0,0,0,2,2,1,0,3,1,1,2,0,0,1,0,0,0,0,0,0,0,0,0,0,0,0,0,0,0,0,0,0,0,0,1,0,0,0,0,0,1,0,0,0,0,0,0,0,0,0,0,0,0,0,0,0,0,0,0,0,1,0,0,0,0,0,0,0,0,0,0,0,0,0,0,0,0,0,0,0,0,0,0,0,1,0,0,0,0,0,0,1,0,0,0,0,0,0,1,0,1,1,0
"AACTTCCAGAAGAACGCC------AAACACGCGCAGGGCCTCGAGTGCGTGGATTGCCAC",0,0,0,0,0,0,0,0,0,0,0,0,0,0,0,0,0,0,0,0,0,0,0,0,0,0,0,0,0,0,0,0,0,0,0,0,0,0,0,0,0,0,0,0,0,0,0,0,0,0,0,0,0,0,0,0,0,0,0,0,0,0,0,0,0,0,0,0,0,1,1,0,0,0,0,0,0,0,0,0,0,0,0,0,0,0,0,0,0,0,0,0,0,0,0,0,0,0,0,0,0,2,0,0,0,0,0,0,0,0,0,0,0
"AAG---------TTCCAGCGCACGTCGCATCATCCGAAGATGCAGTGCTCGAACTGCCAC",1,0,0,0,0,0,1,0,0,0,0,0,0,0,0,0,0,1,0,0,0,0,0,0,0,0,0,0,0,0,0,0,0,0,0,0,0,0,0,0,1,0,0,0,0,0,0,0,0,0,0,0,0,0,0,0,0,0,0,0,0,0,0,0,0,0,1,0,0,0,0,1,0,0,0,0,0,0,0,0,0,0,0,0,0,0,0,0,0,0,0,0,0,0,0,0,0,0,0,0,0,0,0,0,0,0,0,0,2,0,0,0,0
"AAGGTTTCA------ACCGCAGCCCCTCACAAAGCCGAAGCGAACTGCGTCAGTTGCCAC",0,0,0,0,0,0,0,0,0,0,0,0,0,0,0,0,0,0,0,0,0,0,0,0,0,0,0,0,0,0,0,0,0,0,0,0,0,0,0,0,0,0,0,0,0,0,0,0,0,0,0,0,0,0,0,0,0,0,0,0,0,0,0,0,0,0,0,0,0,0,0,0,0,0,0,0,0,0,0,0,0,0,0,0,0,0,0,0,0,0,0,0,0,0,0,0,0,0,0,0,0,0,0,0,0,0,0,0,0,0,0,0,0
"AATTACGAGGCATTCGCCCATACGGGCGCGCACAGGCGAAAGCTATGTGTGGACTGCCAT",0,0,0,0,0,0,0,0,0,0,0,0,0,0,0,0,0,0,0,0,0,0,0,0,0,0,0,0,0,0,0,0,0,0,0,0,0,0,0,0,0,0,0,0,0,0,0,0,0,0,0,0,0,0,0,0,0,0,0,0,0,0,0,0,0,0,0,0,0,0,0,0,0,0,0,0,0,0,0,0,0,0,0,0,0,0,0,0,0,0,0,0,0,0,0,0,0,0,0,0,0,0,0,1,0,0,0,0,0,0,0,0,0
"AATTTTTGTTCATTTAAATCTTTGTCACAACAACTTAAAGCAAATTGCATCGACTGCCAC",0,0,0,0,0,0,0,0,0,0,0,0,0,0,0,0,0,0,0,0,0,0,0,0,0,0,0,0,0,0,0,0,0,0,0,0,0,0,0,0,0,0,0,0,0,0,0,0,0,0,0,0,0,0,0,0,0,0,0,0,0,0,0,0,0,0,0,0,0,0,0,0,0,0,0,0,0,0,0,0,0,0,0,0,0,0,0,0,0,0,0,0,0,0,0,0,0,0,0,1,0,0,0,0,0,0,0,0,0,0,0,0,0
"ACAACGGCAAAGTATAAACACTCGATCGTCATGAACGACACATCATGCCAGACCTGCCAC",0,0,0,0,0,0,0,0,0,0,0,0,0,0,0,0,0,0,0,0,0,0,0,0,0,0,0,0,0,0,0,0,0,0,0,0,0,0,0,0,0,0,0,0,0,0,0,0,0,0,0,0,0,0,0,0,0,0,0,0,0,0,0,0,0,0,0,0,0,0,0,0,0,0,0,0,0,0,0,0,0,0,0,0,0,0,0,0,0,0,0,0,0,0,0,0,0,0,0,0,0,0,0,0,0,0,0,0,0,0,0,0,0
"ACAATCGGCAATCATTTTGATCCTCAGCATATACCGGGGGTCACCTGCGAAGGATGTCAC",0,0,0,0,0,1,1,0,0,0,0,0,0,0,1,2,0,1,2,2,0,0,0,0,0,0,0,0,0,0,0,0,0,0,0,0,0,0,0,0,0,0,0,0,0,0,0,0,0,0,0,0,0,0,0,0,0,0,0,0,0,0,0,0,0,0,0,0,0,0,0,0,0,0,0,1,0,0,0,0,0,0,0,0,0,0,0,0,0,0,0,0,0,0,0,0,0,0,0,0,0,0,0,0,0,0,0,0,0,0,0,0,1
"ACACACATTGGCCGCATTCAGGGCCCGCACGCGCGCCAGGTGAGTTGCGTTACCTGCCAT",0,0,0,0,1,0,1,0,0,0,0,0,0,0,0,0,0,0,0,0,0,0,0,1,0,0,0,0,0,0,0,0,0,0,0,0,0,0,0,0,0,1,0,0,0,0,1,0,1,0,0,0,0,0,0,0,1,0,0,0,0,0,0,0,0,0,0,0,1,0,0,0,0,0,0,0,0,0,0,0,1,0,1,2,0,0,1,0,0,0,0,1,0,0,0,0,0,0,1,0,0,0,0,0,0,0,0,0,0,0,0,0,0
"ACATACGCTGAATGGAAGAATGGTCCGTACTCACAAAGAATCCAATGTCAGCAATGCCAC",1,0,1,1,0,0,0,2,0,3,0,1,0,1,3,1,0,0,0,1,0,0,2,2,1,1,2,0,0,1,0,0,0,0,0,1,0,0,0,0,1,0,1,0,3,0,1,0,2,2,0,1,1,1,0,1,1,0,0,1,0,1,0,1,1,0,0,0,0,0,0,1,1,0,0,1,1,0,0,0,0,0,0,0,0,0,0,0,0,1,0,1,1,0,0,0,0,0,1,0,0,0,1,0,2,0,0,1,0,0,0,0,1
"ACGACGCACCAATGGCTCACGTCGGCCCATTCACAGGCCATCTCGTGCAGTTCGTGCCAC",0,0,0,0,0,0,0,0,0,0,0,0,0,0,0,0,0,0,0,0,0,0,0,0,0,0,0,0,0,0,0,0,0,0,0,0,0,0,0,0,0,0,0,0,0,0,0,0,0,0,0,0,0,0,0,0,0,0,0,0,0,0,0,0,0,0,0,0,0,0,0,0,0,0,0,0,0,0,0,0,0,0,0,0,0,0,0,0,0,0,0,0,0,0,0,0,0,0,0,0,0,0,0,0,0,0,0,0,0,0,0,0,0
"ACGCACTCGCATCATCAA------------TCGGCGCAGGCATCATGCGTCGACTGCCAC",0,0,0,0,0,0,0,0,0,0,0,0,0,0,0,0,0,0,0,0,0,0,0,0,0,0,0,0,0,0,0,0,0,0,0,0,0,0,0,0,0,0,0,0,0,1,0,0,0,0,0,0,0,0,0,0,0,0,0,0,0,0,0,0,0,0,0,0,0,0,0,0,0,0,0,0,0,0,0,0,0,0,0,0,0,0,0,0,0,0,0,0,0,0,0,0,0,0,0,0,0,0,0,0,0,0,0,0,0,0,0,0,0
"ACGTTCGCCGCC------CACGATCCACACGCCGAACCCGTCGGATGTGTCGCCTGCCAC",2,0,0,0,0,0,0,0,0,0,0,1,0,0,0,0,0,0,0,0,0,0,0,0,0,0,0,0,0,0,0,0,1,0,0,0,0,0,0,0,0,0,0,0,0,0,0,0,0,0,0,0,0,0,0,0,0,0,0,0,0,0,1,0,0,0,2,1,0,1,0,0,0,1,0,0,1,0,0,0,1,1,0,0,0,0,0,0,0,0,1,0,1,0,0,0,0,0,0,0,1,0,0,0,0,0,0,0,1,0,0,1,0
"ACTGAAAAGCATCACATGCACCAGGCCGGCAGCAAGGGTGCGCAGTGCGTCGACTGCCAC",0,0,0,0,0,0,0,0,0,0,0,0,1,0,0,0,0,0,0,1,0,0,0,1,0,0,0,0,0,0,1,0,0,0,0,0,0,0,0,0,1,0,0,0,0,0,0,0,0,0,0,0,0,0,1,0,1,1,0,0,0,0,0,0,1,1,0,0,1,0,0,0,0,0,0,0,0,0,0,0,0,0,0,1,1,0,1,0,0,0,0,0,0,0,0,0,0,0,0,0,0,0,0,0,0,0,0,0,0,0,3,0,1
"AGCCTGCAGACGGCACACCATAACCAGCCCTTTGCTACTGCCGACTGTTTGCAGTGCCAC",0,0,0,0,0,0,0,0,0,0,0,0,0,0,0,0,0,0,0,0,0,0,0,0,0,0,0,0,0,0,0,0,0,0,0,0,0,0,0,0,0,0,0,0,0,0,0,0,0,0,0,0,0,0,0,0,0,0,0,0,0,0,0,0,0,0,0,0,0,0,0,0,0,0,0,0,0,0,0,0,0,0,0,1,0,1,1,0,0,0,1,0,0,0,0,0,0,0,0,0,0,0,0,0,0,0,0,0,0,0,0,0,0
"AGCGATCCCAATTGGCAGCTCACCCGTAAGGACGGCGACAGCGCCTGCACGCAGTGTCAC",0,0,0,0,0,0,0,0,0,0,0,1,0,1,0,0,0,1,0,0,0,0,0,0,0,0,0,0,1,0,0,0,0,0,0,0,0,0,0,1,0,0,0,0,0,0,0,0,0,0,0,0,0,0,0,0,0,0,0,0,0,0,0,0,0,0,0,0,0,0,0,0,0,0,0,0,0,0,0,0,0,0,0,0,0,0,0,0,0,0,0,1,0,0,0,0,0,0,0,2,0,0,0,0,0,0,0,0,0,0,0,0,0
"AGCTATCGCGACACGTTTCACGGTCAGTTCAAGCCCGCCGCGACGTGCGCCGATTGCCAC",0,0,0,0,0,0,0,0,0,0,0,0,0,0,0,0,0,0,0,0,0,0,0,0,0,0,0,0,0,0,0,0,0,0,0,0,0,0,0,0,0,0,0,0,0,0,0,0,0,0,0,0,0,0,0,0,0,0,0,0,0,0,0,0,0,0,0,0,0,0,0,0,0,0,0,0,0,0,0,0,0,0,0,0,0,0,0,0,0,0,0,0,0,0,0,0,0,0,0,0,0,0,0,0,0,0,0,0,0,0,0,0,0
"AGCTATGATTTATGGCGCCAGTCGACGCACCGG---TCGATCAGTTGTTCCGCGTGCCAC",0,2,0,0,0,0,0,5,0,0,1,0,0,0,0,1,0,1,0,1,0,0,1,0,0,0,0,0,0,0,0,0,0,1,0,1,0,0,0,0,0,0,0,0,0,0,0,1,0,0,0,0,1,1,0,0,0,0,0,0,2,0,0,1,1,1,2,2,1,4,0,1,0,1,0,3,2,2,2,1,0,0,0,2,5,0,5,0,0,1,2,2,0,0,2,0,2,0,0,1,5,1,0,1,0,0,3,1,0,1,1,0,0
"ATGGACTTTCCTTACACT---TCGCATCACCAAAAGGGTGTCTCATGTGTGGATTGTCAT",0,0,0,0,0,0,0,0,0,0,0,0,0,0,0,0,0,0,0,0,0,0,0,0,0,0,0,0,0,0,0,0,0,0,0,0,0,0,0,0,0,0,0,0,0,0,0,0,0,0,0,0,0,0,0,0,0,0,0,0,0,0,0,0,0,0,0,0,0,0,0,0,0,0,0,0,0,0,0,0,0,0,0,0,0,0,0,0,0,0,0,0,0,0,0,0,0,0,0,0,0,0,0,0,0,0,0,0,0,0,0,0,0
"CAACAGGAGTCTTTCGCCCACTCCCAGCACGCCGCAGCGCTTTCCTGCAATCAGTGCCAT",0,0,1,0,0,1,0,2,0,2,0,1,0,0,1,0,1,1,4,3,0,1,0,0,1,0,0,1,0,0,0,0,0,0,0,0,0,1,0,0,0,1,0,0,0,0,0,0,1,0,0,0,0,0,1,0,0,0,0,0,0,2,0,0,0,0,0,0,1,0,2,0,2,0,0,0,0,0,0,1,0,0,1,0,0,0,0,0,0,0,0,1,0,1,0,1,1,0,6,0,0,2,0,0,0,1,0,1,1,4,0,0,0
"CAATTTAAAAACTACTCGCACACATCACACGCCAAGGTGACTGGCTGCGAATCCTGTCAC",0,0,0,0,0,0,0,0,0,0,0,0,0,0,0,0,0,0,0,1,0,0,0,0,1,0,0,0,0,0,0,0,0,0,0,1,0,0,0,0,0,0,0,0,0,0,0,0,2,0,0,0,0,0,1,0,0,0,1,0,0,0,0,0,0,1,0,1,0,0,0,0,0,0,0,0,0,0,0,0,0,0,0,0,0,0,0,0,0,0,0,1,1,0,0,1,0,0,0,0,0,0,0,1,0,0,0,0,0,0,0,0,0
"CAGCACGACATGTTCTCGGGTAAGCCCGCAGCGCCGGAAAGCCTCTGTGTCTCTTGCCAC",0,0,0,0,0,0,0,0,0,0,0,0,0,0,0,0,0,0,0,0,0,0,0,0,0,0,0,0,0,0,0,0,0,0,0,0,0,0,0,0,0,0,0,0,0,0,0,0,0,0,0,0,0,0,0,0,0,0,0,0,0,0,0,0,0,0,0,0,0,0,0,0,0,0,0,0,0,0,0,0,0,0,0,0,0,0,0,0,0,0,0,0,0,0,0,0,0,0,0,0,0,0,0,0,0,0,0,0,0,0,0,0,0
"CAGCAG---------CCCCGGTGCCCGGTTTCCCCTCGGTCGGGTTGTATCGAGTGCCAC",0,0,0,0,1,0,0,0,0,0,0,0,0,0,0,0,0,0,0,0,0,0,0,0,0,0,0,0,0,0,0,0,0,0,0,0,0,0,0,0,0,0,0,0,0,0,0,0,0,0,0,0,0,0,0,0,0,0,0,0,0,0,0,0,0,0,0,0,0,0,0,0,0,0,0,0,0,0,0,0,0,0,0,0,0,0,0,0,0,0,0,0,0,0,0,0,0,0,0,0,0,0,0,0,0,0,0,0,0,0,0,0,0
"CAGCTCGCCTTCTGGGAATCGGGCAAGCATGCGAACGACGTCGCGTGCTCGAACTGCCAC",2,2,3,2,1,0,0,0,4,1,2,2,6,0,2,0,4,0,1,1,2,3,0,2,1,3,1,2,1,1,0,5,5,2,4,3,2,3,2,1,3,2,2,0,3,2,3,2,1,3,1,3,1,1,3,2,1,1,2,1,3,0,0,1,3,0,1,0,1,0,2,3,1,2,2,0,1,0,2,1,1,8,1,1,0,1,1,0,1,0,1,0,2,2,0,1,0,0,0,1,0,0,5,2,1,1,5,0,4,0,0,0,4
"CAGGATACAGTCTATAAATTATCTCCCCATGCCAAT---GTCACCTGTGAAGAATGTCAT",0,0,0,0,0,0,0,0,0,0,1,0,0,0,0,0,0,0,0,0,1,0,0,0,0,0,0,1,0,0,0,0,0,0,0,0,0,2,0,0,1,0,0,0,0,0,0,0,0,0,0,0,1,0,0,0,0,0,0,1,0,0,0,0,0,0,0,0,1,1,0,0,0,0,0,0,0,0,0,0,0,0,0,0,0,1,0,0,0,0,0,0,0,0,0,0,0,0,0,0,0,0,0,0,0,0,0,0,0,0,0,0,1
"CAGGCAGAGCGGCTATCGGCTCACACGCATTCCGAAGGCAGCCAGTGTTACAACTGCCAC",0,0,0,0,0,0,0,0,0,0,0,0,0,0,0,0,0,0,0,0,0,0,0,0,0,0,0,0,0,0,0,0,0,0,0,0,0,0,0,0,0,0,0,0,0,0,0,0,0,0,0,0,0,0,0,0,0,0,0,0,0,0,0,0,0,0,0,0,0,0,0,0,0,0,0,0,0,0,0,0,0,0,0,0,0,0,0,0,0,0,0,0,0,0,0,0,0,0,1,0,0,0,0,1,0,0,0,0,0,0,0,0,0
"CAGGTTCACAGCTTCTCCCGGCATCCCATTGAGGGCAAGGTCACTTGTTCTGACTGCCAT",0,0,0,0,0,0,0,0,0,0,0,0,0,0,0,0,0,0,0,0,0,0,0,0,0,0,0,0,1,0,0,0,0,1,0,0,0,0,0,0,0,0,0,0,0,0,0,0,0,0,0,0,0,0,0,0,0,0,0,0,0,1,0,0,0,0,0,0,0,0,0,0,0,0,0,0,0,0,0,0,0,0,0,0,0,0,0,0,0,0,0,0,0,1,0,0,0,0,0,0,0,1,0,0,0,0,0,0,0,0,0,0,0
"CAGTACGATGCCTGGCTCAAGAGCGGCCACCGGCACACGGCGACCTGCGTCGAATGTCAC",12,6,10,7,8,2,4,3,11,2,5,16,7,6,8,7,7,4,2,4,12,10,12,11,7,11,12,9,10,8,5,9,11,9,13,8,14,14,13,6,8,8,11,8,8,10,5,14,5,19,10,7,6,9,11,9,8,5,9,16,9,6,10,6,4,2,4,2,3,2,10,2,1,5,7,5,5,5,3,4,3,9,3,6,1,5,2,2,3,3,0,2,11,3,5,6,2,1,3,1,2,3,6,3,8,6,8,4,6,2,5,10,8
"CAGTTCGTGGCCCATCGAAGCGGGTCACACTCGAGC---GTGCCGTGCATTTCCTGTCAC",0,1,0,1,0,0,0,0,0,0,0,1,0,0,0,0,0,0,2,0,0,1,0,0,0,0,2,0,3,0,0,0,0,0,2,0,1,0,0,0,0,0,2,0,1,0,0,0,0,0,0,0,1,0,0,0,1,0,1,0,2,0,1,0,0,1,0,0,0,0,1,0,1,0,0,0,2,0,0,1,2,0,0,1,0,0,0,0,1,0,1,0,0,2,0,0,0,0,1,0,0,2,1,0,0,0,1,0,1,0,0,0,0
"CAGTTTGCCATGTTTCACCATCGTGTGAATGAAGGACTGCTGCAGTGCAGCGACTGTCAC",0,0,0,0,0,1,0,0,0,2,1,0,0,1,1,0,0,0,1,0,0,1,0,0,0,0,0,0,0,0,0,0,0,0,0,0,0,0,0,0,0,0,0,2,0,0,0,0,0,0,0,0,0,0,0,0,0,0,0,1,0,0,0,0,0,0,0,0,0,0,0,0,0,0,0,0,0,0,0,0,0,0,0,0,0,0,0,0,0,0,0,0,0,0,0,0,0,0,0,0,0,0,1,1,0,0,0,0,0,0,5,0,0
"CATTACAGCGCCTGGACGCGCGCCAGCCATCGCTCAGTCGCTGTGTGTAACGACTGCCAC",6,3,6,3,5,0,0,0,10,3,3,8,3,4,3,1,10,0,1,0,4,11,13,9,11,7,7,5,5,13,7,6,8,14,11,6,8,12,14,6,3,10,9,3,1,5,1,8,12,5,8,5,3,5,5,6,5,8,10,9,3,0,3,7,4,3,3,1,0,5,16,4,0,4,4,1,3,3,3,5,1,14,0,2,1,0,0,1,1,0,1,1,10,1,2,3,2,0,1,0,0,0,8,1,7,8,7,0,5,1,0,0,8
"CCCATCATGATCAGCAAGCACATGGGCTACGTGGGGAAGGCGCGCTGCACCTCCTGCCAC",0,0,0,0,0,0,0,0,0,0,0,0,0,0,0,0,0,0,0,0,0,0,0,0,0,0,0,0,0,0,0,0,0,0,0,0,0,0,0,0,0,0,0,0,0,0,0,0,0,0,0,0,0,0,0,0,0,0,0,0,0,0,0,0,0,0,0,0,0,0,0,0,0,0,0,0,0,0,0,0,0,0,0,0,0,0,0,0,0,1,0,0,0,0,0,0,0,0,0,0,0,0,0,0,0,0,0,0,0,0,0,0,0
"CCGTGGAATCGCTTTCAGGTCAGCGCGCATAAA---GACCTCCAGTGCCACGCGTGCCAT",1,0,0,2,1,0,0,0,0,0,0,2,0,0,0,1,3,0,0,2,1,1,0,1,2,0,0,1,1,0,2,5,1,0,0,1,0,0,1,2,0,1,0,1,1,0,1,1,0,0,0,1,1,4,1,0,1,1,1,0,0,1,1,0,1,0,0,4,1,2,1,0,1,1,1,1,0,3,1,3,0,0,4,1,0,2,1,2,3,2,5,5,3,0,3,2,3,0,3,3,0,2,1,2,4,1,1,0,1,1,4,0,3
"CCTGCGGAGGAGCTCAAGACCTCCTCCCACTATGCCAATCCCGGGTGCAAGGACTGCCAC",1,0,0,1,0,0,0,0,3,0,1,0,1,0,0,0,1,0,0,2,0,0,0,0,2,1,0,0,0,0,0,1,1,0,0,0,0,1,0,0,1,0,0,0,0,0,1,0,0,1,2,0,1,0,0,0,1,1,0,0,1,0,0,0,1,0,0,0,1,1,1,0,1,1,0,1,0,0,0,0,1,0,2,0,0,0,0,1,1,0,0,0,0,1,0,0,0,1,0,0,1,0,2,2,0,0,0,0,0,0,0,0,0
"CGACGGCTGGATCAAGAGCAGTCACCC------TCTGTCGCGGTGTGCAACGACTGTCAT",0,0,0,0,0,0,0,0,0,0,0,0,0,0,0,0,0,0,0,0,0,0,0,0,0,0,0,0,0,0,0,0,0,0,0,0,0,0,0,0,0,0,0,1,0,0,0,0,0,0,0,0,0,0,0,0,0,0,0,0,0,0,0,0,0,0,0,0,0,0,0,0,0,0,0,0,0,0,0,0,0,0,0,0,0,0,0,0,0,0,0,0,0,0,0,0,0,0,0,0,0,0,0,0,0,0,0,0,0,0,0,0,0
"CGC---ATGTTCTGGTCGGGAAGCCCGCACGAGTCGCGCATGCGCTGCGTCGACTGCCAC",0,0,0,2,0,0,0,1,0,0,2,0,0,0,0,1,0,0,1,0,1,0,0,2,0,1,1,0,1,1,0,1,0,0,0,0,0,0,0,2,0,0,0,3,2,1,0,0,0,1,0,1,0,0,0,0,1,1,0,1,3,0,0,0,0,1,0,0,0,0,1,1,0,0,1,2,1,1,0,1,0,1,1,0,0,0,0,1,0,0,2,1,0,0,0,2,0,0,0,1,0,0,0,1,0,0,0,0,0,0,0,0,0
"CGGTACGCGCGATGGTTGCTCGAGGTGCATGAT---CGCACACAGTCGAACGAGATTCAT",0,0,0,0,0,0,0,0,0,0,0,0,0,0,0,0,0,0,0,0,1,0,0,0,1,0,0,0,0,0,0,0,0,0,0,0,0,0,0,0,0,0,0,0,0,0,0,0,0,0,0,0,0,0,0,0,0,0,0,0,0,0,0,0,0,0,0,0,0,0,0,0,0,0,0,0,0,0,0,0,0,0,0,0,0,0,0,0,0,0,0,0,0,0,0,0,0,0,0,0,0,0,0,0,0,0,0,0,0,0,0,0,0
"CTAACCGCCGACTACCAGCAGTCGGCGCATGTGGCCAATTCTAGTTGCGGCAGTTGCCAC",0,0,1,1,0,0,0,0,0,0,0,0,0,0,0,0,0,0,0,0,0,0,0,0,0,0,0,0,0,0,0,0,0,0,0,0,0,1,0,0,0,0,0,0,0,0,2,0,0,0,0,0,0,0,0,0,0,0,0,0,1,0,0,0,0,0,0,0,0,0,0,0,0,0,0,0,0,0,1,0,1,0,0,0,0,0,0,0,0,2,1,0,0,0,0,0,0,1,0,0,0,0,0,0,0,0,0,0,0,0,0,0,0
"CTACAGAACTCGCTGAATTTGGAGGCGCTGACGCCCGGCGTGCAGTGCGAGCGCTGTCAC",0,0,0,0,1,1,0,0,0,1,0,0,0,0,0,0,0,0,1,0,0,0,0,0,0,0,0,0,0,0,0,0,0,0,0,0,0,0,0,0,0,0,0,0,0,0,0,0,0,0,0,0,0,0,0,0,0,0,0,0,0,0,0,0,0,0,0,0,0,0,0,0,0,0,0,0,0,0,0,0,0,0,0,0,0,0,0,0,0,0,0,0,0,0,0,0,0,0,0,0,0,0,0,0,0,0,0,0,0,0,0,0,0
"CTC------AAGCACGCGGCGTCGGTGCACTCCGGAGCGGCGACCTGCGTGGATTGCCAT",0,0,0,0,0,0,0,1,0,0,0,0,0,0,0,0,0,0,0,0,0,0,0,0,0,0,0,0,0,0,0,0,0,0,0,0,0,0,0,0,0,0,0,0,0,0,0,0,1,0,0,0,0,0,0,0,0,1,0,0,0,0,0,0,0,0,0,0,0,0,0,0,0,0,0,0,0,0,0,0,0,0,0,0,0,0,0,0,0,0,0,0,0,0,0,0,0,0,0,0,0,0,0,0,0,1,0,1,0,0,2,0,1
"GAACATTCCAATTTTGCGCGCCAGGCGCACAACAACAATGTGAGTTGCATTGATTGTCAC",1,1,1,1,0,6,2,2,1,4,3,0,3,3,2,1,1,1,0,0,1,3,2,0,2,3,1,2,1,1,3,2,1,5,2,4,1,0,0,1,3,1,0,1,4,3,3,2,0,2,1,2,1,2,1,1,0,5,0,0,1,2,3,2,3,4,2,3,2,3,4,3,0,1,4,2,3,2,4,3,3,2,6,6,3,2,7,4,2,5,4,2,1,5,3,2,5,6,7,4,4,4,3,0,1,3,2,3,5,2,3,4,1
"GAAGCGCGCGCCTTCGACCAGGGTTCGCACGCGGGG---ATCCTGTGCGTCGATTGCCAC",0,0,0,0,2,0,0,0,0,0,1,0,0,1,0,0,0,0,0,0,0,0,0,0,1,0,1,0,0,0,0,0,0,0,0,0,0,0,0,0,0,0,0,0,0,1,0,0,0,0,0,0,1,0,0,0,0,0,0,0,0,0,0,0,0,1,0,0,0,0,0,0,1,1,0,0,0,0,0,0,0,1,1,0,0,0,0,0,0,0,0,0,1,0,1,0,0,0,0,0,0,0,1,0,0,1,2,0,0,0,0,0,1
"GAAGGGAACGATTGGGTCTTCCGCCGTCACATGGCCGAGCGCACCACCAACACCGGTGCT",0,0,0,0,0,0,0,0,0,0,0,0,0,0,0,0,0,0,0,0,0,0,0,0,0,0,0,0,0,0,0,0,0,0,0,0,0,0,0,0,0,0,0,0,0,0,0,0,0,0,0,0,0,0,0,0,0,0,0,0,0,0,0,0,0,0,0,0,0,0,0,0,0,0,0,0,0,0,0,0,0,0,0,0,0,0,0,0,0,0,0,0,0,0,0,0,0,0,0,0,0,0,0,0,0,0,0,0,0,0,0,0,0
"GAATTCCGGCTGCCCCAGCACCCGGTCCTGGAAGGCAAACTGACTTGCGTCCAGTGCCAT",0,2,0,1,1,1,1,5,0,1,0,0,0,1,0,1,0,4,1,0,0,0,0,0,2,0,0,0,0,0,0,0,0,0,0,1,0,0,0,1,0,0,0,0,0,0,0,0,3,0,1,0,0,0,0,0,0,0,0,0,0,1,0,0,0,0,0,2,1,0,0,0,0,3,0,1,1,0,0,0,0,0,1,0,0,0,0,0,0,0,0,1,0,0,0,0,1,0,0,0,0,0,1,0,1,0,1,0,0,0,0,2,2
"GACGCGAAGCTGCACGGTAAAGACAGCGCCGAGGAAGGCGTGAGCTGCGCAGCCTGCCAC",0,0,0,0,0,0,0,0,0,0,0,0,0,0,0,0,0,0,0,0,0,0,0,0,0,0,0,0,0,0,0,0,0,0,0,0,0,0,0,0,0,0,0,0,0,0,0,0,0,0,0,0,0,0,0,0,0,0,0,0,0,0,0,0,0,0,0,0,0,0,0,0,0,0,0,0,0,0,0,0,0,0,0,0,0,0,0,0,0,0,0,0,0,0,0,0,0,0,0,0,0,0,0,0,0,0,0,0,0,0,0,0,0
"GAGCGGTTCCAATTCCGGCGTAGTGAGCATAAGACGGGGGTTGCGTGTAACGACTGTCAT",0,1,0,0,0,0,0,0,0,0,0,0,0,0,0,0,0,0,0,0,0,0,0,0,0,0,0,0,1,0,0,1,0,2,0,0,0,0,0,0,0,0,0,0,1,0,0,0,0,0,2,0,0,0,0,1,1,2,0,0,0,0,0,0,0,0,0,0,0,0,0,0,0,0,0,0,0,0,0,0,0,0,0,0,0,0,0,0,0,0,0,0,0,0,0,1,0,0,0,0,0,0,0,0,0,0,0,0,0,0,0,0,0
"GAGTACACGGCGTATCAGCTTTCATCGCACGCG---CGCGTGGCTTGCGTGGAGTGCCAC",13,15,12,11,3,14,3,5,13,5,15,8,16,8,10,8,17,9,9,4,7,9,8,13,9,8,12,15,13,14,20,9,13,6,10,14,14,12,10,16,20,16,16,11,15,14,19,13,14,8,10,17,14,17,14,20,18,12,14,13,12,21,19,17,26,21,23,18,19,13,4,21,24,17,20,18,16,19,12,20,26,9,10,16,27,20,18,25,22,20,19,14,9,22,19,22,24,25,18,21,28,17,14,9,16,23,8,20,5,11,10,15,12
"GCATGGACTACCTGGAAGCAAGGTCCCCACAACAAG------------CTCGATTGTCAT",0,0,1,0,0,0,0,0,0,0,0,0,0,0,0,0,0,0,0,0,0,0,0,0,0,0,0,0,1,0,0,0,0,0,0,0,0,0,0,0,0,0,0,0,0,0,1,0,0,0,0,0,0,0,0,0,0,0,0,0,0,0,0,0,0,1,0,0,0,0,0,0,0,0,0,0,0,0,0,0,0,0,0,0,0,0,0,0,0,0,0,0,0,0,0,0,0,0,0,0,0,0,0,0,0,0,0,0,0,0,0,0,0
"GCCATGAAGAACTTCCCCACATCCACACATGCCACAGCAGTCACATGTGTGAACTGTCAT",0,0,0,0,0,0,0,0,0,0,0,0,0,0,0,0,0,0,0,0,0,0,0,0,0,0,0,0,0,0,0,0,0,0,0,0,0,0,0,0,0,0,0,0,0,0,0,0,0,0,0,1,0,0,0,0,0,0,0,0,0,0,0,0,0,0,0,0,0,0,0,0,0,0,0,0,0,0,0,0,0,0,0,0,0,0,0,0,0,0,0,0,0,0,0,0,0,0,0,0,0,0,0,0,0,0,0,0,0,0,0,0,0
"GCCTACACACGTGCCGTGCACGCTTCCGCGCATCGTTCCGCCACCTGTCTTGATTGCCAC",0,0,0,0,0,0,0,0,0,0,0,0,0,0,0,0,0,0,0,0,0,0,0,0,0,0,0,0,0,0,0,0,0,0,0,0,0,0,0,0,0,0,0,0,0,0,0,0,0,0,0,0,0,1,0,0,0,0,0,0,0,0,0,0,0,0,0,0,0,0,0,0,0,0,0,0,0,0,0,0,0,0,0,0,0,2,0,0,0,0,1,0,0,0,0,1,0,0,0,0,1,0,0,0,0,0,0,0,0,0,0,0,0
"GCCTTCCAGCGATTCACCACTGCGACGAACAAGGCCGAGCAGTCGTGCCACTCCTGCCAC",1,0,0,1,0,0,0,0,2,1,0,0,0,0,0,0,0,0,0,0,1,2,0,1,0,0,0,1,0,0,1,0,0,1,1,0,1,0,0,2,1,0,0,3,0,0,0,0,1,1,0,0,0,0,1,1,1,1,1,0,0,0,1,0,0,0,0,0,0,1,0,0,0,0,0,0,0,0,0,0,0,0,0,0,0,0,0,0,0,0,0,0,0,0,0,0,0,0,0,0,1,0,1,0,0,0,0,0,1,0,0,0,0
"GCGCAGTCCCATACAAAACATGCGCCGGGTTCAACCGGTTCGAGCTGTGTCGGCTGTCAC",0,0,0,0,0,0,0,0,0,0,0,0,0,0,0,0,0,0,0,0,0,0,0,0,0,0,0,0,0,0,0,0,0,0,0,0,0,0,0,0,0,0,0,0,0,0,0,0,0,0,0,0,0,0,0,0,0,0,0,0,0,0,0,0,0,1,0,0,0,0,0,0,0,0,0,0,0,0,0,0,0,0,0,0,0,0,0,0,0,0,0,0,0,0,0,0,0,0,0,0,0,0,0,0,0,0,0,0,0,0,0,0,0
"GCGCGCCAGGACTGGATCGGTTCGGTGCACCAGCAACAACTCGGCTGCACCGACTGCCAC",0,5,5,5,17,18,27,20,0,16,10,1,5,10,12,15,0,23,19,21,0,2,1,0,0,2,1,2,3,2,2,3,1,5,1,2,1,0,2,0,1,1,1,3,5,2,1,3,1,1,0,0,4,3,3,4,1,1,0,1,1,2,1,1,1,1,3,6,3,5,0,3,4,4,1,0,1,2,2,5,1,0,4,2,6,6,5,3,3,4,4,5,3,4,5,4,5,4,1,5,2,8,1,9,1,0,5,8,6,15,7,6,2
"GCGTACGGGAAGTACGGAAAGACGAAGCACTCG---AAACTTTCGTGTCACGACTGTCAT",1,1,0,0,2,0,0,0,0,1,0,0,1,1,0,0,1,0,0,0,0,1,1,0,0,0,1,1,0,0,0,0,1,0,0,0,0,0,0,0,0,2,1,0,1,2,0,1,0,0,0,2,2,0,1,0,0,1,0,0,0,0,0,0,0,0,0,0,0,0,1,0,0,0,1,0,1,0,0,0,0,0,0,0,0,0,0,0,0,0,0,0,0,1,0,0,0,0,0,0,0,0,0,0,0,0,0,0,0,0,0,0,0
"GCTCACAACAACGTCCGACGGGGCGAACACCGTAATAATATAGGGTGCGCGCAGTGCCAC",0,0,0,0,0,0,0,0,0,0,0,0,0,0,0,0,0,0,0,0,2,0,0,0,0,0,0,0,0,0,0,0,0,0,0,0,0,0,0,0,1,0,0,1,0,0,0,0,0,0,1,0,1,0,0,0,1,0,0,1,0,0,0,0,0,0,0,0,0,0,0,0,0,0,0,0,1,0,0,0,0,0,0,0,0,0,0,0,0,0,0,0,0,0,0,0,0,0,0,0,0,0,0,0,0,0,0,0,0,0,0,0,1
"GGACCGTTTACTTATGAACACGCTCCCGTAAAAGAG---GAAGGCTGCGTCGCATGTCAC",0,0,0,2,1,0,0,0,0,4,0,0,3,0,1,1,0,0,0,0,0,0,0,1,0,0,0,0,0,0,0,0,0,1,0,1,0,0,0,0,0,0,0,0,0,1,1,0,0,1,0,0,0,1,0,0,0,0,2,0,0,0,0,0,0,0,0,0,0,0,0,0,0,0,0,0,1,0,0,0,1,0,0,0,0,1,0,0,0,0,0,0,0,0,0,0,0,0,1,0,0,0,1,1,0,0,0,0,1,0,0,0,0
"GGCCACGAGACCATGCAGGCCAGCGCCGGCAAGAAGGAACCCGTCTGCCGGAACTGCCAC",0,0,0,0,0,0,0,0,0,0,0,0,0,0,0,0,0,0,0,0,0,0,0,0,0,0,0,0,0,0,0,0,0,0,0,0,0,0,0,0,0,0,1,0,0,0,0,0,0,0,0,1,0,0,0,0,0,0,0,0,0,0,0,0,0,0,0,0,0,0,0,0,0,0,0,0,0,0,0,0,0,0,0,0,0,0,0,0,0,0,0,0,0,0,0,0,0,0,0,0,0,0,0,0,0,0,0,0,0,0,0,0,0
"GGCCCCTATGCCTACGAGCATGAG------GCCACCCGGGAAGGCTGCACCGTCTGTCAT",0,0,0,0,0,0,0,0,0,0,0,0,0,0,0,0,0,0,0,0,0,0,0,0,0,0,0,0,0,0,0,0,0,0,0,0,0,0,0,0,0,0,0,0,0,0,0,0,0,0,0,0,0,0,0,0,0,0,0,0,0,0,0,0,0,0,0,0,0,0,0,0,0,0,0,0,0,0,0,0,0,0,0,0,0,0,0,0,0,0,0,0,0,0,0,0,0,0,0,0,0,0,0,0,0,0,0,0,0,0,0,0,0
"GGTCACGCGGATTGGCTTCCTGATGCTCACATGGCAGCCGTCGCCTGCGAGACCTGTCAT",0,0,0,0,0,0,0,0,0,0,0,0,0,0,0,0,0,0,0,0,0,0,0,0,0,0,0,0,0,0,0,0,1,0,0,1,0,0,0,0,0,0,0,0,0,0,0,0,0,0,0,0,0,0,0,0,0,0,0,0,0,0,0,0,0,0,0,0,0,0,0,0,0,0,0,0,0,0,0,0,0,0,0,0,0,0,0,1,0,0,0,0,0,0,0,0,0,0,0,0,0,0,0,0,0,0,0,0,0,0,0,0,0
"GGTTGGATGGCGTTTTTGCAGGCGTCCAGGTCGCCACCAGCCGGTTGCGCCCAGCGTCAC",0,0,0,0,0,0,0,0,0,0,0,0,0,0,0,0,0,0,0,0,0,0,0,0,0,0,0,0,0,0,0,0,0,0,0,0,0,0,0,0,0,0,0,0,0,0,0,0,0,0,0,0,0,0,0,0,0,0,0,0,0,0,0,0,0,0,0,0,0,0,0,0,0,0,0,0,0,0,0,0,0,0,0,0,0,0,0,0,0,0,0,0,0,0,0,0,0,0,0,0,0,0,0,1,0,0,0,0,0,0,0,0,0
"GTCGCCGAACATACGCATCATGCATCCGGCTCCGAAGCGAGTCAATGCGTCTCCTGCCAC",0,0,0,0,0,0,0,0,0,0,0,0,0,0,0,0,0,0,1,0,0,0,0,0,0,0,0,0,0,0,0,0,0,0,0,0,0,0,0,0,0,0,0,0,0,0,0,0,0,0,0,0,0,0,0,0,0,0,0,0,0,0,0,0,0,0,0,0,0,0,0,0,0,0,0,0,0,0,0,0,0,0,0,0,0,1,0,0,0,0,0,0,0,0,0,0,0,0,0,0,0,0,0,2,0,0,0,0,0,0,0,1,0
"GTCTACGCCAACTGGCGCTCGTCAAGCCATCGTGGA---ATTGCCTGCGAAAAGTGCCAT",0,0,0,0,0,0,0,0,0,0,0,0,0,0,0,0,0,0,0,0,1,1,0,0,0,0,0,0,0,0,0,0,0,0,0,0,0,0,0,0,0,0,0,0,0,0,0,0,0,0,0,0,0,0,0,0,0,0,0,0,0,0,0,1,0,0,0,0,1,1,1,0,0,0,1,1,0,2,1,0,0,0,1,0,0,1,0,0,1,0,0,0,0,1,0,0,0,0,0,0,1,0,0,0,0,0,0,0,0,0,1,0,0
"GTCTATCAGCGTTTTCAACAAAGCAAACATCACCGCGTCGCGAAC---TTGCGCTGCCAT",0,0,0,0,0,0,0,0,0,0,0,0,0,0,0,0,0,0,0,0,1,0,0,0,0,0,0,0,0,0,0,0,0,0,0,0,0,0,0,0,0,0,0,0,0,0,0,0,0,0,0,0,0,0,0,0,0,0,0,0,0,0,0,0,0,0,0,0,0,0,0,0,0,0,0,0,0,0,0,0,0,0,0,0,0,0,0,0,0,0,0,0,0,0,0,0,0,1,0,0,0,0,0,0,0,0,0,0,0,0,0,0,0
"GTCTTCGCCGAATACAAGGACACCATCCACGACAAGCGTGCCACCTGCCCCGACTGCCAT",8,9,5,8,6,4,5,4,4,3,4,7,4,6,3,9,5,1,2,6,7,3,7,3,8,8,6,8,6,6,8,5,6,3,6,5,7,3,7,9,5,5,4,10,4,5,5,5,3,5,8,6,5,5,6,5,6,4,5,3,11,9,9,9,2,5,4,7,10,7,3,9,10,6,5,10,10,8,18,3,3,4,9,2,4,2,7,6,7,6,5,10,5,2,6,4,1,7,3,5,3,4,2,6,8,1,5,11,7,11,7,5,3
"GTGATCAACGATTGGAAAGTCAGCCGCCATGCGCCGAAGATCGGTTGCGTGGAGTGTCAT",0,1,2,0,0,0,2,0,0,0,1,0,0,4,0,0,0,0,1,0,5,1,2,2,1,5,0,2,2,1,0,3,0,0,0,0,0,1,0,1,0,2,0,3,0,3,4,0,2,1,2,3,4,0,0,0,1,4,1,0,1,2,1,4,2,4,1,1,1,0,1,1,2,2,2,0,0,3,1,2,3,1,3,5,2,3,1,4,4,4,2,2,2,2,2,0,4,4,3,3,0,0,1,2,1,2,0,0,0,1,0,2,0
"GTGATGCAGCGCTTCGTGCCCGAGAAAGATCCGCACAAAGGGCGATGCGGCGATTGCCAC",0,0,1,0,0,0,0,0,0,0,0,0,0,0,0,0,0,0,0,0,0,0,0,0,0,0,2,0,0,0,0,0,0,0,0,0,0,0,0,0,0,0,0,0,0,0,1,0,0,0,2,0,0,0,0,0,0,0,1,0,0,0,0,0,0,0,0,0,0,0,0,0,1,0,0,0,0,0,0,0,0,0,0,0,0,0,0,0,0,0,0,0,0,0,0,0,0,0,0,0,0,0,0,0,0,0,0,0,0,0,0,0,0
"GTGCGGGCACAATTCCAATTGCCTCATCACGAAGGCAAAATGAGCTGCGCCGATTGTCAC",0,0,0,0,0,0,1,0,0,1,0,0,0,0,0,0,0,0,0,0,0,0,0,0,0,0,0,0,0,1,0,0,0,0,0,0,0,0,1,0,0,0,0,0,0,0,0,0,0,0,1,0,0,0,0,0,0,0,0,0,0,0,0,0,0,0,0,0,0,0,0,0,0,0,0,0,0,0,0,0,1,0,1,0,0,0,0,0,0,0,0,0,0,0,0,0,0,0,0,0,0,0,0,1,0,0,0,0,0,0,0,0,0
"GTGCTCGCCGATTTCGACGAAGAACGAGACCCTCACGGCGGAAAGTGCGGAACGTGTCAC",0,0,1,0,0,0,0,0,0,0,0,0,0,1,0,0,0,0,1,0,0,0,1,0,0,0,0,0,0,1,1,0,0,0,0,0,0,0,0,1,0,0,1,0,0,0,0,0,0,0,0,0,1,0,0,0,0,0,0,0,0,0,0,0,0,0,0,0,0,0,0,0,0,0,1,1,0,0,0,0,0,0,0,0,0,0,0,0,0,0,0,0,0,0,0,0,0,0,0,0,0,0,0,0,0,0,1,0,3,0,1,0,0
"GTGTATGAATCGTTCCTGGAAAGCAAGTTCCACAAGAACATTAAATGCAGCGATTGCCAC",0,0,0,0,0,0,0,0,0,0,0,0,0,0,0,0,0,0,0,0,0,0,0,0,0,0,0,0,0,0,0,0,0,0,0,0,0,0,0,0,0,0,0,0,0,0,0,0,0,0,0,0,0,0,0,0,0,1,0,0,0,0,0,0,0,0,0,0,0,0,0,0,0,0,0,0,0,0,0,0,0,0,0,0,0,0,0,0,0,0,0,0,0,0,0,0,0,0,0,0,0,0,0,0,0,0,0,0,0,0,0,0,0
"GTTTGGGAGGAGTACCGCTCGTCGCCCGCGGCGAAGGAAATCACCTGCCAGCAATGCCAC",0,0,0,0,0,0,0,0,0,0,0,0,0,0,0,0,0,0,0,0,0,0,0,0,0,0,0,0,0,0,0,0,0,0,0,0,0,0,0,0,0,0,0,0,0,0,0,0,0,0,0,0,0,0,0,0,0,0,0,0,0,0,0,0,0,0,0,0,0,0,0,0,0,0,0,0,0,0,0,0,0,0,0,0,0,0,0,0,0,0,0,0,0,0,0,0,0,0,0,1,0,0,0,0,0,0,0,0,0,0,0,0,0
"TACAGCATGGACTTTTCATACACTTCCCACAGTAAACAGTTATCCTGTGTGGATTGCCAT",0,0,0,0,0,0,0,0,0,0,0,0,0,0,0,0,0,0,0,0,1,0,0,0,0,0,0,0,0,0,0,0,0,0,0,1,0,0,0,0,0,0,0,0,0,0,0,0,1,0,0,0,0,0,0,0,0,0,0,0,0,0,0,0,0,2,0,0,0,0,0,0,0,0,0,0,0,0,0,0,0,0,0,0,0,0,0,0,0,0,0,0,0,0,0,0,0,0,0,0,0,0,0,0,0,0,0,0,0,0,0,0,0
"TATTACGTCTCCTGGCAAGAATCAAGTCCC---CGCGATGTCCCCTGTATCAAATGCCAT",0,0,0,0,0,0,0,0,0,0,0,0,0,0,0,0,0,0,0,0,0,0,0,0,0,0,0,0,0,0,0,0,0,0,0,0,0,0,0,0,0,0,0,0,0,0,0,0,0,0,0,0,0,0,0,0,0,0,0,0,0,0,0,0,0,0,0,0,0,0,0,0,0,0,0,0,0,0,0,0,0,0,0,0,0,0,0,0,0,0,0,0,0,0,0,0,0,0,0,0,0,0,0,0,0,0,0,0,0,0,0,0,0
"TCCCAGCCTTCAGATCCTGAATCGAACCACCGTCATAACCAACCTTGTATCCGTTGTCAC",0,0,0,0,0,0,0,0,0,0,0,0,0,0,0,0,0,0,0,0,0,0,0,0,0,0,0,0,0,0,0,0,0,0,0,0,0,0,0,0,0,0,0,0,0,0,0,0,0,0,0,0,0,0,0,0,0,0,0,0,0,0,0,0,0,0,0,0,0,0,0,0,0,0,0,0,0,0,0,0,0,0,0,0,0,0,0,0,0,0,0,0,0,0,0,0,0,0,0,0,0,0,0,0,0,0,0,0,0,0,0,1,0
"TCGCGCGCCAATATTCGCCGCTCCTCCCATACCCAGGACGTGGTGTGTTCTAATTGCCAT",0,1,0,0,0,0,0,0,0,0,0,0,0,0,0,0,0,0,0,0,0,0,0,0,0,0,0,0,0,0,0,0,0,0,0,0,1,0,0,0,0,0,0,0,0,0,0,0,0,0,0,0,1,0,1,0,0,0,0,2,0,2,0,0,0,0,2,2,2,1,0,0,0,1,0,1,0,0,0,0,1,0,1,2,0,1,0,0,0,1,0,0,0,0,0,0,0,0,0,0,1,0,0,1,0,1,1,0,0,0,0,2,0
"TCGTATGGCGAGTGGTTAGCAAGCCCTTATAGTAACGGTATGACCTGTCAGGATTGTCAC",0,0,0,0,0,0,1,0,0,0,0,0,0,0,1,0,0,0,0,0,0,0,0,0,0,0,0,0,0,0,0,0,0,0,0,0,0,0,0,1,0,0,0,0,0,0,0,0,0,0,0,0,0,0,0,0,0,0,0,0,0,0,0,0,0,0,1,0,0,0,0,0,0,0,0,0,0,0,0,0,0,0,0,0,0,0,0,0,0,0,0,0,0,1,0,0,0,0,0,0,0,0,0,0,0,0,0,0,0,0,0,0,0
"TCTCTTGCGGGCCATCCGAACAGCTTGCATAAGAATCAGATTGCTTGCACAGACTGCCAC",0,0,0,0,0,0,0,0,0,0,0,0,0,0,0,0,0,0,0,0,0,0,0,0,0,0,0,0,0,0,0,0,0,0,0,0,0,0,0,0,0,0,0,0,0,0,0,0,0,0,0,0,0,0,0,0,0,0,0,0,0,0,0,0,0,0,0,0,0,0,0,0,0,0,0,0,0,0,0,0,0,0,0,0,0,0,0,0,0,0,0,0,0,0,0,0,0,0,0,0,0,0,0,0,0,0,0,0,0,0,0,0,0
"TGCCGCACCACGGTCAGACAAGCGAGCCATCCCCCC---GACACTTGCATTTCCTGCCAC",0,0,0,0,0,0,0,0,0,0,0,1,0,0,0,0,0,0,0,0,0,0,0,0,0,0,0,0,0,0,0,0,0,0,0,0,0,0,0,0,0,0,0,0,0,0,0,0,0,0,0,0,0,0,0,0,0,0,0,0,0,0,0,0,0,0,0,0,0,0,0,0,0,0,0,0,0,0,0,0,0,0,0,0,0,0,0,0,0,0,0,0,0,0,0,0,0,0,0,0,0,1,0,0,0,0,0,0,0,0,0,0,0
"TTCACCAGCGCGGTTCACACCTCTGCCCAT---CGCAGCGCTACATGTCTCGATTGTCAT",0,0,0,0,0,0,0,0,2,0,0,0,0,0,0,0,0,0,0,0,0,0,0,0,0,0,0,0,0,0,0,0,0,0,0,0,0,0,0,0,0,0,0,0,0,0,0,0,0,0,0,0,0,0,0,0,0,0,0,0,0,0,0,0,0,0,1,0,0,2,0,0,0,0,0,1,0,0,0,0,0,0,0,0,0,1,0,0,0,0,0,0,0,0,1,0,0,0,0,1,0,1,0,2,0,1,0,0,0,1,0,0,0
"TTTGTTGCTACTGTGATCACTCCGCATGAACGTGCAGGCATGAGCTGTATCGACTGTCAT",0,0,0,0,0,0,0,0,0,0,0,0,0,0,0,0,0,0,0,0,0,0,0,0,0,0,0,0,0,0,0,0,0,0,0,0,0,0,0,0,0,0,0,0,0,0,0,0,0,0,0,0,0,0,0,0,0,0,0,0,0,0,0,0,0,0,0,0,0,0,0,0,0,0,0,0,0,0,0,0,0,0,0,0,0,0,0,0,0,0,0,0,0,0,0,0,0,0,0,0,0,0,0,0,0,0,0,0,0,0,0,0,0
"TTTTATCAAAGTTGGAGAACATCCGCTCATAAT---AAGGTAGATTGTGTTGAATGCCAT",0,0,0,0,0,0,0,0,0,0,0,0,0,0,0,0,0,0,0,0,0,0,0,0,0,0,1,0,0,0,0,0,0,0,0,0,0,0,0,0,0,0,1,0,0,0,0,0,0,0,0,0,0,0,0,0,0,0,2,0,0,0,0,0,0,0,0,0,0,0,0,0,0,0,0,0,0,0,0,0,0,0,0,0,0,0,0,0,1,0,0,0,0,1,0,0,0,0,0,0,0,1,0,0,0,0,0,0,0,0,0,0,0
